"Envelope_ID","PopName","Pop_ID","PopCode2.x","Date_collected","stems","Clump_size","Notes","Type","Flower_number2","Fruit2","Total_seeds_counted","max_fruit","solo_fruit_count","seed_counted_in_solo_fruit","var_seeds","stdev_seeds","Seeds_per_fruit","PopCode2.y","Lat","Long","L","M","S"
"148","Jock River I","M8","ON.M8",2015-10-13,"1","40",NA,"M",150,150,224,"16",3,49,64.3333333333333,8.02080627701064,14,"ON.M8","45.257674","-75.740428","0","0","79"
"609","Jock River I","M8","ON.M8",2015-10-13,"1","20",NA,"M",30,30,173,"15",1,9,NA,NA,11.5333333333333,"ON.M8","45.257674","-75.740428","0","0","79"
"455","Jock River I","M8","ON.M8",2015-10-13,"1","20",NA,"M",65,65,457,"23",0,0,NA,NA,19.8695652173913,"ON.M8","45.257674","-75.740428","0","0","79"
"617","Jock River I","M8","ON.M8",2015-10-13,"1","30",NA,"M",80,80,281,"21",0,0,NA,NA,13.3809523809524,"ON.M8","45.257674","-75.740428","0","0","79"
"421","Jock River I","M8","ON.M8",2015-10-13,"1","40",NA,"M",70,65,82,"5",5,82,18.8,4.33589667773576,16.4,"ON.M8","45.257674","-75.740428","0","0","79"
"15","Jock River I","M8","ON.M8",2015-10-13,"1","20",NA,"M",45,40,90,"5",0,0,NA,NA,18,"ON.M8","45.257674","-75.740428","0","0","79"
"571","Jock River I","M8","ON.M8",2015-10-13,"1","30",NA,"M",20,20,411,"19",0,0,NA,NA,21.6315789473684,"ON.M8","45.257674","-75.740428","0","0","79"
"688","Jock River I","M8","ON.M8",2015-10-13,"1","5",NA,"M",60,55,44,"5",5,44,64.2,8.01249024960405,8.8,"ON.M8","45.257674","-75.740428","0","0","79"
"7","Jock River I","M8","ON.M8",2015-10-13,"1","20",NA,"M",80,80,180,"12",0,0,NA,NA,15,"ON.M8","45.257674","-75.740428","0","0","79"
"41","Jock River I","M8","ON.M8",2015-10-13,"1","20",NA,"M",90,90,85,"5",0,0,NA,NA,17,"ON.M8","45.257674","-75.740428","0","0","79"
"357","Jock River I","M8","ON.M8",2015-10-13,"1","20",NA,"M",90,88,97,"6",0,0,NA,NA,16.1666666666667,"ON.M8","45.257674","-75.740428","0","0","79"
"68","Jock River I","M8","ON.M8",2015-10-13,"1","30",NA,"M",130,125,93,"5",0,0,NA,NA,18.6,"ON.M8","45.257674","-75.740428","0","0","79"
"30","Jock River I","M8","ON.M8",2015-10-13,"1","40",NA,"M",55,55,130,"6",0,0,NA,NA,21.6666666666667,"ON.M8","45.257674","-75.740428","0","0","79"
"1","Jock River I","M8","ON.M8",2015-10-13,"1","12","sole stem in 12 with flowers","M",14,8,41,"8",3,12,1,1,5.125,"ON.M8","45.257674","-75.740428","0","0","79"
"247","Jock River I","M8","ON.M8",2015-10-13,"1","30",NA,"M",12,12,89,"5",0,0,NA,NA,17.8,"ON.M8","45.257674","-75.740428","0","0","79"
"407","Jock River I","M8","ON.M8",2015-10-13,"1","25",NA,"M",65,65,376,"16",0,0,NA,NA,23.5,"ON.M8","45.257674","-75.740428","0","0","79"
"59","Jock River I","M8","ON.M8",2015-10-13,"1","12",NA,"M",45,45,530,"21",2,40,2,1.4142135623731,25.2380952380952,"ON.M8","45.257674","-75.740428","0","0","79"
"261","Jock River I","M8","ON.M8",2015-10-13,"1","25","large plant and still green ","M",20,20,52,"5",5,52,37.8,6.14817045957576,10.4,"ON.M8","45.257674","-75.740428","0","0","79"
"67","Jock River I","M8","ON.M8",2015-10-13,"1","15",NA,"M",45,45,563,"27",0,0,NA,NA,20.8518518518519,"ON.M8","45.257674","-75.740428","0","0","79"
"118","Jock River I","M8","ON.M8",2015-10-13,"1","15",NA,"M",80,80,417,"21",0,0,NA,NA,19.8571428571429,"ON.M8","45.257674","-75.740428","0","0","79"
"367","Jock River I","M8","ON.M8",2015-10-13,"1",">20","in large clump with more than 20 stems","M",100,100,33,"4",4,33,46.9166666666667,6.84957419601151,8.25,"ON.M8","45.257674","-75.740428","0","0","79"
"48","Jock River I","M8","ON.M8",2015-10-13,"1","20",NA,"M",25,25,88,"4",0,0,NA,NA,22,"ON.M8","45.257674","-75.740428","0","0","79"
"629","Jock River I","M8","ON.M8",2015-10-13,"1","20",NA,"M",80,77,78,"5",2,11,0.5,0.707106781186548,15.6,"ON.M8","45.257674","-75.740428","0","0","79"
"603","Jock River I","M8","ON.M8",2015-10-13,"1","35",NA,"M",20,20,63,"5",0,0,NA,NA,12.6,"ON.M8","45.257674","-75.740428","0","0","79"
"423","Jock River I","M8","ON.M8",2015-10-13,"1","40",NA,"M",100,100,108,"5",3,64,10.3333333333333,3.21455025366432,21.6,"ON.M8","45.257674","-75.740428","0","0","79"
"450","Jock River I","M8","ON.M8",2015-10-13,"1","25",NA,"M",90,90,83,"4",2,34,2,1.4142135623731,20.75,"ON.M8","45.257674","-75.740428","0","0","79"
"380","Jock River I","M8","ON.M8",2015-10-13,"1","30",NA,"M",100,99,97,"6",3,41,6.33333333333333,2.51661147842358,16.1666666666667,"ON.M8","45.257674","-75.740428","0","0","79"
"642","Jock River I","M8","ON.M8",2015-10-13,"1",NA,NA,"M",70,65,117,"8",2,17,24.5,4.94974746830583,14.625,"ON.M8","45.257674","-75.740428","0","0","79"
"398","Jevins","M2","ON.M2",2015-10-25,"1",NA,"plants were interspersed among tall grasses. Estimates of clump size could not be obtained. ","M",44,25,42,"5",5,42,14.8,3.84707681233427,8.4,NA,NA,NA,NA,NA,NA
"304","Jevins","M2","ON.M2",2015-10-25,"1",NA,NA,"M",6,3,4,"3",3,4,0.333333333333333,0.577350269189626,1.33333333333333,NA,NA,NA,NA,NA,NA
"237","Jevins","M2","ON.M2",2015-10-25,"1",NA,"these fruits likely have 1 seed so fruit num might need adjusting","M",18,5,6,"5",5,6,1.7,1.30384048104053,1.2,NA,NA,NA,NA,NA,NA
"11","Jevins","M2","ON.M2",2015-10-25,"1",NA,NA,"M",4,0,0,"4",4,0,0,0,0,NA,NA,NA,NA,NA,NA
"214","Jevins","M2","ON.M2",2015-10-25,"1",NA,"1 fruit has 1 seed and other had 2 seeds, both have what looks like aborted seed","M",3,2,1,"2",2,1,0.5,0.707106781186548,0.5,NA,NA,NA,NA,NA,NA
"288","Jevins","M2","ON.M2",2015-10-25,"1",NA,NA,"M",21,20,21,"7",7,21,1.66666666666667,1.29099444873581,3,NA,NA,NA,NA,NA,NA
"163","Jevins","M2","ON.M2",2015-10-25,"1",NA,NA,"M",10,3,9,"3",1,0,NA,NA,3,NA,NA,NA,NA,NA,NA
"241","Jevins","M2","ON.M2",2015-10-25,"1",NA,NA,"M",37,13,21,"6",0,0,NA,NA,3.5,NA,NA,NA,NA,NA,NA
"425","Jevins","M2","ON.M2",2015-10-25,"1",NA,NA,"M",25,17,21,"7",1,1,NA,NA,3,NA,NA,NA,NA,NA,NA
"387","Jevins","M2","ON.M2",2015-10-25,"1",NA,NA,"M",12,11,41,"5",0,0,NA,NA,8.2,NA,NA,NA,NA,NA,NA
"575","Jevins","M2","ON.M2",2015-10-25,"1",NA,NA,"M",6,5,22,"6",6,22,22.6666666666667,4.76095228569523,3.66666666666667,NA,NA,NA,NA,NA,NA
"600","Jevins","M2","ON.M2",2015-10-25,"1",NA,NA,"M",9,9,30,"5",3,11,8.33333333333333,2.88675134594813,6,NA,NA,NA,NA,NA,NA
"73","Jevins","M2","ON.M2",2015-10-25,"1",NA,NA,"M",11,10,29,"6",2,6,2,1.4142135623731,4.83333333333333,NA,NA,NA,NA,NA,NA
"548","Jevins","M2","ON.M2",2015-10-25,"1",NA,NA,"M",21,10,58,"7",1,2,NA,NA,8.28571428571429,NA,NA,NA,NA,NA,NA
"23","Jevins","M2","ON.M2",2015-10-25,"1",NA,NA,"M",15,7,16,"4",0,0,NA,NA,4,NA,NA,NA,NA,NA,NA
"465","Jevins","M2","ON.M2",2015-10-25,"1",NA,NA,"M",14,14,30,"5",1,1,NA,NA,6,NA,NA,NA,NA,NA,NA
"485","Jevins","M2","ON.M2",2015-10-25,"1",NA,NA,"M",33,20,42,"6",2,13,4.5,2.12132034355964,7,NA,NA,NA,NA,NA,NA
"668","Jevins","M2","ON.M2",2015-10-25,"1",NA,NA,"M",31,26,88,"6",1,4,NA,NA,14.6666666666667,NA,NA,NA,NA,NA,NA
"405","Jevins","M2","ON.M2",2015-10-25,"1",NA,"possible that 10 fruit may be all aborted. Needs to be checked","M",10,10,0,"5",5,0,0,0,0,NA,NA,NA,NA,NA,NA
"411","Jevins","M2","ON.M2",2015-10-25,"1",NA,NA,"M",2,0,0,"2",2,0,0,0,0,NA,NA,NA,NA,NA,NA
"351","Jevins","M2","ON.M2",2015-10-25,"1",NA,NA,"M",8,2,3,"2",2,3,0.5,0.707106781186548,1.5,NA,NA,NA,NA,NA,NA
"162","Jevins","M2","ON.M2",2015-10-25,"1",NA,NA,"M",5,0,1,"3",3,1,0.333333333333333,0.577350269189626,0.333333333333333,NA,NA,NA,NA,NA,NA
"201","Jevins","M2","ON.M2",2015-10-25,"1",NA,NA,"M",35,10,17,"9",10,17,5.78888888888889,2.40601099101581,1.88888888888889,NA,NA,NA,NA,NA,NA
"107","Jevins","M2","ON.M2",2015-10-25,"1",NA,NA,"M",21,7,73,"7",3,20,36.3333333333333,6.02771377334171,10.4285714285714,NA,NA,NA,NA,NA,NA
"228","Jevins","M2","ON.M2",2015-10-25,"1",NA,NA,"M",1,1,8,"1",1,8,NA,NA,8,NA,NA,NA,NA,NA,NA
"339","Jevins","M2","ON.M2",2015-10-25,"1",NA,NA,"M",4,1,12,"4",4,12,12.6666666666667,3.55902608401044,3,NA,NA,NA,NA,NA,NA
"277","Jevins","M2","ON.M2",2015-10-25,"1",NA,NA,"M",13,1,8,"3",3,8,21.3333333333333,4.61880215351701,2.66666666666667,NA,NA,NA,NA,NA,NA
"342","Jevins","M2","ON.M2",2015-10-25,"1",NA,NA,"M",18,9,47,"9",3,3,3,1.73205080756888,5.22222222222222,NA,NA,NA,NA,NA,NA
"371","Jevins","M2","ON.M2",2015-10-25,"2","2",NA,"M",2,1,2,"2",2,2,2,1.4142135623731,1,NA,NA,NA,NA,NA,NA
"349","Jevins","M2","ON.M2",2015-10-25,"1",NA,NA,"M",7,3,11,"3",3,11,4.33333333333333,2.08166599946613,3.66666666666667,NA,NA,NA,NA,NA,NA
"178","Jevins","M2","ON.M2",2015-10-25,"1",NA,NA,"M",9,0,0,"0",1,0,NA,NA,0,NA,NA,NA,NA,NA,NA
"58","Jevins","M2","ON.M2",2015-10-25,"2",NA,NA,"M",9,2,8,"2",2,8,32,5.65685424949238,4,NA,NA,NA,NA,NA,NA
"563","Jevins","M2","ON.M2",2015-10-25,"1",NA,NA,"M",22,3,3,"3",3,3,1,1,1,NA,NA,NA,NA,NA,NA
"528","Jevins","M2","ON.M2",2015-10-25,"1",NA,NA,"M",2,2,19,"2",2,19,24.5,4.94974746830583,9.5,NA,NA,NA,NA,NA,NA
"413","Jevins","M2","ON.M2",2015-10-25,"1",NA,NA,"M",4,1,2,"1",1,2,NA,NA,2,NA,NA,NA,NA,NA,NA
"249","Jevins","M2","ON.M2",2015-10-25,"1",NA,NA,"M",16,2,17,"2",0,0,NA,NA,8.5,NA,NA,NA,NA,NA,NA
"21","Jevins","M2","ON.M2",2015-10-25,"1",NA,NA,"M",8,0,5,"5",5,5,5,2.23606797749979,1,NA,NA,NA,NA,NA,NA
"497","Hindon bog","M6","ON.M6",2015-10-24,"1",NA,NA,"M",12,0,0,"9",12,0,0,0,0,NA,NA,NA,NA,NA,NA
"461","Hindon bog","M6","ON.M6",2015-10-24,"1",NA,NA,"M",15,0,0,"7",0,0,NA,NA,0,NA,NA,NA,NA,NA,NA
"650","Hindon bog","M6","ON.M6",2015-10-24,"1",NA,NA,"M",3,0,0,"0",1,0,NA,NA,0,NA,NA,NA,NA,NA,NA
"638","Hindon bog","M6","ON.M6",2015-10-24,"1",NA,NA,"M",2,0,0,"2",2,0,0,0,0,NA,NA,NA,NA,NA,NA
"587","Hindon bog","M6","ON.M6",2015-10-24,"1",NA,NA,"M",11,0,0,"5",5,0,0,0,0,NA,NA,NA,NA,NA,NA
"467","Hindon bog","M6","ON.M6",2015-10-24,"1",NA,NA,"M",2,0,0,"2",0,0,NA,NA,0,NA,NA,NA,NA,NA,NA
"343","Hindon bog","M6","ON.M6",2015-10-24,"1",NA,NA,"M",6,0,0,"6",0,0,NA,NA,0,NA,NA,NA,NA,NA,NA
"255","Hindon bog","M6","ON.M6",2015-10-24,"1",NA,NA,"M",3,0,0,"3",0,0,NA,NA,0,NA,NA,NA,NA,NA,NA
"5","Hindon bog","M6","ON.M6",2015-10-24,"1",NA,NA,"M",9,0,0,"8",8,0,0,0,0,NA,NA,NA,NA,NA,NA
"552","Hindon bog","M6","ON.M6",2015-10-24,"1",NA,NA,"M",12,0,0,"7",7,0,0,0,0,NA,NA,NA,NA,NA,NA
"100","Hindon bog","M6","ON.M6",2015-10-24,"1",NA,NA,"M",10,0,0,"5",5,0,0,0,0,NA,NA,NA,NA,NA,NA
"404","Hindon bog","M6","ON.M6",2015-10-24,"1",NA,NA,"M",11,0,0,"6",6,0,0,0,0,NA,NA,NA,NA,NA,NA
"90","Hindon bog","M6","ON.M6",2015-10-24,"1",NA,NA,"M",230,20,227,"5",5,227,34.3,5.85662018573853,45.4,NA,NA,NA,NA,NA,NA
"219","Hindon bog","M6","ON.M6",2015-10-24,"1",NA,NA,"M",4,4,0,"4",4,0,0,0,0,NA,NA,NA,NA,NA,NA
"579","Hindon bog","M6","ON.M6",2015-10-24,"1",NA,NA,"M",26,0,0,"7",7,0,0,0,0,NA,NA,NA,NA,NA,NA
"593","Hindon bog","M6","ON.M6",2015-10-24,"1",NA,NA,"M",25,14,34,"8",3,34,385.333333333333,19.6299091524473,4.25,NA,NA,NA,NA,NA,NA
"324","Hindon bog","M6","ON.M6",2015-10-24,"1",NA,NA,"M",13,0,0,"6",6,0,0,0,0,NA,NA,NA,NA,NA,NA
"114","Hindon bog","M6","ON.M6",2015-10-24,"1",NA,NA,"M",2,0,0,"2",2,0,0,0,0,NA,NA,NA,NA,NA,NA
"298","Hindon bog","M6","ON.M6",2015-10-24,"1",NA,NA,"M",13,0,0,"6",6,0,0,0,0,NA,NA,NA,NA,NA,NA
"243","Hindon bog","M6","ON.M6",2015-10-24,"1",NA,NA,"M",19,0,0,"0",1,0,NA,NA,0,NA,NA,NA,NA,NA,NA
"276","Hindon bog","M6","ON.M6",2015-10-24,"1",NA,NA,"M",10,0,0,"4",4,0,0,0,0,NA,NA,NA,NA,NA,NA
"111","Hindon bog","M6","ON.M6",2015-10-24,"1",NA,NA,"M",19,0,0,"6",6,0,0,0,0,NA,NA,NA,NA,NA,NA
"45","Hindon bog","M6","ON.M6",2015-10-24,"1",NA,NA,"M",22,0,0,"6",6,0,0,0,0,NA,NA,NA,NA,NA,NA
"312","Hindon bog","M6","ON.M6",2015-10-24,"1",NA,NA,"M",8,0,0,"4",4,0,0,0,0,NA,NA,NA,NA,NA,NA
"193","Hindon bog","M6","ON.M6",2015-10-24,"1",NA,NA,"M",42,0,0,"7",7,0,0,0,0,NA,NA,NA,NA,NA,NA
"514","Hindon bog","M6","ON.M6",2015-10-24,"1",NA,NA,"M",21,0,0,"1",1,0,NA,NA,0,NA,NA,NA,NA,NA,NA
"530","Hindon bog","M6","ON.M6",2015-10-24,"1",NA,NA,"M",11,0,0,"5",5,0,0,0,0,NA,NA,NA,NA,NA,NA
"414","Hindon bog","M6","ON.M6",2015-10-24,"1",NA,NA,"M",7,2,0,"2",2,0,0,0,0,NA,NA,NA,NA,NA,NA
"246","Hindon bog","M6","ON.M6",2015-10-24,"1",NA,NA,"M",50,45,217,"5",5,217,622.8,24.9559612117025,43.4,NA,NA,NA,NA,NA,NA
"542","Round Lake","M5","ON.M5",2015-10-24,"1",NA,"pop size is few thousand stems 60-80% flowering and 60=80% fruiting","M",9,4,28,"4",0,0,NA,NA,7,"ON.M5","44.81551","-78.77971","0","0","188"
"358","Round Lake","M5","ON.M5",2015-10-24,"1",NA,NA,"M",33,14,16,"6",3,2,1.33333333333333,1.15470053837925,2.66666666666667,"ON.M5","44.81551","-78.77971","0","0","188"
"138","Round Lake","M5","ON.M5",2015-10-24,"1",NA,NA,"M",22,13,27,"5",3,7,6.33333333333333,2.51661147842358,5.4,"ON.M5","44.81551","-78.77971","0","0","188"
"117","Round Lake","M5","ON.M5",2015-10-24,"1",NA,NA,"M",20,15,26,"6",6,26,5.86666666666667,2.42212028327799,4.33333333333333,"ON.M5","44.81551","-78.77971","0","0","188"
"12","Round Lake","M5","ON.M5",2015-10-24,"1","15",NA,"M",50,50,29,"6",6,29,10.5666666666667,3.25064096243597,4.83333333333333,"ON.M5","44.81551","-78.77971","0","0","188"
"141","Round Lake","M5","ON.M5",2015-10-24,"1",NA,NA,"M",2,2,1,"2",2,1,0.5,0.707106781186548,0.5,"ON.M5","44.81551","-78.77971","0","0","188"
"42","Round Lake","M5","ON.M5",2015-10-24,"1",NA,NA,"M",11,4,6,"9",12,6,0.818181818181818,0.904534033733291,0.666666666666667,"ON.M5","44.81551","-78.77971","0","0","188"
"657","Round Lake","M5","ON.M5",2015-10-24,"1",NA,NA,"M",12,3,5,"5",5,5,1.5,1.22474487139159,1,"ON.M5","44.81551","-78.77971","0","0","188"
"683","Round Lake","M5","ON.M5",2015-10-24,"1",NA,NA,"M",120,110,28,"5",2,26,72,8.48528137423857,5.6,"ON.M5","44.81551","-78.77971","0","0","188"
"623","Round Lake","M5","ON.M5",2015-10-24,"1",NA,NA,"M",4,3,16,"4",4,16,32,5.65685424949238,4,"ON.M5","44.81551","-78.77971","0","0","188"
"555","Round Lake","M5","ON.M5",2015-10-24,"1",NA,NA,"M",15,6,30,"9",10,30,14,3.74165738677394,3.33333333333333,"ON.M5","44.81551","-78.77971","0","0","188"
"517","Round Lake","M5","ON.M5",2015-10-24,"1",NA,NA,"M",10,8,99,"5",5,99,513.2,22.6539179834306,19.8,"ON.M5","44.81551","-78.77971","0","0","188"
"153","Round Lake","M5","ON.M5",2015-10-24,"1",NA,"big secondary branches","M",105,105,184,"5",1,39,NA,NA,36.8,"ON.M5","44.81551","-78.77971","0","0","188"
"540","Round Lake","M5","ON.M5",2015-10-24,"1",NA,NA,"M",12,3,3,"5",5,3,1.8,1.34164078649987,0.6,"ON.M5","44.81551","-78.77971","0","0","188"
"183","Round Lake","M5","ON.M5",2015-10-24,"1",NA,NA,"M",23,15,18,"5",5,18,13.3,3.64691650576209,3.6,"ON.M5","44.81551","-78.77971","0","0","188"
"213","Round Lake","M5","ON.M5",2015-10-24,"1",NA,NA,"M",3,3,5,"3",3,5,0.333333333333333,0.577350269189626,1.66666666666667,"ON.M5","44.81551","-78.77971","0","0","188"
"310","Round Lake","M5","ON.M5",2015-10-24,"1",NA,NA,"M",90,85,24,"5",5,24,7.7,2.77488738510232,4.8,"ON.M5","44.81551","-78.77971","0","0","188"
"299","Round Lake","M5","ON.M5",2015-10-24,"1",NA,NA,"M",65,58,15,"5",5,15,16,4,3,"ON.M5","44.81551","-78.77971","0","0","188"
"223","Round Lake","M5","ON.M5",2015-10-24,"1",NA,NA,"M",20,15,41,"5",2,7,0.5,0.707106781186548,8.2,"ON.M5","44.81551","-78.77971","0","0","188"
"144","Round Lake","M5","ON.M5",2015-10-24,"1",NA,NA,"M",11,9,104,"5",5,104,508.7,22.5543787322994,20.8,"ON.M5","44.81551","-78.77971","0","0","188"
"365","Round Lake","M5","ON.M5",2015-10-24,"1",NA,NA,"M",15,7,0,"6",6,0,0,0,0,"ON.M5","44.81551","-78.77971","0","0","188"
"244","Round Lake","M5","ON.M5",2015-10-24,"1",NA,NA,"M",60,50,46,"5",2,11,0.5,0.707106781186548,9.2,"ON.M5","44.81551","-78.77971","0","0","188"
"129","Round Lake","M5","ON.M5",2015-10-24,"1",NA,"ALL LATE ABORTED SEEDS","M",65,50,0,"6",0,0,NA,NA,0,"ON.M5","44.81551","-78.77971","0","0","188"
"84","Round Lake","M5","ON.M5",2015-10-24,"1",NA,NA,"M",11,7,18,"7",7,18,8.61904761904762,2.93582145558064,2.57142857142857,"ON.M5","44.81551","-78.77971","0","0","188"
"273","Round Lake","M5","ON.M5",2015-10-24,"1",NA,NA,"M",8,0,1,"5",5,1,0.2,0.447213595499958,0.2,"ON.M5","44.81551","-78.77971","0","0","188"
"95","Round Lake","M5","ON.M5",2015-10-24,"1",NA,NA,"M",10,6,11,"5",5,11,4.7,2.16794833886788,2.2,"ON.M5","44.81551","-78.77971","0","0","188"
"303","Round Lake","M5","ON.M5",2015-10-24,"1","3","Only 1 stem in this clump with flowers in this bunch","M",6,0,0,"5",5,0,0,0,0,"ON.M5","44.81551","-78.77971","0","0","188"
"333","Round Lake","M5","ON.M5",2015-10-24,"1",NA,NA,"M",21,15,20,"5",5,20,4,2,4,"ON.M5","44.81551","-78.77971","0","0","188"
"512","Round Lake","M5","ON.M5",2015-10-24,"1",NA,NA,"M",20,19,50,"5",2,2,2,1.4142135623731,10,"ON.M5","44.81551","-78.77971","0","0","188"
"482","Round Lake","M5","ON.M5",2015-10-24,"1",NA,NA,"M",15,11,36,"8",8,36,56,7.48331477354788,4.5,"ON.M5","44.81551","-78.77971","0","0","188"
"33","Loch Garry","T12","ON.T12",2015-10-23,"1",NA,"parasites in population. Cuscuta americana","P",85,80,10,"5",5,10,20,4.47213595499958,2,"ON.T12","45.25433","-74.71934","109","14","106"
"334","Loch Garry","T12","ON.T12",2015-10-23,"1",NA,"LATE ABORTED SEEDS","P",190,180,0,"5",0,0,NA,NA,0,"ON.T12","45.25433","-74.71934","109","14","106"
"510","Loch Garry","T12","ON.T12",2015-10-23,"1","6 to 8",NA,"P",12,12,283,"6",2,76,32,5.65685424949238,47.1666666666667,"ON.T12","45.25433","-74.71934","109","14","106"
"29","Loch Garry","T12","ON.T12",2015-10-23,"1",NA,NA,"P",80,80,105,"5",1,0,NA,NA,21,"ON.T12","45.25433","-74.71934","109","14","106"
"77","Loch Garry","T12","ON.T12",2015-10-23,"1",NA,NA,"P",230,225,96,"5",5,96,98.7,9.93478736561583,19.2,"ON.T12","45.25433","-74.71934","109","14","106"
"104","Loch Garry","T12","ON.T12",2015-10-23,"1",NA,NA,"P",85,85,125,"5",1,21,NA,NA,25,"ON.T12","45.25433","-74.71934","109","14","106"
"132","Loch Garry","T12","ON.T12",2015-10-23,"stema",NA,"2 stems. This is first","P",95,95,4,"5",0,0,NA,NA,0.8,"ON.T12","45.25433","-74.71934","109","14","106"
"132","Loch Garry","T12","ON.T12",2015-10-23,"stemb",NA,"2 stems this is second","P",95,95,4,"5",0,0,NA,NA,0.8,"ON.T12","45.25433","-74.71934","109","14","106"
"20","Loch Garry","T12","ON.T12",2015-10-23,"1","8",NA,"P",28,28,15,"5",5,15,20,4.47213595499958,3,"ON.T12","45.25433","-74.71934","109","14","106"
"102","Loch Garry","T12","ON.T12",2015-10-23,"1",NA,NA,"P",75,75,257,"5",5,257,149.3,12.2188379152847,51.4,"ON.T12","45.25433","-74.71934","109","14","106"
"90","Loch Garry","T12","ON.T12",2015-10-23,"1","5",NA,"P",230,20,227,"5",5,227,34.3,5.85662018573853,45.4,"ON.T12","45.25433","-74.71934","109","14","106"
"81","Loch Garry","T12","ON.T12",2015-10-23,"1",NA,NA,"P",30,30,0,"6",0,0,NA,NA,0,"ON.T12","45.25433","-74.71934","109","14","106"
"209","Loch Garry","T12","ON.T12",2015-10-23,"1","7",NA,"P",12,11,33,"6",6,33,10.7,3.27108544675922,5.5,"ON.T12","45.25433","-74.71934","109","14","106"
"106","Loch Garry","T12","ON.T12",2015-10-23,"1","20",NA,"P",110,105,26,"5",3,15,3,1.73205080756888,5.2,"ON.T12","45.25433","-74.71934","109","14","106"
"126","Loch Garry","T12","ON.T12",2015-10-23,"1",NA,NA,"P",50,50,41,"5",0,0,NA,NA,8.2,"ON.T12","45.25433","-74.71934","109","14","106"
"133","Loch Garry","T12","ON.T12",2015-10-23,"1","4",NA,"P",45,45,88,"5",5,88,46.3,6.8044103344816,17.6,"ON.T12","45.25433","-74.71934","109","14","106"
"17","Loch Garry","T12","ON.T12",2015-10-23,"1","20",NA,"P",30,30,37,"5",1,0,NA,NA,7.4,"ON.T12","45.25433","-74.71934","109","14","106"
"65","Loch Garry","T12","ON.T12",2015-10-23,"1","4",NA,"P",65,55,24,"5",5,24,3.7,1.92353840616713,4.8,"ON.T12","45.25433","-74.71934","109","14","106"
"69","Loch Garry","T12","ON.T12",2015-10-23,"1","20",NA,"P",9,9,325,"6",6,325,1758.56666666667,41.9352675759517,54.1666666666667,"ON.T12","45.25433","-74.71934","109","14","106"
"49","Loch Garry","T12","ON.T12",2015-10-23,"1","10","parasite on plant","P",12,12,121,"5",1,4,NA,NA,24.2,"ON.T12","45.25433","-74.71934","109","14","106"
"315","Loch Garry","T12","ON.T12",2015-10-23,"1","10",NA,"P",40,38,0,"5",5,0,0,0,0,"ON.T12","45.25433","-74.71934","109","14","106"
"124","Loch Garry","T12","ON.T12",2015-10-23,"1","10","parasite on plant","P",60,60,17,"7",4,17,37.5833333333333,6.13052471924984,2.42857142857143,"ON.T12","45.25433","-74.71934","109","14","106"
"26","Loch Garry","T12","ON.T12",2015-10-23,"1","4",NA,"P",50,50,223,"5",3,101,44.3333333333333,6.65832811847939,44.6,"ON.T12","45.25433","-74.71934","109","14","106"
"513","Loch Garry","T12","ON.T12",2015-10-23,"1","5",NA,"P",205,205,128,"5",5,128,103.8,10.18822850156,25.6,"ON.T12","45.25433","-74.71934","109","14","106"
"543","Loch Garry","T12","ON.T12",2015-10-23,"1","4","ALL LATE ABORTED SEEDS","P",55,55,0,"6",6,0,0,0,0,"ON.T12","45.25433","-74.71934","109","14","106"
"572","Loch Garry","T12","ON.T12",2015-10-23,"1",NA,NA,"P",10,10,236,"5",5,236,211.7,14.5499140890934,47.2,"ON.T12","45.25433","-74.71934","109","14","106"
"632","Loch Garry","T12","ON.T12",2015-10-23,"1","15",NA,"P",55,45,45,"5",5,45,83.5,9.13783344124853,9,"ON.T12","45.25433","-74.71934","109","14","106"
"368","Loch Garry","T12","ON.T12",2015-10-23,"1","6",NA,"P",25,20,52,"6",6,52,13.4666666666667,3.66969571853944,8.66666666666667,"ON.T12","45.25433","-74.71934","109","14","106"
"3","Loch Garry","T12","ON.T12",2015-10-23,"1",NA,NA,"P",200,190,42,"5",0,0,NA,NA,8.4,"ON.T12","45.25433","-74.71934","109","14","106"
"34","Loch Garry","T12","ON.T12",2015-10-23,"1",NA,NA,"P",60,60,263,"5",5,263,373.8,19.3339080374352,52.6,"ON.T12","45.25433","-74.71934","109","14","106"
"186","Loch Garry","T12","ON.T12",2015-10-23,"1",NA,NA,"P",45,40,146,"6",3,82,394.333333333333,19.8578280114753,24.3333333333333,"ON.T12","45.25433","-74.71934","109","14","106"
"156","Loch Garry","T12","ON.T12",2015-10-23,"1","10",NA,"P",45,43,228,"5",5,228,265.3,16.2880324164707,45.6,"ON.T12","45.25433","-74.71934","109","14","106"
"220","Loch Garry","T12","ON.T12",2015-10-23,"1",NA,NA,"P",125,125,113,"6",1,26,NA,NA,18.8333333333333,"ON.T12","45.25433","-74.71934","109","14","106"
"410","Pumphouse Marsh","D9","ON.D9",2015-10-25,"1",NA,"plants were interspersed among tall grasses. Estimates of clump size could not be obtained. ","P",215,215,227,"5",0,0,NA,NA,45.4,"ON.D9","43.859109","-78.840386","375","0","264"
"348","Pumphouse Marsh","D9","ON.D9",2015-10-25,"1",NA,NA,"P",23,20,135,"6",1,0,NA,NA,22.5,"ON.D9","43.859109","-78.840386","375","0","264"
"330","Pumphouse Marsh","D9","ON.D9",2015-10-25,"1",NA,NA,"P",105,105,65,"5",0,0,NA,NA,13,"ON.D9","43.859109","-78.840386","375","0","264"
"327","Pumphouse Marsh","D9","ON.D9",2015-10-25,"1",NA,NA,"P",230,230,141,"5",3,78,4,2,28.2,"ON.D9","43.859109","-78.840386","375","0","264"
"150","Pumphouse Marsh","D9","ON.D9",2015-10-25,"1",NA,NA,"P",500,500,154,"5",5,154,109.7,10.4737767782209,30.8,"ON.D9","43.859109","-78.840386","375","0","264"
"108","Pumphouse Marsh","D9","ON.D9",2015-10-25,"1",NA,NA,"P",245,245,284,"5",5,284,221.7,14.8895936814945,56.8,"ON.D9","43.859109","-78.840386","375","0","264"
"36","Pumphouse Marsh","D9","ON.D9",2015-10-25,"1",NA,NA,"P",130,130,464,"6",6,464,2630.26666666667,51.2861254791846,77.3333333333333,"ON.D9","43.859109","-78.840386","375","0","264"
"6","Pumphouse Marsh","D9","ON.D9",2015-10-25,"1",NA,NA,"P",195,195,386,"8",8,386,88.5,9.40744386111339,48.25,"ON.D9","43.859109","-78.840386","375","0","264"
"63","Pumphouse Marsh","D9","ON.D9",2015-10-25,"1",NA,NA,"P",320,320,686,"7",8,686,7372.78571428571,85.8649271488989,98,"ON.D9","43.859109","-78.840386","375","0","264"
"671","Pumphouse Marsh","D9","ON.D9",2015-10-25,"1",NA,"small secondary branches","P",139,139,323,"5",5,323,204.3,14.2933550994859,64.6,"ON.D9","43.859109","-78.840386","375","0","264"
"608","Pumphouse Marsh","D9","ON.D9",2015-10-25,"1",NA,NA,"P",144,144,136,"5",5,136,719.7,26.827224977623,27.2,"ON.D9","43.859109","-78.840386","375","0","264"
"516","Pumphouse Marsh","D9","ON.D9",2015-10-25,"1",NA,NA,"P",102,102,208,"6",0,0,NA,NA,34.6666666666667,"ON.D9","43.859109","-78.840386","375","0","264"
"518","Pumphouse Marsh","D9","ON.D9",2015-10-25,"1",NA,NA,"P",115,115,153,"5",0,0,NA,NA,30.6,"ON.D9","43.859109","-78.840386","375","0","264"
"309","Pumphouse Marsh","D9","ON.D9",2015-10-25,"1",NA,NA,"P",55,55,218,"5",5,218,117.8,10.8535708409721,43.6,"ON.D9","43.859109","-78.840386","375","0","264"
"458","Pumphouse Marsh","D9","ON.D9",2015-10-25,"1",NA,NA,"P",70,70,121,"4",0,0,NA,NA,30.25,"ON.D9","43.859109","-78.840386","375","0","264"
"216","Pumphouse Marsh","D9","ON.D9",2015-10-25,"1",NA,NA,"P",105,105,91,"5",2,42,0,0,18.2,"ON.D9","43.859109","-78.840386","375","0","264"
"395","Pumphouse Marsh","D9","ON.D9",2015-10-25,"1",NA,NA,"P",95,95,183,"6",0,0,NA,NA,30.5,"ON.D9","43.859109","-78.840386","375","0","264"
"336","Pumphouse Marsh","D9","ON.D9",2015-10-25,"1",NA,NA,"P",90,90,167,"5",0,0,NA,NA,33.4,"ON.D9","43.859109","-78.840386","375","0","264"
"252","Pumphouse Marsh","D9","ON.D9",2015-10-25,"1",NA,NA,"P",134,134,153,"6",0,0,NA,NA,25.5,"ON.D9","43.859109","-78.840386","375","0","264"
"515","Pumphouse Marsh","D9","ON.D9",2015-10-25,"1",NA,NA,"P",70,70,79,"5",5,79,127.7,11.3004424692133,15.8,"ON.D9","43.859109","-78.840386","375","0","264"
"569","Pumphouse Marsh","D9","ON.D9",2015-10-25,"1",NA,NA,"P",182,182,97,"3",1,34,NA,NA,32.3333333333333,"ON.D9","43.859109","-78.840386","375","0","264"
"605","Pumphouse Marsh","D9","ON.D9",2015-10-25,"1",NA,NA,"P",50,50,102,"5",0,0,NA,NA,20.4,"ON.D9","43.859109","-78.840386","375","0","264"
"66","Pumphouse Marsh","D9","ON.D9",2015-10-25,"1",NA,NA,"P",88,88,119,"4",0,0,NA,NA,29.75,"ON.D9","43.859109","-78.840386","375","0","264"
"8","Pumphouse Marsh","D9","ON.D9",2015-10-25,"1",NA,NA,"P",280,280,165,"5",5,165,19,4.35889894354067,33,"ON.D9","43.859109","-78.840386","375","0","264"
"14","Pumphouse Marsh","D9","ON.D9",2015-10-25,"1",NA,NA,"P",345,345,155,"5",0,0,NA,NA,31,"ON.D9","43.859109","-78.840386","375","0","264"
"452","Pumphouse Marsh","D9","ON.D9",2015-10-25,"1",NA,NA,"P",360,360,198,"5",5,198,133.3,11.5455619178973,39.6,"ON.D9","43.859109","-78.840386","375","0","264"
"488","Pumphouse Marsh","D9","ON.D9",2015-10-25,"1",NA,NA,"P",490,490,110,"5 ",0,0,NA,NA,22,"ON.D9","43.859109","-78.840386","375","0","264"
"539","Pumphouse Marsh","D9","ON.D9",2015-10-25,"1",NA,NA,"P",460,460,154,"4",0,0,NA,NA,38.5,"ON.D9","43.859109","-78.840386","375","0","264"
"521","Pumphouse Marsh","D9","ON.D9",2015-10-25,"1",NA,NA,"P",215,215,132,"4",0,0,NA,NA,33,"ON.D9","43.859109","-78.840386","375","0","264"
"401","Pumphouse Marsh","D9","ON.D9",2015-10-25,"1",NA,NA,"P",20,20,347,"5",5,347,54.8,7.4027022093287,69.4,"ON.D9","43.859109","-78.840386","375","0","264"
"305","Pumphouse Marsh","D9","ON.D9",2015-10-25,"1",NA,NA,"P",210,210,7,"5",5,7,9.8,3.13049516849971,1.4,"ON.D9","43.859109","-78.840386","375","0","264"
"321","Pumphouse Marsh","D9","ON.D9",2015-10-25,"1",NA,NA,"P",40,40,159,"5",5,159,46.2,6.79705818718657,31.8,"ON.D9","43.859109","-78.840386","375","0","264"
"123","Pumphouse Marsh","D9","ON.D9",2015-10-25,"1",NA,NA,"P",180,180,114,"5 ",0,0,NA,NA,22.8,"ON.D9","43.859109","-78.840386","375","0","264"
"306","Pumphouse Marsh","D9","ON.D9",2015-10-25,"1",NA,NA,"P",295,295,314,"7",0,0,NA,NA,44.8571428571429,"ON.D9","43.859109","-78.840386","375","0","264"
"96","Pumphouse Marsh","D9","ON.D9",2015-10-25,"1",NA,NA,"P",65,65,128,"5",1,20,NA,NA,25.6,"ON.D9","43.859109","-78.840386","375","0","264"
"346","Bewdley A","D5","ON.D5",2015-10-30,"stema",NA,"2 stems this is first","P",330,310,57,"7",0,0,NA,NA,8.14285714285714,NA,NA,NA,NA,NA,NA
"346","Bewdley A","D5","ON.D5",2015-10-30,"stemb",NA,"2 stems this is second","P",330,310,57,"7",0,0,NA,NA,8.14285714285714,NA,NA,NA,NA,NA,NA
"313","Bewdley A","D5","ON.D5",2015-10-30,"1",NA,"parasite on plant","P",80,80,130,"6",0,0,NA,NA,21.6666666666667,NA,NA,NA,NA,NA,NA
"392","Bewdley A","D5","ON.D5",2015-10-30,"1",NA,NA,"P",140,135,46,"5",0,0,NA,NA,9.2,NA,NA,NA,NA,NA,NA
"120","Bewdley A","D5","ON.D5",2015-10-30,"1","5",NA,"P",87,85,76,"5",0,0,NA,NA,15.2,NA,NA,NA,NA,NA,NA
"524","Bewdley A","D5","ON.D5",2015-10-30,"stema",NA,"2 stems this is first","P",215,215,152,"5",3,80,176.333333333333,13.2790561913614,30.4,NA,NA,NA,NA,NA,NA
"524","Bewdley A","D5","ON.D5",2015-10-30,"stemb",NA,"2 stems this is second","P",215,215,152,"5",3,80,176.333333333333,13.2790561913614,30.4,NA,NA,NA,NA,NA,NA
"614","Bewdley A","D5","ON.D5",2015-10-30,"1",NA,NA,"P",187,187,72,"7",0,0,NA,NA,10.2857142857143,NA,NA,NA,NA,NA,NA
"9","Bewdley A","D5","ON.D5",2015-10-30,"1",NA,NA,"P",265,265,120,"5",1,12,NA,NA,24,NA,NA,NA,NA,NA,NA
"225","Bewdley A","D5","ON.D5",2015-10-30,"1",NA,NA,"P",425,425,120,"5",0,0,NA,NA,24,NA,NA,NA,NA,NA,NA
"159","Bewdley A","D5","ON.D5",2015-10-30,"1",NA,NA,"P",85,85,21,"3",1,4,NA,NA,7,NA,NA,NA,NA,NA,NA
"39","Bewdley A","D5","ON.D5",2015-10-30,"1","15","small fruit","P",95,90,78,"4",0,0,NA,NA,19.5,NA,NA,NA,NA,NA,NA
"307","Bewdley A","D5","ON.D5",2015-10-30,"stema",NA,NA,"P",210,210,80,"4",0,0,NA,NA,20,NA,NA,NA,NA,NA,NA
"307","Bewdley A","D5","ON.D5",2015-10-30,"stemb",NA,NA,"P",210,210,80,"4",0,0,NA,NA,20,NA,NA,NA,NA,NA,NA
"519","Bewdley A","D5","ON.D5",2015-10-30,"1","15",NA,"P",155,155,124,"5",1,16,NA,NA,24.8,NA,NA,NA,NA,NA,NA
"464","Bewdley A","D5","ON.D5",2015-10-30,"1","8",NA,"P",215,215,82,"5 ",0,0,NA,NA,16.4,NA,NA,NA,NA,NA,NA
"635","Bewdley A","D5","ON.D5",2015-10-30,"1","6",NA,"P",285,285,38,"5",0,0,NA,NA,7.6,NA,NA,NA,NA,NA,NA
"545","Bewdley A","D5","ON.D5",2015-10-30,"1","3","Only 2 of the secondary branches have flowers","P",25,25,152,"4",4,152,70.6666666666667,8.40634680861233,38,NA,NA,NA,NA,NA,NA
"578","Bewdley A","D5","ON.D5",2015-10-30,"1","20","parasite on plant","P",5,5,78,"5",5,78,83.8,9.15423399307665,15.6,NA,NA,NA,NA,NA,NA
"611","Bewdley A","D5","ON.D5",2015-10-30,"1",NA,"6 secondary branches with flowers","P",110,110,133,"5",5,133,15.8,3.97492138287036,26.6,NA,NA,NA,NA,NA,NA
"72","Bewdley A","D5","ON.D5",2015-10-30,"1","20","Only 2 secondary branches with flowers","P",20,20,301,"5",0,0,NA,NA,60.2,NA,NA,NA,NA,NA,NA
"189","Bewdley A","D5","ON.D5",2015-10-30,"1",NA,NA,"P",100,100,192,"6",1,170,NA,NA,32,NA,NA,NA,NA,NA,NA
"97","Bewdley A","D5","ON.D5",2015-10-30,"1",NA,"parasite on plant","P",30,30,151,"6",0,0,NA,NA,25.1666666666667,NA,NA,NA,NA,NA,NA
"127","Bewdley A","D5","ON.D5",2015-10-30,"1",NA,NA,"P",125,125,218,"5",0,0,NA,NA,43.6,NA,NA,NA,NA,NA,NA
"70","Bewdley A","D5","ON.D5",2015-10-30,"1","12","parasite on plant","P",55,55,131,"5",0,0,NA,NA,26.2,NA,NA,NA,NA,NA,NA
"40","Bewdley A","D5","ON.D5",2015-10-30,"1","4","this is the sole stem with flowers. Parasite on plants","P",5,5,128,"5",5,128,471.3,21.709444949146,25.6,NA,NA,NA,NA,NA,NA
"192","Bewdley A","D5","ON.D5",2015-10-30,"1","6","this is the only flowering stem in the clump and only one not smothered by parasite","P",35,35,27,"5",5,27,9.8,3.13049516849971,5.4,NA,NA,NA,NA,NA,NA
"168","Bewdley A","D5","ON.D5",2015-10-30,"1","12",NA,"P",38,38,122,"5",1,3,NA,NA,24.4,NA,NA,NA,NA,NA,NA
"217","Bewdley A","D5","ON.D5",2015-10-30,"1","12",NA,"P",165,165,213,"6",2,54,200,14.142135623731,35.5,NA,NA,NA,NA,NA,NA
"250","Bewdley A","D5","ON.D5",2015-10-30,"1",NA,"parasite on plant","P",155,150,54,"5",0,0,NA,NA,10.8,NA,NA,NA,NA,NA,NA
"554","Bewdley A","D5","ON.D5",2015-10-30,"1","6",NA,"P",20,18,34,"5",5,34,6.7,2.58843582110896,6.8,NA,NA,NA,NA,NA,NA
"665","Bewdley A","D5","ON.D5",2015-10-30,"stema","5",NA,"P",440,440,261,"6",0,0,NA,NA,43.5,NA,NA,NA,NA,NA,NA
"665","Bewdley A","D5","ON.D5",2015-10-30,"stemb",NA,"stem looks broken","P",440,440,261,"6",0,0,NA,NA,43.5,NA,NA,NA,NA,NA,NA
"422","Caledon","M4","ON.M4",2015-10-25,"1",NA,NA,"M",5,0,0,"0",1,0,NA,NA,0,NA,NA,NA,NA,NA,NA
"374","Caledon","M4","ON.M4",2015-10-25,"1",NA,NA,"M",3,1,6,"3",3,6,12,3.46410161513775,2,NA,NA,NA,NA,NA,NA
"345","Caledon","M4","ON.M4",2015-10-25,"1",NA,NA,"M",4,0,0,"0",1,0,NA,NA,0,NA,NA,NA,NA,NA,NA
"234","Caledon","M4","ON.M4",2015-10-25,"1",NA,NA,"M",5,0,0,"0",1,0,NA,NA,0,NA,NA,NA,NA,NA,NA
"177","Caledon","M4","ON.M4",2015-10-25,"1",NA,NA,"M",4,4,0,"2",2,0,0,0,0,NA,NA,NA,NA,NA,NA
"198","Caledon","M4","ON.M4",2015-10-25,"1",NA,"check seeds in fruit","M",22,7,41,"5",5,41,29.7,5.44977063737548,8.2,NA,NA,NA,NA,NA,NA
"87","Caledon","M4","ON.M4",2015-10-25,"1",NA,NA,"M",5,0,0,"1",1,0,NA,NA,0,NA,NA,NA,NA,NA,NA
"674","Caledon","M4","ON.M4",2015-10-25,"1",NA,NA,"M",15,4,3,"5",5,3,1.8,1.34164078649987,0.6,NA,NA,NA,NA,NA,NA
"641","Caledon","M4","ON.M4",2015-10-25,"1",NA,NA,"M",6,0,0,"2",2,0,0,0,0,NA,NA,NA,NA,NA,NA
"54","Caledon","M4","ON.M4",2015-10-25,"1",NA,NA,"M",55,25,23,"5",5,23,17.3,4.15932686861708,4.6,NA,NA,NA,NA,NA,NA
"18","Rideau Bird Sanctuary","T17","ON.T16",2015-10-26,"1",NA,"although I have an envelope it is empty. I don't know where those fruits disappeared","P",55,0,0,"0",1,0,NA,NA,0,"ON.T16","44.902138","-75.869711","62","26","1"
"581","Rideau Bird Sanctuary","T17","ON.T16",2015-10-26,"1","20",NA,"P",20,20,27,"2",0,0,NA,NA,13.5,"ON.T16","44.902138","-75.869711","62","26","1"
"130","Rideau Bird Sanctuary","T17","ON.T16",2015-10-26,"1",NA,NA,"P",50,50,30,"2",2,30,8,2.82842712474619,15,"ON.T16","44.902138","-75.869711","62","26","1"
"174","Rideau Bird Sanctuary","T17","ON.T16",2015-10-26,"1",NA,NA,"P",36,36,67,"4",0,0,NA,NA,16.75,"ON.T16","44.902138","-75.869711","62","26","1"
"195","Rideau Bird Sanctuary","T17","ON.T16",2015-10-26,"1",NA,NA,"P",55,55,231,"6",3,147,108,10.3923048454133,38.5,"ON.T16","44.902138","-75.869711","62","26","1"
"180","Rideau Bird Sanctuary","T17","ON.T16",2015-10-26,"1",NA,NA,"P",110,110,316,"5",3,189,79,8.88819441731559,63.2,"ON.T16","44.902138","-75.869711","62","26","1"
"78","Rideau Bird Sanctuary","T17","ON.T16",2015-10-26,"1","6","this is the only flowering stem in the clump","P",2,1,6,"2",2,6,8,2.82842712474619,3,"ON.T16","44.902138","-75.869711","62","26","1"
"620","Rideau Bird Sanctuary","T17","ON.T16",2015-10-26,"1",NA,NA,"P",50,50,110,"4",0,0,NA,NA,27.5,"ON.T16","44.902138","-75.869711","62","26","1"
"551","Rideau Bird Sanctuary","T17","ON.T16",2015-10-26,"1","15",NA,"P",25,25,82,"3",0,0,NA,NA,27.3333333333333,"ON.T16","44.902138","-75.869711","62","26","1"
"525","Rideau Bird Sanctuary","T17","ON.T16",2015-10-26,"1","10",NA,"P",50,50,31,"4",4,31,18.9166666666667,4.3493294502333,7.75,"ON.T16","44.902138","-75.869711","62","26","1"
"109","Otty Lake","D7","ON.D7",2015-10-26,"1",NA,NA,"P",125,125,54,"4",2,16,2,1.4142135623731,13.5,NA,NA,NA,NA,NA,NA
"389","Otty Lake","D7","ON.D7",2015-10-26,"1","1",NA,"P",180,180,141,"5",0,0,NA,NA,28.2,NA,NA,NA,NA,NA,NA
"51","Otty Lake","D7","ON.D7",2015-10-26,"1",NA,NA,"P",189,189,153,"5",0,0,NA,NA,30.6,NA,NA,NA,NA,NA,NA
"240","Otty Lake","D7","ON.D7",2015-10-26,"1",NA,NA,"P",205,205,16,"5",0,0,NA,NA,3.2,NA,NA,NA,NA,NA,NA
"270","Otty Lake","D7","ON.D7",2015-10-26,"1","4",NA,"P",109,109,14,"5",1,1,NA,NA,2.8,NA,NA,NA,NA,NA,NA
"331","Otty Lake","D7","ON.D7",2015-10-26,"1",NA,NA,"P",87,87,38,"5",0,0,NA,NA,7.6,NA,NA,NA,NA,NA,NA
"434","Otty Lake","D7","ON.D7",2015-10-26,"1","10",NA,"P",295,295,35,"5",0,0,NA,NA,7,NA,NA,NA,NA,NA,NA
"416","Otty Lake","D7","ON.D7",2015-10-26,"1",NA,NA,"P",275,275,23,"7",2,6,2,1.4142135623731,3.28571428571429,NA,NA,NA,NA,NA,NA
"302","Otty Lake","D7","ON.D7",2015-10-26,"1",NA,NA,"P",80,80,42,"5",5,42,8.8,2.96647939483827,8.4,NA,NA,NA,NA,NA,NA
"717","Otty Lake","D7","ON.D7",2015-10-26,"1",NA,NA,"P",25,25,71,"5",3,55,185.333333333333,13.6137185711081,14.2,NA,NA,NA,NA,NA,NA
"570","Otty Lake","D7","ON.D7",2015-10-26,"1",NA,NA,"P",150,150,174,"3",0,0,NA,NA,58,NA,NA,NA,NA,NA,NA
"536","Otty Lake","D7","ON.D7",2015-10-26,"1",NA,NA,"P",170,170,42,"4",0,0,NA,NA,10.5,NA,NA,NA,NA,NA,NA
"506","Otty Lake","D7","ON.D7",2015-10-26,"1",NA,NA,"P",360,360,20,"5",1,0,NA,NA,4,NA,NA,NA,NA,NA,NA
"242","Otty Lake","D7","ON.D7",2015-10-26,"1",NA,NA,"P",95,95,25,"6",0,0,NA,NA,4.16666666666667,NA,NA,NA,NA,NA,NA
"181","Otty Lake","D7","ON.D7",2015-10-26,"1",NA,NA,"P",170,170,12,"4",4,12,2,1.4142135623731,3,NA,NA,NA,NA,NA,NA
"4","Otty Lake","D7","ON.D7",2015-10-26,"1",NA,NA,"P",140,140,75,"5",0,0,NA,NA,15,NA,NA,NA,NA,NA,NA
"476","Otty Lake","D7","ON.D7",2015-10-26,"1",NA,NA,"P",115,115,29,"5",0,0,NA,NA,5.8,NA,NA,NA,NA,NA,NA
"89","Otty Lake","D7","ON.D7",2015-10-26,"1",NA,"solo stem","P",35,35,109,"5",0,0,NA,NA,21.8,NA,NA,NA,NA,NA,NA
"716","Otty Lake","D7","ON.D7",2015-10-26,"1",NA,NA,"P",305,305,68,"6",1,0,NA,NA,11.3333333333333,NA,NA,NA,NA,NA,NA
"601","Otty Lake","D7","ON.D7",2015-10-26,"1",NA,NA,"P",190,190,123,"5",0,0,NA,NA,24.6,NA,NA,NA,NA,NA,NA
"505","Otty Lake","D7","ON.D7",2015-10-26,"1",NA,NA,"P",120,120,29,"4",2,3,0.5,0.707106781186548,7.25,NA,NA,NA,NA,NA,NA
"478","Otty Lake","D7","ON.D7",2015-10-26,"1",NA,NA,"P",110,110,19,"5",2,3,4.5,2.12132034355964,3.8,NA,NA,NA,NA,NA,NA
"448","Otty Lake","D7","ON.D7",2015-10-26,"1",NA,NA,"P",168,168,47,"5",0,0,NA,NA,9.4,NA,NA,NA,NA,NA,NA
"356","Otty Lake","D7","ON.D7",2015-10-26,"1",NA,NA,"P",127,127,33,"5",0,0,NA,NA,6.6,NA,NA,NA,NA,NA,NA
"266","Otty Lake","D7","ON.D7",2015-10-26,"1","20",NA,"P",100,100,29,"5 ",0,0,NA,NA,5.8,NA,NA,NA,NA,NA,NA
"53","Otty Lake","D7","ON.D7",2015-10-26,"1",NA,NA,"P",258,258,9,"5",5,9,2.7,1.6431676725155,1.8,NA,NA,NA,NA,NA,NA
"28","Otty Lake","D7","ON.D7",2015-10-26,"1",NA,NA,"P",125,125,57,"5",0,0,NA,NA,11.4,NA,NA,NA,NA,NA,NA
"523","Otty Lake","D7","ON.D7",2015-10-26,"1","6",NA,"P",30,30,75,"3",0,0,NA,NA,25,NA,NA,NA,NA,NA,NA
"272","Otty Lake","D7","ON.D7",2015-10-26,"1","8",NA,"P",36,36,37,"4",1,4,NA,NA,9.25,NA,NA,NA,NA,NA,NA
"420","Otty Lake","D7","ON.D7",2015-10-26,"1",NA,NA,"P",85,85,41,"5",2,10,0,0,8.2,NA,NA,NA,NA,NA,NA
"390","Otty Lake","D7","ON.D7",2015-10-26,"stema",NA,"collected this stem","P",165,165,50,"5",0,0,NA,NA,10,NA,NA,NA,NA,NA,NA
"390","Otty Lake","D7","ON.D7",2015-10-26,"stemb",NA,NA,"P",165,165,50,"5",0,0,NA,NA,10,NA,NA,NA,NA,NA,NA
"419","Cow Bay QUBS","T6","EO.T6",2015-10-27,"stema",NA,NA,"P",49,49,107,"4",4,107,62.9166666666667,7.9320026895272,26.75,NA,NA,NA,NA,NA,NA
"419","Cow Bay QUBS","T6","EO.T6",2015-10-27,"stemb",NA,NA,"P",49,49,107,"4",4,107,62.9166666666667,7.9320026895272,26.75,NA,NA,NA,NA,NA,NA
"479","Cow Bay QUBS","T6","EO.T6",2015-10-27,"1","8",NA,"P",37,37,82,"4",0,0,NA,NA,20.5,NA,NA,NA,NA,NA,NA
"386","Cow Bay QUBS","T6","EO.T6",2015-10-27,"1",NA,NA,"P",258,258,123,"4",0,0,NA,NA,30.75,NA,NA,NA,NA,NA,NA
"360","Cow Bay QUBS","T6","EO.T6",2015-10-27,"1",NA,NA,"P",229,229,158,"4",0,0,NA,NA,39.5,NA,NA,NA,NA,NA,NA
"426","Cow Bay QUBS","T6","EO.T6",2015-10-27,"stema",NA,NA,"P",84,84,110,"5",0,0,NA,NA,22,NA,NA,NA,NA,NA,NA
"426","Cow Bay QUBS","T6","EO.T6",2015-10-27,"stemb",NA,NA,"P",84,84,110,"5",0,0,NA,NA,22,NA,NA,NA,NA,NA,NA
"747","Cow Bay QUBS","T6","EO.T6",2015-10-27,"1",NA,NA,"P",68,68,64,"4",0,0,NA,NA,16,NA,NA,NA,NA,NA,NA
"82","Cow Bay QUBS","T6","EO.T6",2015-10-27,"1",NA,NA,"P",82,82,86,"4",0,0,NA,NA,21.5,NA,NA,NA,NA,NA,NA
"10","Cow Bay QUBS","T6","EO.T6",2015-10-27,"1",NA,NA,"P",135,135,28,"2",0,0,NA,NA,14,NA,NA,NA,NA,NA,NA
"35","Cow Bay QUBS","T6","EO.T6",2015-10-27,"1",NA,NA,"P",105,105,74,"5",0,0,NA,NA,14.8,NA,NA,NA,NA,NA,NA
"185","Cow Bay QUBS","T6","EO.T6",2015-10-27,"1","6","these are 8 smallish branches with 0 flowers","P",37,37,215,"6",0,0,NA,NA,35.8333333333333,NA,NA,NA,NA,NA,NA
"98","Cow Bay QUBS","T6","EO.T6",2015-10-27,"1",NA,NA,"P",55,55,155,"5",0,0,NA,NA,31,NA,NA,NA,NA,NA,NA
"215","Cow Bay QUBS","T6","EO.T6",2015-10-27,"1",NA,NA,"P",150,150,186,"5",0,0,NA,NA,37.2,NA,NA,NA,NA,NA,NA
"275","Cow Bay QUBS","T6","EO.T6",2015-10-27,"1","6",NA,"P",67,67,101,"5",0,0,NA,NA,20.2,NA,NA,NA,NA,NA,NA
"308","Cow Bay QUBS","T6","EO.T6",2015-10-27,"1","4",NA,"P",10,10,151,"5",0,0,NA,NA,30.2,NA,NA,NA,NA,NA,NA
"511","Cow Bay QUBS","T6","EO.T6",2015-10-27,"1",NA,NA,"P",115,110,177,"5",1,16,NA,NA,35.4,NA,NA,NA,NA,NA,NA
"509","Cow Bay QUBS","T6","EO.T6",2015-10-27,"1",NA,NA,"P",35,35,21,"4",4,21,6.91666666666667,2.62995563967658,5.25,NA,NA,NA,NA,NA,NA
"508","Cow Bay QUBS","T6","EO.T6",2015-10-27,"1",NA,NA,"P",100,100,88,"5",0,0,NA,NA,17.6,NA,NA,NA,NA,NA,NA
"359","Cow Bay QUBS","T6","EO.T6",2015-10-27,"1",NA,NA,"P",100,100,152,"5",0,0,NA,NA,30.4,NA,NA,NA,NA,NA,NA
"391","Cow Bay QUBS","T6","EO.T6",2015-10-27,"1",NA,NA,"P",145,145,276,"5",0,0,NA,NA,55.2,NA,NA,NA,NA,NA,NA
"364","Cow Bay QUBS","T6","EO.T6",2015-10-27,"1",NA,NA,"P",70,70,142,"5",0,0,NA,NA,28.4,NA,NA,NA,NA,NA,NA
"520","Cow Bay QUBS","T6","EO.T6",2015-10-27,"1",NA,NA,"P",80,80,220,"5",0,0,NA,NA,44,NA,NA,NA,NA,NA,NA
"451","Cow Bay QUBS","T6","EO.T6",2015-10-27,"1",NA,NA,"P",185,185,28,"2",0,0,NA,NA,14,NA,NA,NA,NA,NA,NA
"449","Cow Bay QUBS","T6","EO.T6",2015-10-27,"1",NA,NA,"P",110,110,153,"4",0,0,NA,NA,38.25,NA,NA,NA,NA,NA,NA
"720","Cow Bay QUBS","T6","EO.T6",2015-10-27,"1",NA,NA,"P",195,195,100,"5",0,0,NA,NA,20,NA,NA,NA,NA,NA,NA
"76","Cow Bay QUBS","T6","EO.T6",2015-10-27,"1",NA,NA,"P",85,85,154,"5",0,0,NA,NA,30.8,NA,NA,NA,NA,NA,NA
"62","Cow Bay QUBS","T6","EO.T6",2015-10-27,"1",NA,NA,"P",140,140,71,"2",0,0,NA,NA,35.5,NA,NA,NA,NA,NA,NA
"211","Cow Bay QUBS","T6","EO.T6",2015-10-27,"1","3",NA,"P",58,58,104,"3",0,0,NA,NA,34.6666666666667,NA,NA,NA,NA,NA,NA
"121","Cow Bay QUBS","T6","EO.T6",2015-10-27,"1",NA,NA,"P",53,53,67,"4",0,0,NA,NA,16.75,NA,NA,NA,NA,NA,NA
"152","Cow Bay QUBS","T6","EO.T6",2015-10-27,"1",NA,NA,"P",45,45,81,"5",0,0,NA,NA,16.2,NA,NA,NA,NA,NA,NA
"332","Cow Bay QUBS","T6","EO.T6",2015-10-27,"1",NA,NA,"P",77,72,103,"4",0,0,NA,NA,25.75,NA,NA,NA,NA,NA,NA
"500","Constance Lake","M9","ON.M9",2015-10-13,"1",NA,"Only 1 branch had flowers","M",35,35,224,"5",3,92,256.333333333333,16.0104132780304,44.8,"ON.M9","45.40233","-75.97514","226","0","0"
"713","Constance Lake","M9","ON.M9",2015-10-13,"1",NA,"2 branches made flowers","M",70,69,1,"5",5,1,0.2,0.447213595499958,0.2,"ON.M9","45.40233","-75.97514","226","0","0"
"494","Constance Lake","M9","ON.M9",2015-10-13,"1",NA,NA,"M",35,35,94,"5",5,94,163.2,12.774975538137,18.8,"ON.M9","45.40233","-75.97514","226","0","0"
"119","Constance Lake","M9","ON.M9",2015-10-13,"1",NA,NA,"M",30,30,0,"5",0,0,NA,NA,0,"ON.M9","45.40233","-75.97514","226","0","0"
"207","Constance Lake","M9","ON.M9",2015-10-13,"1",NA,NA,"M",25,0,0,"5",5,0,0,0,0,"ON.M9","45.40233","-75.97514","226","0","0"
"680","Constance Lake","M9","ON.M9",2015-10-13,"1",NA,NA,"M",13,13,0,"5",5,0,0,0,0,"ON.M9","45.40233","-75.97514","226","0","0"
"25","Constance Lake","M9","ON.M9",2015-10-13,"stema",NA,"ALL LATE ABORTED SEEDS","M",40,30,2,"5",5,2,0.8,0.894427190999916,0.4,"ON.M9","45.40233","-75.97514","226","0","0"
"25","Constance Lake","M9","ON.M9",2015-10-13,"stemb",NA,NA,"M",40,30,2,"5",5,2,0.8,0.894427190999916,0.4,"ON.M9","45.40233","-75.97514","226","0","0"
"149","Constance Lake","M9","ON.M9",2015-10-13,"1",NA,NA,"M",80,80,5,"5",5,5,5,2.23606797749979,1,"ON.M9","45.40233","-75.97514","226","0","0"
"584","Constance Lake","M9","ON.M9",2015-10-13,"1",NA,NA,"M",20,20,25,"6",6,25,53.7666666666667,7.33257571844074,4.16666666666667,"ON.M9","45.40233","-75.97514","226","0","0"
"110","Constance Lake","M9","ON.M9",2015-10-13,"1",NA,NA,"M",35,30,8,"5",5,8,12.8,3.57770876399966,1.6,"ON.M9","45.40233","-75.97514","226","0","0"
"204","Constance Lake","M9","ON.M9",2015-10-13,"1",NA,"parasite on plant","M",20,20,210,"7",2,24,50,7.07106781186548,30,"ON.M9","45.40233","-75.97514","226","0","0"
"258","Constance Lake","M9","ON.M9",2015-10-13,"1",NA,NA,"M",3,3,41,"3",0,0,NA,NA,13.6666666666667,"ON.M9","45.40233","-75.97514","226","0","0"
"707","Constance Lake","M9","ON.M9",2015-10-13,"1",NA,NA,"M",45,20,90,"9",9,90,144.75,12.031209415516,10,"ON.M9","45.40233","-75.97514","226","0","0"
"13","Constance Lake","M9","ON.M9",2015-10-13,"1",NA,NA,"M",7,7,80,"7",0,0,NA,NA,11.4285714285714,"ON.M9","45.40233","-75.97514","226","0","0"
"202","Constance Lake","M9","ON.M9",2015-10-13,"1",NA,NA,"M",10,7,149,"5",5,149,392.2,19.8040399918804,29.8,"ON.M9","45.40233","-75.97514","226","0","0"
"140","Constance Lake","M9","ON.M9",2015-10-13,"1",NA,NA,"M",75,75,272,"5",0,0,NA,NA,54.4,"ON.M9","45.40233","-75.97514","226","0","0"
"653","Constance Lake","M9","ON.M9",2015-10-13,"1",NA,"ALL LATE ABORTED SEEDS","M",35,30,0,"6",1,0,NA,NA,0,"ON.M9","45.40233","-75.97514","226","0","0"
"565","Constance Lake","M9","ON.M9",2015-10-13,"1",NA,NA,"M",35,0,0,"0",1,0,NA,NA,0,"ON.M9","45.40233","-75.97514","226","0","0"
"628","Constance Lake","M9","ON.M9",2015-10-13,"1",NA,NA,"M",15,8,0,"5",5,0,0,0,0,"ON.M9","45.40233","-75.97514","226","0","0"
"658","Constance Lake","M9","ON.M9",2015-10-13,"1",NA,NA,"M",50,50,72,"7",7,72,138.238095238095,11.7574697634353,10.2857142857143,"ON.M9","45.40233","-75.97514","226","0","0"
"122","Constance Lake","M9","ON.M9",2015-10-13,"1",NA,"ALL LATE ABORTED SEEDS","M",21,11,0,"4",3,0,0,0,0,"ON.M9","45.40233","-75.97514","226","0","0"
"598","Constance Lake","M9","ON.M9",2015-10-13,"1","12","ALL LATE ABORTED SEEDS","M",75,75,0,"20",0,0,NA,NA,0,"ON.M9","45.40233","-75.97514","226","0","0"
"710","Constance Lake","M9","ON.M9",2015-10-13,"1",NA,NA,"M",65,63,0,"5",3,0,0,0,0,"ON.M9","45.40233","-75.97514","226","0","0"
"686","Constance Lake","M9","ON.M9",2015-10-13,"1","3","3 ramets each with 10 secondary branches loads of parasite on plants","M",10,8,8,"8",3,8,21.3333333333333,4.61880215351701,1,"ON.M9","45.40233","-75.97514","226","0","0"
"316","Constance Lake","M9","ON.M9",2015-10-13,"1",NA,NA,"M",35,30,30,"5",5,30,56,7.48331477354788,6,"ON.M9","45.40233","-75.97514","226","0","0"
"322","Constance Lake","M9","ON.M9",2015-10-13,"1",NA,NA,"M",110,110,0,"5",5,0,0,0,0,"ON.M9","45.40233","-75.97514","226","0","0"
"470","Constance Lake","M9","ON.M9",2015-10-13,"1",NA,NA,"M",10,10,42,"8",6,42,64,8,5.25,"ON.M9","45.40233","-75.97514","226","0","0"
"282","Constance Lake","M9","ON.M9",2015-10-13,"1",NA,NA,"M",35,20,0,"5",5,0,0,0,0,"ON.M9","45.40233","-75.97514","226","0","0"
"402","Constance Lake","M9","ON.M9",2015-10-13,"1",NA,NA,"M",60,60,48,"8",7,48,122.47619047619,11.0668961536734,6,"ON.M9","45.40233","-75.97514","226","0","0"
"377","Constance Lake","M9","ON.M9",2015-10-13,"1","2",NA,"M",15,12,1,"8",3,1,0.333333333333333,0.577350269189626,0.125,"ON.M9","45.40233","-75.97514","226","0","0"
"590","Constance Lake","M9","ON.M9",2015-10-13,"1",NA,NA,"M",20,8,18,"5",5,18,64.8,8.04984471899924,3.6,"ON.M9","45.40233","-75.97514","226","0","0"
"715","Constance Lake","M9","ON.M9",2015-10-13,"stema","2","2 stems the second stem has 9 secondary branches and 0 flowers","M",45,45,0,"13",0,0,NA,NA,0,"ON.M9","45.40233","-75.97514","226","0","0"
"715","Constance Lake","M9","ON.M9",2015-10-13,"stemb",NA,NA,"M",45,45,0,"13",0,0,NA,NA,0,"ON.M9","45.40233","-75.97514","226","0","0"
"269","Mud Lake","M3","ON.M3",2015-10-16,"1","6",NA,"M",10,8,55,"5",1,2,NA,NA,11,"ON.M3","44.19519","-79.20264","0","425","0"
"64","Mud Lake","M3","ON.M3",2015-10-16,"1","8",NA,"M",195,190,215,"6",0,0,NA,NA,35.8333333333333,"ON.M3","44.19519","-79.20264","0","425","0"
"481","Mud Lake","M3","ON.M3",2015-10-16,"1","12",NA,"M",20,20,41,"5",0,0,NA,NA,8.2,"ON.M3","44.19519","-79.20264","0","425","0"
"721","Mud Lake","M3","ON.M3",2015-10-16,"1","15",NA,"M",10,9,49,"5",5,49,39.7,6.30079360080935,9.8,"ON.M3","44.19519","-79.20264","0","425","0"
"722","Mud Lake","M3","ON.M3",2015-10-16,"1","15",NA,"M",20,15,42,"5",0,0,NA,NA,8.4,"ON.M3","44.19519","-79.20264","0","425","0"
"85","Mud Lake","M3","ON.M3",2015-10-16,"1",NA,NA,"M",75,60,74,"6",2,11,60.5,7.77817459305202,12.3333333333333,"ON.M3","44.19519","-79.20264","0","425","0"
"56","Mud Lake","M3","ON.M3",2015-10-16,"1",NA,NA,"M",35,30,37,"5",0,0,NA,NA,7.4,"ON.M3","44.19519","-79.20264","0","425","0"
"206","Mud Lake","M3","ON.M3",2015-10-16,"1","8","fruit1 has 3 seeds fruit2 1","M",6,2,3,"2",0,0,NA,NA,1.5,"ON.M3","44.19519","-79.20264","0","425","0"
"239","Mud Lake","M3","ON.M3",2015-10-16,"1","8","might be all aborted fruit","M",11,0,12,"5",5,12,7.3,2.70185121722126,2.4,"ON.M3","44.19519","-79.20264","0","425","0"
"179","Mud Lake","M3","ON.M3",2015-10-16,"1",NA,NA,"M",15,10,36,"5",2,4,2,1.4142135623731,7.2,"ON.M3","44.19519","-79.20264","0","425","0"
"151","Mud Lake","M3","ON.M3",2015-10-16,"1",NA,NA,"M",30,27,45,"5",0,0,NA,NA,9,"ON.M3","44.19519","-79.20264","0","425","0"
"115","Mud Lake","M3","ON.M3",2015-10-16,"1",NA,NA,"M",55,45,43,"4",0,0,NA,NA,10.75,"ON.M3","44.19519","-79.20264","0","425","0"
"24","Mud Lake","M3","ON.M3",2015-10-16,"1",NA,NA,"M",98,93,33,"4",0,0,NA,NA,8.25,"ON.M3","44.19519","-79.20264","0","425","0"
"538","Mud Lake","M3","ON.M3",2015-10-16,"1",NA,NA,"M",5,3,0,"3",3,0,0,0,0,"ON.M3","44.19519","-79.20264","0","425","0"
"362","Mud Lake","M3","ON.M3",2015-10-16,"1",NA,NA,"M",35,35,79,"5",0,0,NA,NA,15.8,"ON.M3","44.19519","-79.20264","0","425","0"
"719","Mud Lake","M3","ON.M3",2015-10-16,"1",NA,NA,"M",25,25,38,"5",1,2,NA,NA,7.6,"ON.M3","44.19519","-79.20264","0","425","0"
"569","Mud Lake","M3","ON.M3",2015-10-16,"1",NA,NA,"M",182,182,97,"3",1,34,NA,NA,32.3333333333333,"ON.M3","44.19519","-79.20264","0","425","0"
"631","Mud Lake","M3","ON.M3",2015-10-16,"1",NA,NA,"M",10,9,80,"5",0,0,NA,NA,16,"ON.M3","44.19519","-79.20264","0","425","0"
"203","Mud Lake","M3","ON.M3",2015-10-16,"1",NA,NA,"M",4,0,0,"3",3,0,0,0,0,"ON.M3","44.19519","-79.20264","0","425","0"
"31","Mud Lake","M3","ON.M3",2015-10-16,"1",NA,NA,"M",5,3,50,"5",5,50,69.5,8.33666600026653,10,"ON.M3","44.19519","-79.20264","0","425","0"
"718","Mud Lake","M3","ON.M3",2015-10-16,"1",NA,NA,"M",11,7,59,"5",2,20,8,2.82842712474619,11.8,"ON.M3","44.19519","-79.20264","0","425","0"
"91","Mud Lake","M3","ON.M3",2015-10-16,"1",NA,NA,"M",45,40,58,"5",0,0,NA,NA,11.6,"ON.M3","44.19519","-79.20264","0","425","0"
"27","Mud Lake","M3","ON.M3",2015-10-16,"1",NA,"1 fruit with 6 seeds","M",23,1,47,"5",0,0,NA,NA,9.4,"ON.M3","44.19519","-79.20264","0","425","0"
"690","Mud Lake","M3","ON.M3",2015-10-16,"1",NA,NA,"M",20,17,46,"5",5,46,34.7,5.89067059000926,9.2,"ON.M3","44.19519","-79.20264","0","425","0"
"691","Mud Lake","M3","ON.M3",2015-10-16,"1",NA,NA,"M",30,25,64,"5",0,0,NA,NA,12.8,"ON.M3","44.19519","-79.20264","0","425","0"
"661","Mud Lake","M3","ON.M3",2015-10-16,"1",NA,NA,"M",21,20,84,"5",0,0,NA,NA,16.8,"ON.M3","44.19519","-79.20264","0","425","0"
"610","Scugog","D2","ON.D2",2015-10-26,"1",NA,NA,"P",75,75,70,"5",0,0,NA,NA,14,NA,NA,NA,NA,NA,NA
"370","Scugog","D2","ON.D2",2015-10-26,"1",NA,NA,"P",25,23,41,"5",5,41,23.2,4.81663783151692,8.2,NA,NA,NA,NA,NA,NA
"675","Scugog","D2","ON.D2",2015-10-26,"1","5",NA,"P",120,120,82,"5",0,0,NA,NA,16.4,NA,NA,NA,NA,NA,NA
"285","Scugog","D2","ON.D2",2015-10-26,"1","8",NA,"P",50,49,90,"5",2,33,60.5,7.77817459305202,18,NA,NA,NA,NA,NA,NA
"734","Scugog","D2","ON.D2",2015-10-26,"1",NA,NA,"P",20,20,20,"5",5,20,22.5,4.74341649025257,4,NA,NA,NA,NA,NA,NA
"256","Scugog","D2","ON.D2",2015-10-26,"1",NA,NA,"P",90,90,38,"5",1,6,NA,NA,7.6,NA,NA,NA,NA,NA,NA
"634","Scugog","D2","ON.D2",2015-10-26,"1","9",NA,"P",65,60,51,"5",5,51,15.2,3.89871773792359,10.2,NA,NA,NA,NA,NA,NA
"427","Scugog","D2","ON.D2",2015-10-26,"1",NA,NA,"P",50,50,64,"5",0,0,NA,NA,12.8,NA,NA,NA,NA,NA,NA
"460","Scugog","D2","ON.D2",2015-10-26,"1","15",NA,"P",40,38,58,"5",5,58,16.3,4.03732584763727,11.6,NA,NA,NA,NA,NA,NA
"253","Scugog","D2","ON.D2",2015-10-26,"1","15",NA,"P",45,40,30,"5",5,30,14,3.74165738677394,6,NA,NA,NA,NA,NA,NA
"429","Scugog","D2","ON.D2",2015-10-26,"1","5",NA,"P",25,25,54,"5",5,54,20.2,4.49444101084885,10.8,NA,NA,NA,NA,NA,NA
"462","Scugog","D2","ON.D2",2015-10-26,"1","10",NA,"P",40,40,46,"4",4,46,7,2.64575131106459,11.5,NA,NA,NA,NA,NA,NA
"626","Scugog","D2","ON.D2",2015-10-26,"1","4",NA,"P",8,8,52,"5",5,52,6.3,2.50998007960223,10.4,NA,NA,NA,NA,NA,NA
"366","Scugog","D2","ON.D2",2015-10-26,"1",NA,NA,"P",15,15,45,"5",5,45,12.5,3.53553390593274,9,NA,NA,NA,NA,NA,NA
"736","Scugog","D2","ON.D2",2015-10-26,"1","10",NA,"P",30,30,57,"4",2,24,32,5.65685424949238,14.25,NA,NA,NA,NA,NA,NA
"294","Scugog","D2","ON.D2",2015-10-26,"1","6",NA,"P",65,60,68,"5",5,68,10.3,3.20936130717624,13.6,NA,NA,NA,NA,NA,NA
"373","Scugog","D2","ON.D2",2015-10-26,"1",NA,NA,"P",13,13,98,"4",2,55,0.5,0.707106781186548,24.5,NA,NA,NA,NA,NA,NA
"667","Scugog","D2","ON.D2",2015-10-26,"1","5",NA,"P",45,45,55,"5",5,55,21.5,4.63680924774785,11,NA,NA,NA,NA,NA,NA
"289","Scugog","D2","ON.D2",2015-10-26,"1","6",NA,"P",65,60,70,"5",5,70,16.5,4.06201920231798,14,NA,NA,NA,NA,NA,NA
"731","Scugog","D2","ON.D2",2015-10-26,"1","5",NA,"P",30,25,28,"4",4,28,24.6666666666667,4.96655480858378,7,NA,NA,NA,NA,NA,NA
"291","Scugog","D2","ON.D2",2015-10-26,"1","4",NA,"P",15,15,0,"5",5,0,0,0,0,NA,NA,NA,NA,NA,NA
"733","Scugog","D2","ON.D2",2015-10-26,"1","2",NA,"P",20,18,58,"5",2,24,2,1.4142135623731,11.6,NA,NA,NA,NA,NA,NA
"648","Scugog","D2","ON.D2",2015-10-26,"1","8",NA,"P",55,50,63,"5",5,63,10.3,3.20936130717624,12.6,NA,NA,NA,NA,NA,NA
"435","Scugog","D2","ON.D2",2015-10-26,"1","6",NA,"P",25,25,61,"5",5,61,14.7,3.83405790253616,12.2,NA,NA,NA,NA,NA,NA
"489","Scugog","D2","ON.D2",2015-10-26,"1","6",NA,"P",60,60,0,"5",5,0,0,0,0,NA,NA,NA,NA,NA,NA
"468","Scugog","D2","ON.D2",2015-10-26,"1","5 to 40",NA,"P",65,65,39,"5",1,6,NA,NA,7.8,NA,NA,NA,NA,NA,NA
"624","Scugog","D2","ON.D2",2015-10-26,"1","3",NA,"P",60,60,61,"5",0,0,NA,NA,12.2,NA,NA,NA,NA,NA,NA
"314","Scugog","D2","ON.D2",2015-10-26,"1","12",NA,"P",60,60,198,"5",5,198,70.8,8.41427358718505,39.6,NA,NA,NA,NA,NA,NA
"678","Scugog","D2","ON.D2",2015-10-26,"1","6",NA,"P",145,145,67,"5",1,12,NA,NA,13.4,NA,NA,NA,NA,NA,NA
"292","Black River ","T14","ON.T14",2015-10-15,"1",NA,NA,"P",20,20,111,"4",4,111,150.25,12.2576506721313,27.75,NA,NA,NA,NA,NA,NA
"372","Black River ","T14","ON.T14",2015-10-15,"1",NA,NA,"P",45,45,81,"4",0,0,NA,NA,20.25,NA,NA,NA,NA,NA,NA
"637","Black River ","T14","ON.T14",2015-10-15,"1",NA,NA,"P",35,34,8,"5",5,8,6.8,2.60768096208106,1.6,NA,NA,NA,NA,NA,NA
"259","Black River ","T14","ON.T14",2015-10-15,"1",NA,NA,"P",75,75,3,"5",5,3,1.8,1.34164078649987,0.6,NA,NA,NA,NA,NA,NA
"699","Black River ","T14","ON.T14",2015-10-15,"1",NA,NA,"P",12,10,51,"4",4,51,32.25,5.67890834580027,12.75,NA,NA,NA,NA,NA,NA
"702","Black River ","T14","ON.T14",2015-10-15,"1",NA,"ALL LATE ABORTED SEEDS","P",65,60,131,"6",9,84,142.25,11.9268604418766,21.8333333333333,NA,NA,NA,NA,NA,NA
"696","Black River ","T14","ON.T14",2015-10-15,"1",NA,NA,"P",28,26,4,"5",5,4,3.2,1.78885438199983,0.8,NA,NA,NA,NA,NA,NA
"340","Black River ","T14","ON.T14",2015-10-15,"1","3",NA,"P",55,55,94,"4",4,94,121.666666666667,11.0302614051829,23.5,NA,NA,NA,NA,NA,NA
"651","Black River ","T14","ON.T14",2015-10-15,"1",NA,NA,"P",25,10,27,"6",6,27,121.5,11.0227038425243,4.5,NA,NA,NA,NA,NA,NA
"320","Black River ","T14","ON.T14",2015-10-15,"1",NA,NA,"P",35,35,86,"5",5,86,126.2,11.2338773359869,17.2,NA,NA,NA,NA,NA,NA
"284","Holland River","M12","ON.M12",2015-10-15,"1",NA,NA,"M",45,45,0,"5",5,0,0,0,0,NA,NA,NA,NA,NA,NA
"490","Holland River","M12","ON.M12",2015-10-15,"1",NA,NA,"M",20,20,38,"5",0,0,NA,NA,7.6,NA,NA,NA,NA,NA,NA
"332","Holland River","M12","ON.M12",2015-10-15,"1",NA,NA,"M",77,72,103,"4",0,0,NA,NA,25.75,NA,NA,NA,NA,NA,NA
"463","Holland River","M12","ON.M12",2015-10-15,"1","30",NA,"M",15,15,12,"5",5,12,0.8,0.894427190999916,2.4,NA,NA,NA,NA,NA,NA
"317","Holland River","M12","ON.M12",2015-10-15,"1",NA,NA,"M",365,365,26,"5",5,26,7.7,2.77488738510232,5.2,NA,NA,NA,NA,NA,NA
"280","Holland River","M12","ON.M12",2015-10-15,"1",NA,NA,"M",85,85,92,"5",5,92,34.8,5.89915248150105,18.4,NA,NA,NA,NA,NA,NA
"673","Holland River","M12","ON.M12",2015-10-15,"1",NA,NA,"M",30,30,27,"5",5,27,2.3,1.51657508881031,5.4,NA,NA,NA,NA,NA,NA
"557","Holland River","M12","ON.M12",2015-10-15,"1",NA,NA,"M",60,55,13,"5",5,13,1.8,1.34164078649987,2.6,NA,NA,NA,NA,NA,NA
"560","Holland River","M12","ON.M12",2015-10-15,"1",NA,NA,"M",125,125,27,"5",5,27,4.3,2.07364413533277,5.4,NA,NA,NA,NA,NA,NA
"546","Holland River","M12","ON.M12",2015-10-15,"1",NA,NA,"M",270,270,108,"5",5,108,84.8,9.20869154657707,21.6,NA,NA,NA,NA,NA,NA
"676","Holland River","M12","ON.M12",2015-10-15,"1",NA,NA,"M",70,70,49,"5",0,0,NA,NA,9.8,NA,NA,NA,NA,NA,NA
"549","Holland River","M12","ON.M12",2015-10-15,"1",NA,NA,"M",5,5,30,"5",0,0,NA,NA,6,NA,NA,NA,NA,NA,NA
"338","Holland River","M12","ON.M12",2015-10-15,"1",NA,NA,"M",230,230,76,"5",2,33,40.5,6.36396103067893,15.2,NA,NA,NA,NA,NA,NA
"558","Holland River","M12","ON.M12",2015-10-15,"1",NA,NA,"M",110,110,219,"5",5,219,46.7,6.83373982530795,43.8,NA,NA,NA,NA,NA,NA
"341","Holland River","M12","ON.M12",2015-10-15,"1",NA,NA,"M",30,30,29,"5",5,29,4.7,2.16794833886788,5.8,NA,NA,NA,NA,NA,NA
"613","Holland River","M12","ON.M12",2015-10-15,"1",NA,NA,"M",65,65,15,"5",0,0,NA,NA,3,NA,NA,NA,NA,NA,NA
"323","Holland River","M12","ON.M12",2015-10-15,"1",NA,NA,"M",95,95,12,"5",5,12,0.3,0.547722557505166,2.4,NA,NA,NA,NA,NA,NA
"553","Holland River","M12","ON.M12",2015-10-15,"1",NA,NA,"M",105,105,0,"5",0,0,NA,NA,0,NA,NA,NA,NA,NA,NA
"550","Holland River","M12","ON.M12",2015-10-15,"1","3",NA,"M",60,60,115,"6",0,0,NA,NA,19.1666666666667,NA,NA,NA,NA,NA,NA
"616","Holland River","M12","ON.M12",2015-10-15,"1",NA,NA,"M",55,55,59,"5",0,0,NA,NA,11.8,NA,NA,NA,NA,NA,NA
"287","Holland River","M12","ON.M12",2015-10-15,"1","30",NA,"M",21,21,23,"5",5,23,3.3,1.81659021245849,4.6,NA,NA,NA,NA,NA,NA
"697","Holland River","M12","ON.M12",2015-10-15,"1",NA,NA,"M",145,145,16,"5",5,16,7.2,2.68328157299975,3.2,NA,NA,NA,NA,NA,NA
"619","Holland River","M12","ON.M12",2015-10-15,"1",NA,NA,"M",15,15,0,"5",5,0,0,0,0,NA,NA,NA,NA,NA,NA
"643","Holland River","M12","ON.M12",2015-10-15,"1",NA,NA,"M",50,50,59,"5",5,59,13.2,3.63318042491699,11.8,NA,NA,NA,NA,NA,NA
"430","Holland River","M12","ON.M12",2015-10-15,"1",NA,NA,"M",65,65,68,"5",1,12,NA,NA,13.6,NA,NA,NA,NA,NA,NA
"290","Holland River","M12","ON.M12",2015-10-15,"1",NA,NA,"M",185,185,42,"6",0,0,NA,NA,7,NA,NA,NA,NA,NA,NA
"547","Holland River","M12","ON.M12",2015-10-15,"1",NA,NA,"M",55,54,152,"5",5,152,100.3,10.0149887668434,30.4,NA,NA,NA,NA,NA,NA
"700","Barrie","M13","ON.M13",2015-10-17,"1",NA,NA,"M",58,58,153,"6",2,39,180.5,13.4350288425444,25.5,NA,NA,NA,NA,NA,NA
"466","Barrie","M13","ON.M13",2015-10-17,"1",NA,NA,"M",33,33,62,"5",3,21,1,1,12.4,NA,NA,NA,NA,NA,NA
"493","Barrie","M13","ON.M13",2015-10-17,"1","6",NA,"M",55,55,128,"7",2,38,72,8.48528137423857,18.2857142857143,NA,NA,NA,NA,NA,NA
"679","Barrie","M13","ON.M13",2015-10-17,"1","2",NA,"M",30,30,110,"5",1,26,NA,NA,22,NA,NA,NA,NA,NA,NA
"640","Barrie","M13","ON.M13",2015-10-17,"1",NA,NA,"M",90,90,57,"5",2,20,50,7.07106781186548,11.4,NA,NA,NA,NA,NA,NA
"281","Barrie","M13","ON.M13",2015-10-17,"1",NA,NA,"M",60,60,67,"5",5,67,8.3,2.88097205817759,13.4,NA,NA,NA,NA,NA,NA
"739","Barrie","M13","ON.M13",2015-10-17,"stema",NA,NA,"M",27,27,86,"5",2,19,60.5,7.77817459305202,17.2,NA,NA,NA,NA,NA,NA
"739","Barrie","M13","ON.M13",2015-10-17,"stemb",NA,NA,"M",27,27,86,"5",2,19,60.5,7.77817459305202,17.2,NA,NA,NA,NA,NA,NA
"344","Barrie","M13","ON.M13",2015-10-17,"1",NA,NA,"M",33,33,101,"5",5,101,22.2,4.7116875957559,20.2,NA,NA,NA,NA,NA,NA
"737","Barrie","M13","ON.M13",2015-10-17,"1",NA,NA,"M",35,32,122,"5",0,0,NA,NA,24.4,NA,NA,NA,NA,NA,NA
"347","Barrie","M13","ON.M13",2015-10-17,"1",NA,NA,"M",17,17,76,"5",5,76,17.2,4.14728827066554,15.2,NA,NA,NA,NA,NA,NA
"740","Barrie","M13","ON.M13",2015-10-17,"1",NA,NA,"M",35,33,84,"5",5,84,34.7,5.89067059000926,16.8,NA,NA,NA,NA,NA,NA
"446","Barrie","M13","ON.M13",2015-10-17,"1",NA,NA,"M",12,12,69,"5",2,29,40.5,6.36396103067893,13.8,NA,NA,NA,NA,NA,NA
"187","Barrie","M13","ON.M13",2015-10-17,"1",NA,NA,"M",60,55,128,"6",0,0,NA,NA,21.3333333333333,NA,NA,NA,NA,NA,NA
"469","Barrie","M13","ON.M13",2015-10-17,"1",NA,NA,"M",45,44,142,"6",2,39,0.5,0.707106781186548,23.6666666666667,NA,NA,NA,NA,NA,NA
"742","Barrie","M13","ON.M13",2015-10-17,"1",NA,NA,"M",18,17,85,"5",0,0,NA,NA,17,NA,NA,NA,NA,NA,NA
"498","Barrie","M13","ON.M13",2015-10-17,"1",NA,NA,"M",25,24,0,"5",5,0,0,0,0,NA,NA,NA,NA,NA,NA
"326","Barrie","M13","ON.M13",2015-10-17,"1",NA,NA,"M",40,35,92,"5",3,59,9.33333333333333,3.05505046330389,18.4,NA,NA,NA,NA,NA,NA
"561","Barrie","M13","ON.M13",2015-10-17,"1",NA,NA,"M",58,58,70,"4",4,70,11,3.3166247903554,17.5,NA,NA,NA,NA,NA,NA
"433","Barrie","M13","ON.M13",2015-10-17,"1",NA,NA,"M",100,100,129,"6",3,66,13,3.60555127546399,21.5,NA,NA,NA,NA,NA,NA
"681","Barrie","M13","ON.M13",2015-10-17,"1",NA,NA,"M",25,25,121,"5",1,36,NA,NA,24.2,NA,NA,NA,NA,NA,NA
"438","Barrie","M13","ON.M13",2015-10-17,"1",NA,NA,"M",140,140,129,"5",1,29,NA,NA,25.8,NA,NA,NA,NA,NA,NA
"654","Barrie","M13","ON.M13",2015-10-17,"1",NA,NA,"M",100,100,94,"5",0,0,NA,NA,18.8,NA,NA,NA,NA,NA,NA
"350","Barrie","M13","ON.M13",2015-10-17,"1",NA,NA,"M",70,70,77,"6",6,77,56.5666666666667,7.52108148251744,12.8333333333333,NA,NA,NA,NA,NA,NA
"293","Barrie","M13","ON.M13",2015-10-17,"1",NA,NA,"M",28,28,92,"5",3,56,0.333333333333333,0.577350269189626,18.4,NA,NA,NA,NA,NA,NA
"375","Barrie","M13","ON.M13",2015-10-17,"1",NA,NA,"M",50,47,56,"5",5,56,9.2,3.03315017762062,11.2,NA,NA,NA,NA,NA,NA
"262","Barrie","M13","ON.M13",2015-10-17,"1",NA,NA,"M",60,60,72,"5",2,30,0,0,14.4,NA,NA,NA,NA,NA,NA
"622","Barrie","M13","ON.M13",2015-10-17,"1",NA,NA,"M",65,65,158,"6",6,158,54.6666666666667,7.39369100427294,26.3333333333333,NA,NA,NA,NA,NA,NA
"732","Barrie","M13","ON.M13",2015-10-17,"1",NA,NA,"M",6,6,43,"3",3,43,174.333333333333,13.2035348802256,14.3333333333333,NA,NA,NA,NA,NA,NA
"706","Barrie","M13","ON.M13",2015-10-17,"1",NA,NA,"M",75,75,135,"6",0,0,NA,NA,22.5,NA,NA,NA,NA,NA,NA
"295","Barrie","M13","ON.M13",2015-10-17,"1",NA,NA,"M",23,23,122,"6",1,19,NA,NA,20.3333333333333,NA,NA,NA,NA,NA,NA
"495","Barrie","M13","ON.M13",2015-10-17,"1",NA,NA,"M",40,40,121,"6",6,121,26.9666666666667,5.19294393062997,20.1666666666667,NA,NA,NA,NA,NA,NA
"564","Barrie","M13","ON.M13",2015-10-17,"1",NA,NA,"M",7,7,29,"2",2,29,60.5,7.77817459305202,14.5,NA,NA,NA,NA,NA,NA
"265","Barrie","M13","ON.M13",2015-10-17,"1",NA,NA,"M",16,15,0,"5",5,0,0,0,0,NA,NA,NA,NA,NA,NA
"682","Lafarce","M14","ON.M14",2015-10-17,"1",NA,NA,"M",11,11,46,"5",2,15,4.5,2.12132034355964,9.2,NA,NA,NA,NA,NA,NA
"268","Lafarce","M14","ON.M14",2015-10-17,"1",NA,NA,"M",3,3,24,"3",3,24,4,2,8,NA,NA,NA,NA,NA,NA
"684","Lafarce","M14","ON.M14",2015-10-17,"1",NA,NA,"M",9,9,20,"5",5,20,18,4.24264068711928,4,NA,NA,NA,NA,NA,NA
"471","Lafarce","M14","ON.M14",2015-10-17,"1",NA,NA,"M",17,17,33,"4",0,0,NA,NA,8.25,NA,NA,NA,NA,NA,NA
"660","Lafarce","M14","ON.M14",2015-10-17,"1",NA,NA,"M",16,14,39,"5",5,39,7.2,2.68328157299975,7.8,NA,NA,NA,NA,NA,NA
"441","Lafarce","M14","ON.M14",2015-10-17,"1",NA,NA,"M",7,2,14,"2",2,14,8,2.82842712474619,7,NA,NA,NA,NA,NA,NA
"627","Lafarce","M14","ON.M14",2015-10-17,"1",NA,NA,"M",14,14,45,"5",5,45,2,1.4142135623731,9,NA,NA,NA,NA,NA,NA
"745","Lafarce","M14","ON.M14",2015-10-17,"1",NA,NA,"M",27,27,45,"5",3,23,14.3333333333333,3.78593889720018,9,NA,NA,NA,NA,NA,NA
"376","Lafarce","M14","ON.M14",2015-10-17,"1",NA,NA,"M",15,15,23,"5",5,23,6.3,2.50998007960223,4.6,NA,NA,NA,NA,NA,NA
"378","Lafarce","M14","ON.M14",2015-10-17,"1",NA,NA,"M",4,4,28,"4",4,28,3.33333333333333,1.82574185835055,7,NA,NA,NA,NA,NA,NA
"444","Lafarce","M14","ON.M14",2015-10-17,"1",NA,NA,"M",8,8,27,"5",5,27,6.8,2.60768096208106,5.4,NA,NA,NA,NA,NA,NA
"630","Lafarce","M14","ON.M14",2015-10-17,"1",NA,NA,"M",14,14,33,"5",5,33,3.8,1.94935886896179,6.6,NA,NA,NA,NA,NA,NA
"567","Lafarce","M14","ON.M14",2015-10-17,"1",NA,NA,"M",19,19,25,"4",4,25,10.9166666666667,3.30403793359983,6.25,NA,NA,NA,NA,NA,NA
"329","Lafarce","M14","ON.M14",2015-10-17,"1",NA,NA,"M",12,3,14,"3",3,14,4.33333333333333,2.08166599946613,4.66666666666667,NA,NA,NA,NA,NA,NA
"474","Lafarce","M14","ON.M14",2015-10-17,"1",NA,NA,"M",14,12,50,"5",1,6,NA,NA,10,NA,NA,NA,NA,NA,NA
"496","Lafarce","M14","ON.M14",2015-10-17,"1",NA,NA,"M",16,16,43,"5",5,43,4.3,2.07364413533277,8.6,NA,NA,NA,NA,NA,NA
"55","Lafarce","M14","ON.M14",2015-10-17,"1",NA,NA,"M",10,10,42,"5",5,42,15.3,3.91152144312159,8.4,NA,NA,NA,NA,NA,NA
"278","Lafarce","M14","ON.M14",2015-10-17,"1",NA,NA,"M",12,10,20,"5",5,20,1.5,1.22474487139159,4,NA,NA,NA,NA,NA,NA
"599","Lafarce","M14","ON.M14",2015-10-17,"1",NA,NA,"M",1,1,11,"1",1,11,NA,NA,11,NA,NA,NA,NA,NA,NA
"709","Lafarce","M14","ON.M14",2015-10-17,"1","8",NA,"M",8,8,46,"4",4,46,5.66666666666667,2.38047614284762,11.5,NA,NA,NA,NA,NA,NA
"693","Lafarce","M14","ON.M14",2015-10-17,"1","3",NA,"M",40,7,30,"6",6,30,2.4,1.54919333848297,5,NA,NA,NA,NA,NA,NA
"447","Lafarce","M14","ON.M14",2015-10-17,"1",NA,NA,"M",9,6,19,"4",0,0,NA,NA,4.75,NA,NA,NA,NA,NA,NA
"271","Lafarce","M14","ON.M14",2015-10-17,"1",NA,NA,"M",26,26,58,"6",6,58,11.0666666666667,3.32665998663324,9.66666666666667,NA,NA,NA,NA,NA,NA
"297","Lafarce","M14","ON.M14",2015-10-17,"1",NA,NA,"M",23,23,33,"5",5,33,7.3,2.70185121722126,6.6,NA,NA,NA,NA,NA,NA
"381","Lafarce","M14","ON.M14",2015-10-17,"1",NA,NA,"M",3,3,12,"3",3,12,7,2.64575131106459,4,NA,NA,NA,NA,NA,NA
"352","Lafarce","M14","ON.M14",2015-10-17,"1",NA,NA,"M",15,15,44,"5",2,17,4.5,2.12132034355964,8.8,NA,NA,NA,NA,NA,NA
"748","Lafarce","M14","ON.M14",2015-10-17,"1",NA,"might have few seeds, 2 fruithave 1-3 seeds","M",11,11,40,"6",6,40,3.86666666666667,1.96638416050035,6.66666666666667,NA,NA,NA,NA,NA,NA
"397","Lafarce","M14","ON.M14",2015-10-17,"1",NA,NA,"M",5,5,33,"4",4,33,16.25,4.03112887414927,8.25,NA,NA,NA,NA,NA,NA
"585","Lafarce","M14","ON.M14",2015-10-17,"1",NA,NA,"M",8,7,29,"4",4,29,3.58333333333333,1.89296944860009,7.25,NA,NA,NA,NA,NA,NA
"577","Horseshoe Lake","M1","ON.M1",2015-10-18,"1",NA,NA,"M",117,112,109,"5",5,109,41.7,6.45755371638518,21.8,"ON.M1","44.98755","-78.66669","387","0","0"
"534","Horseshoe Lake","M1","ON.M1",2015-10-18,"1",NA,NA,"M",35,30,86,"6",6,86,0.666666666666667,0.816496580927726,14.3333333333333,"ON.M1","44.98755","-78.66669","387","0","0"
"412","Horseshoe Lake","M1","ON.M1",2015-10-18,"1",NA,NA,"M",5,5,55,"4",4,55,2.91666666666667,1.70782512765993,13.75,"ON.M1","44.98755","-78.66669","387","0","0"
"52","Horseshoe Lake","M1","ON.M1",2015-10-18,"1",NA,NA,"M",95,95,71,"6",6,71,12.9666666666667,3.60092580688171,11.8333333333333,"ON.M1","44.98755","-78.66669","387","0","0"
"576","Horseshoe Lake","M1","ON.M1",2015-10-18,"1",NA,NA,"M",25,15,57,"5",5,57,2.3,1.51657508881031,11.4,"ON.M1","44.98755","-78.66669","387","0","0"
"531","Horseshoe Lake","M1","ON.M1",2015-10-18,"1",NA,NA,"M",15,13,32,"5",5,32,9.3,3.04959013639538,6.4,"ON.M1","44.98755","-78.66669","387","0","0"
"184","Horseshoe Lake","M1","ON.M1",2015-10-18,"1",NA,NA,"M",30,30,67,"7",7,67,4.95238095238095,2.22539456105675,9.57142857142857,"ON.M1","44.98755","-78.66669","387","0","0"
"406","Horseshoe Lake","M1","ON.M1",2015-10-18,"1",NA,NA,"M",9,0,0,"0",1,0,NA,NA,0,"ON.M1","44.98755","-78.66669","387","0","0"
"594","Horseshoe Lake","M1","ON.M1",2015-10-18,"1",NA,NA,"M",45,45,74,"6",6,74,13.8666666666667,3.72379734500505,12.3333333333333,"ON.M1","44.98755","-78.66669","387","0","0"
"725","Horseshoe Lake","M1","ON.M1",2015-10-18,"1",NA,NA,"M",13,10,48,"5",5,48,19.8,4.4497190922574,9.6,"ON.M1","44.98755","-78.66669","387","0","0"
"409","Horseshoe Lake","M1","ON.M1",2015-10-18,"1",NA,NA,"M",80,80,64,"5",5,64,12.7,3.56370593624109,12.8,"ON.M1","44.98755","-78.66669","387","0","0"
"504","Horseshoe Lake","M1","ON.M1",2015-10-18,"1",NA,NA,"M",75,75,145,"6",2,51,12.5,3.53553390593274,24.1666666666667,"ON.M1","44.98755","-78.66669","387","0","0"
"61","Horseshoe Lake","M1","ON.M1",2015-10-18,"1",NA,NA,"M",60,60,129,"8",0,0,NA,NA,16.125,"ON.M1","44.98755","-78.66669","387","0","0"
"705","Horseshoe Lake","M1","ON.M1",2015-10-18,"1",NA,NA,"M",70,70,74,"7",7,74,15.6190476190476,3.95209408023742,10.5714285714286,"ON.M1","44.98755","-78.66669","387","0","0"
"424","Horseshoe Lake","M1","ON.M1",2015-10-18,"1",NA,NA,"M",14,14,72,"6",6,72,8,2.82842712474619,12,"ON.M1","44.98755","-78.66669","387","0","0"
"403","Horseshoe Lake","M1","ON.M1",2015-10-18,"1",NA,NA,"M",60,60,84,"5",5,84,22.2,4.7116875957559,16.8,"ON.M1","44.98755","-78.66669","387","0","0"
"46","Horseshoe Lake","M1","ON.M1",2015-10-18,"1",NA,NA,"M",55,55,84,"5",5,84,29.7,5.44977063737548,16.8,"ON.M1","44.98755","-78.66669","387","0","0"
"701","Horseshoe Lake","M1","ON.M1",2015-10-18,"1",NA,NA,"M",70,68,144,"8",8,144,31.7142857142857,5.63154381269344,18,"ON.M1","44.98755","-78.66669","387","0","0"
"443","Horseshoe Lake","M1","ON.M1",2015-10-18,"1",NA,NA,"M",60,48,171,"6",3,81,37,6.08276253029822,28.5,"ON.M1","44.98755","-78.66669","387","0","0"
"728","Horseshoe Lake","M1","ON.M1",2015-10-18,"1",NA,NA,"M",45,45,93,"5",5,93,4.3,2.07364413533277,18.6,"ON.M1","44.98755","-78.66669","387","0","0"
"245","Horseshoe Lake","M1","ON.M1",2015-10-18,"1",NA,NA,"M",25,25,114,"6",6,114,204.8,14.3108350559987,19,"ON.M1","44.98755","-78.66669","387","0","0"
"363","Horseshoe Lake","M1","ON.M1",2015-10-18,"1",NA,NA,"M",95,90,77,"5",5,77,2.8,1.67332005306815,15.4,"ON.M1","44.98755","-78.66669","387","0","0"
"335","Horseshoe Lake","M1","ON.M1",2015-10-18,"1",NA,NA,"M",12,12,64,"5",5,64,33.7,5.80517010948,12.8,"ON.M1","44.98755","-78.66669","387","0","0"
"712","Horseshoe Lake","M1","ON.M1",2015-10-18,"1",NA,NA,"M",28,28,94,"5",0,0,NA,NA,18.8,"ON.M1","44.98755","-78.66669","387","0","0"
"591","Horseshoe Lake","M1","ON.M1",2015-10-18,"1",NA,NA,"M",14,14,80,"5",5,80,16.5,4.06201920231798,16,"ON.M1","44.98755","-78.66669","387","0","0"
"400","Horseshoe Lake","M1","ON.M1",2015-10-18,"1",NA,NA,"M",30,30,83,"5",3,52,6.33333333333333,2.51661147842358,16.6,"ON.M1","44.98755","-78.66669","387","0","0"
"190","Horseshoe Lake","M1","ON.M1",2015-10-18,"1",NA,NA,"M",68,68,149,"5",5,149,51.7,7.19027120489902,29.8,"ON.M1","44.98755","-78.66669","387","0","0"
"574","Horseshoe Lake","M1","ON.M1",2015-10-18,"1",NA,NA,"M",25,25,100,"5",2,39,60.5,7.77817459305202,20,"ON.M1","44.98755","-78.66669","387","0","0"
"694","Horseshoe Lake","M1","ON.M1",2015-10-18,"2",NA,"Only 1 stem flowering","M",50,45,57,"5",5,57,10.3,3.20936130717624,11.4,"ON.M1","44.98755","-78.66669","387","0","0"
"24","Horseshoe Lake","M1","ON.M1",2015-10-18,"1",NA,NA,"M",98,93,33,"4",0,0,NA,NA,8.25,"ON.M1","44.98755","-78.66669","387","0","0"
"501","Horseshoe Lake","M1","ON.M1",2015-10-18,"2",NA,"Only 1 stem flowering","M",85,85,85,"5",2,35,40.5,6.36396103067893,17,"ON.M1","44.98755","-78.66669","387","0","0"
"582","Lac LaPeche","M10","ON.M10",2015-10-12,"1",NA,NA,"M",80,80,32,"5",5,32,1.3,1.14017542509914,6.4,NA,NA,NA,NA,NA,NA
"597","Lac LaPeche","M10","ON.M10",2015-10-12,"1",NA,NA,"M",80,80,42,"5",5,42,8.3,2.88097205817759,8.4,NA,NA,NA,NA,NA,NA
"698","Lac LaPeche","M10","ON.M10",2015-10-12,"1",NA,NA,"M",20,20,39,"5",5,39,5.2,2.28035085019828,7.8,NA,NA,NA,NA,NA,NA
"708","Lac LaPeche","M10","ON.M10",2015-10-12,"2",NA,NA,"M",130,130,44,"6",6,44,10.2666666666667,3.20416395751944,7.33333333333333,NA,NA,NA,NA,NA,NA
"394","Lac LaPeche","M10","ON.M10",2015-10-12,"1",NA,NA,"M",20,20,40,"6",6,40,4.66666666666667,2.16024689946929,6.66666666666667,NA,NA,NA,NA,NA,NA
"537","Lac LaPeche","M10","ON.M10",2015-10-12,"1",NA,NA,"M",57,57,36,"5",5,36,7.2,2.68328157299975,7.2,NA,NA,NA,NA,NA,NA
"43","Lac LaPeche","M10","ON.M10",2015-10-12,"1",NA,NA,"M",25,25,41,"7",7,41,12.4761904761905,3.53216512583861,5.85714285714286,NA,NA,NA,NA,NA,NA
"382","Lac LaPeche","M10","ON.M10",2015-10-12,"1",NA,NA,"M",215,215,39,"5",5,39,7.2,2.68328157299975,7.8,NA,NA,NA,NA,NA,NA
"172","Lac LaPeche","M10","ON.M10",2015-10-12,"1",NA,NA,"M",26,25,24,"5",5,24,0.2,0.447213595499958,4.8,NA,NA,NA,NA,NA,NA
"235","Lac LaPeche","M10","ON.M10",2015-10-12,"1",NA,NA,"M",5,5,26,"4",4,26,6.33333333333333,2.51661147842358,6.5,NA,NA,NA,NA,NA,NA
"677","Lac LaPeche","M10","ON.M10",2015-10-12,"1",NA,NA,"M",20,20,42,"5",5,42,5.3,2.30217288664427,8.4,NA,NA,NA,NA,NA,NA
"325","Lac LaPeche","M10","ON.M10",2015-10-12,"1",NA,NA,"M",540,540,237,"25",0,0,NA,NA,9.48,NA,NA,NA,NA,NA,NA
"472","Lac LaPeche","M10","ON.M10",2015-10-12,"1",NA,NA,"M",150,150,39,"5",5,39,5.2,2.28035085019828,7.8,NA,NA,NA,NA,NA,NA
"499","Lac LaPeche","M10","ON.M10",2015-10-12,"1",NA,NA,"M",110,109,52,"6",6,52,3.86666666666667,1.96638416050035,8.66666666666667,NA,NA,NA,NA,NA,NA
"263","Lac LaPeche","M10","ON.M10",2015-10-12,"1",NA,NA,"M",65,65,43,"7",7,43,6.80952380952381,2.60950643025148,6.14285714285714,NA,NA,NA,NA,NA,NA
"439","Lac LaPeche","M10","ON.M10",2015-10-12,"1",NA,NA,"M",6,5,24,"6",3,3,1,1,4,NA,NA,NA,NA,NA,NA
"86","Lac LaPeche","M10","ON.M10",2015-10-12,"1",NA,NA,"M",65,65,65,"7",2,19,4.5,2.12132034355964,9.28571428571429,NA,NA,NA,NA,NA,NA
"583","Lac LaPeche","M10","ON.M10",2015-10-12,"1",NA,NA,"M",25,24,83,"9",3,17,1.33333333333333,1.15470053837925,9.22222222222222,NA,NA,NA,NA,NA,NA
"136","Lac LaPeche","M10","ON.M10",2015-10-12,"1",NA,NA,"M",175,175,45,"5",5,45,2.5,1.58113883008419,9,NA,NA,NA,NA,NA,NA
"296","Lac LaPeche","M10","ON.M10",2015-10-12,"1",NA,"no flowers on secondary branches","M",46,46,58,"5",5,58,11.3,3.36154726279432,11.6,NA,NA,NA,NA,NA,NA
"379","Lac LaPeche","M10","ON.M10",2015-10-12,"1",NA,NA,"M",55,50,28,"5",5,28,9.3,3.04959013639538,5.6,NA,NA,NA,NA,NA,NA
"666","Lac LaPeche","M10","ON.M10",2015-10-12,"1",NA,NA,"M",180,180,56,"5",5,56,9.7,3.11448230047949,11.2,NA,NA,NA,NA,NA,NA
"175","Lac LaPeche","M10","ON.M10",2015-10-12,"1",NA,NA,"M",145,145,534,"6",6,534,41336.4,203.31355095025,89,NA,NA,NA,NA,NA,NA
"47","Kagawong","M15","ON.M15",2015-10-10,"1",NA,NA,"M",25,25,20,"5",5,20,39.5,6.28490254498827,4,"ON.M15","45.90065","-82.25621","0","168","0"
"300","Kagawong","M15","ON.M15",2015-10-10,"1",NA,NA,"M",150,150,44,"5",5,44,27.7,5.26307894677631,8.8,"ON.M15","45.90065","-82.25621","0","168","0"
"157","Kagawong","M15","ON.M15",2015-10-10,"1",NA,NA,"M",35,35,82,"5",5,82,8.3,2.88097205817759,16.4,"ON.M15","45.90065","-82.25621","0","168","0"
"145","Kagawong","M15","ON.M15",2015-10-10,"1",NA,"2 branches have flowers","M",14,14,24,"5",5,24,11.7,3.42052627529741,4.8,"ON.M15","45.90065","-82.25621","0","168","0"
"311","Kagawong","M15","ON.M15",2015-10-10,"1",NA,NA,"M",40,40,59,"5",5,59,21.7,4.65832587954085,11.8,"ON.M15","45.90065","-82.25621","0","168","0"
"687","Kagawong","M15","ON.M15",2015-10-10,"1",NA,NA,"M",110,110,62,"5",5,62,20.8,4.56070170039655,12.4,"ON.M15","45.90065","-82.25621","0","168","0"
"749","Kagawong","M15","ON.M15",2015-10-10,"1",NA,NA,"M",45,45,76,"5",5,76,15.2,3.89871773792359,15.2,"ON.M15","45.90065","-82.25621","0","168","0"
"741","Kagawong","M15","ON.M15",2015-10-10,"1",NA,NA,"M",14,10,22,"5",5,22,8.8,2.96647939483827,4.4,"ON.M15","45.90065","-82.25621","0","168","0"
"139","Kagawong","M15","ON.M15",2015-10-10,"1",NA,"2 branches with fruit","M",12,8,48,"5",5,48,22.3,4.72228758124704,9.6,"ON.M15","45.90065","-82.25621","0","168","0"
"224","Kagawong","M15","ON.M15",2015-10-10,"1",NA,NA,"M",25,25,40,"5",5,40,15.5,3.93700393700591,8,"ON.M15","45.90065","-82.25621","0","168","0"
"74","Kagawong","M15","ON.M15",2015-10-10,"1",NA,NA,"M",100,100,45,"5",5,45,36,6,9,"ON.M15","45.90065","-82.25621","0","168","0"
"44","Kagawong","M15","ON.M15",2015-10-10,"1",NA,NA,"M",55,55,73,"5",5,73,53.3,7.30068489937759,14.6,"ON.M15","45.90065","-82.25621","0","168","0"
"170","Kagawong","M15","ON.M15",2015-10-10,"1",NA,NA,"M",115,115,63,"5",5,63,2.3,1.51657508881031,12.6,"ON.M15","45.90065","-82.25621","0","168","0"
"142","Kagawong","M15","ON.M15",2015-10-10,"1",NA,NA,"M",100,100,78,"5",5,78,21.3,4.61519230368573,15.6,"ON.M15","45.90065","-82.25621","0","168","0"
"659","Kagawong","M15","ON.M15",2015-10-10,"1",NA,"very few seeds","M",100,100,54,"5",5,54,13.7,3.70135110466435,10.8,"ON.M15","45.90065","-82.25621","0","168","0"
"649","Kagawong","M15","ON.M15",2015-10-10,"1",NA,NA,"M",9,9,28,"5",5,28,1.3,1.14017542509914,5.6,"ON.M15","45.90065","-82.25621","0","168","0"
"477","Kagawong","M15","ON.M15",2015-10-10,"1",NA,NA,"M",30,29,29,"5",5,29,11.7,3.42052627529741,5.8,"ON.M15","45.90065","-82.25621","0","168","0"
"556","Kagawong","M15","ON.M15",2015-10-10,"1",NA,NA,"M",120,100,28,"5",5,28,12.8,3.57770876399966,5.6,"ON.M15","45.90065","-82.25621","0","168","0"
"738","Kagawong","M15","ON.M15",2015-10-10,"1",NA,NA,"M",23,19,47,"5",5,47,17.3,4.15932686861708,9.4,"ON.M15","45.90065","-82.25621","0","168","0"
"445","Kagawong","M15","ON.M15",2015-10-10,"1",NA,NA,"M",55,20,15,"5",5,15,4.5,2.12132034355964,3,"ON.M15","45.90065","-82.25621","0","168","0"
"529","Kagawong","M15","ON.M15",2015-10-10,"1",NA,"but only 1 branch has flowers","M",25,25,35,"5",5,35,9.5,3.08220700148449,7,"ON.M15","45.90065","-82.25621","0","168","0"
"656","Kagawong","M15","ON.M15",2015-10-10,"1",NA,NA,"M",70,70,21,"5",5,21,12.7,3.56370593624109,4.2,"ON.M15","45.90065","-82.25621","0","168","0"
"662","Kagawong","M15","ON.M15",2015-10-10,"1",NA,"1branch has flowers","M",30,30,30,"5",5,30,11,3.3166247903554,6,"ON.M15","45.90065","-82.25621","0","168","0"
"161","Kagawong","M15","ON.M15",2015-10-10,"1",NA,NA,"M",200,200,20,"5",5,20,7,2.64575131106459,4,"ON.M15","45.90065","-82.25621","0","168","0"
"502","Kagawong","M15","ON.M15",2015-10-10,"1",NA,"3 branches have flowers","M",80,60,57,"6",0,0,NA,NA,9.5,"ON.M15","45.90065","-82.25621","0","168","0"
"475","Kagawong","M15","ON.M15",2015-10-10,"1",NA,NA,"M",50,50,43,"5",5,43,9.3,3.04959013639538,8.6,"ON.M15","45.90065","-82.25621","0","168","0"
"301","Kagawong","M15","ON.M15",2015-10-10,"1",NA,NA,"M",100,100,14,"5",5,14,4.7,2.16794833886788,2.8,"ON.M15","45.90065","-82.25621","0","168","0"
"743","Kagawong","M15","ON.M15",2015-10-10,"1",NA,NA,"M",30,24,34,"5",5,34,3.2,1.78885438199983,6.8,"ON.M15","45.90065","-82.25621","0","168","0"
"164","Kagawong","M15","ON.M15",2015-10-10,"1",NA,NA,"M",80,80,67,"5",5,67,41.3,6.42650760522385,13.4,"ON.M15","45.90065","-82.25621","0","168","0"
"2","Corry Lake","M16","ON.M16",2015-10-11,"1",NA,NA,"M",50,50,52,"5",1,14,NA,NA,10.4,"ON.M16","45.9982","-77.42983","0","0","51"
"128","Corry Lake","M16","ON.M16",2015-10-11,"1",NA,NA,"M",30,30,69,"8",0,0,NA,NA,8.625,"ON.M16","45.9982","-77.42983","0","0","51"
"158","Corry Lake","M16","ON.M16",2015-10-11,"1",NA,NA,"M",20,20,28,"5",5,28,3.3,1.81659021245849,5.6,"ON.M16","45.9982","-77.42983","0","0","51"
"473","Corry Lake","M16","ON.M16",2015-10-11,"1","20",NA,"M",500,500,50,"14",0,0,NA,NA,3.57142857142857,"ON.M16","45.9982","-77.42983","0","0","51"
"588","Corry Lake","M16","ON.M16",2015-10-11,"1",NA,"Only 1 branch had flowers","M",15,15,21,"5",5,21,3.2,1.78885438199983,4.2,"ON.M16","45.9982","-77.42983","0","0","51"
"37","Corry Lake","M16","ON.M16",2015-10-11,"1",NA,NA,"M",20,20,51,"5",1,14,NA,NA,10.2,"ON.M16","45.9982","-77.42983","0","0","51"
"94","Corry Lake","M16","ON.M16",2015-10-11,"1",NA,NA,"M",70,70,108,"10",0,0,NA,NA,10.8,"ON.M16","45.9982","-77.42983","0","0","51"
"299","Corry Lake","M16","ON.M16",2015-10-11,"1",NA,"Only 1 branch had flowers","M",65,58,15,"5",5,15,16,4,3,"ON.M16","45.9982","-77.42983","0","0","51"
"75","Corry Lake","M16","ON.M16",2015-10-11,"1",NA,NA,"M",13,12,42,"7",1,0,NA,NA,6,"ON.M16","45.9982","-77.42983","0","0","51"
"664","Corry Lake","M16","ON.M16",2015-10-11,"1",NA,NA,"M",100,95,41,"5",5,41,3.7,1.92353840616713,8.2,"ON.M16","45.9982","-77.42983","0","0","51"
"105","Corry Lake","M16","ON.M16",2015-10-11,"1",NA,NA,"M",30,30,62,"8",0,0,NA,NA,7.75,"ON.M16","45.9982","-77.42983","0","0","51"
"541","Corry Lake","M16","ON.M16",2015-10-11,"1",NA,NA,"M",8,8,21,"5",5,21,12.7,3.56370593624109,4.2,"ON.M16","45.9982","-77.42983","0","0","51"
"328","Corry Lake","M16","ON.M16",2015-10-11,"1",NA,"3 branches have flowers","M",30,30,98,"9",0,0,NA,NA,10.8888888888889,"ON.M16","45.9982","-77.42983","0","0","51"
"602","Corry Lake","M16","ON.M16",2015-10-11,"1",NA,"Only 1 branch had flowers","M",20,20,106,"9",2,5,0.5,0.707106781186548,11.7777777777778,"ON.M16","45.9982","-77.42983","0","0","51"
"212","Corry Lake","M16","ON.M16",2015-10-11,"1",NA,"Only 1 branch had flowers","M",10,10,18,"6",0,0,NA,NA,3,"ON.M16","45.9982","-77.42983","0","0","51"
"171","Corry Lake","M16","ON.M16",2015-10-11,"1",NA,"Only 1 branch had flowers","M",8,5,4,"4",0,0,NA,NA,1,"ON.M16","45.9982","-77.42983","0","0","51"
"200","Corry Lake","M16","ON.M16",2015-10-11,"1",NA,NA,"M",55,55,103,"13",0,0,NA,NA,7.92307692307692,"ON.M16","45.9982","-77.42983","0","0","51"
"93","Corry Lake","M16","ON.M16",2015-10-11,"1",NA,NA,"M",15,14,18,"5",3,3,0,0,3.6,"ON.M16","45.9982","-77.42983","0","0","51"
"645","Corry Lake","M16","ON.M16",2015-10-11,"1",NA,NA,"M",30,30,21,"5",2,3,0.5,0.707106781186548,4.2,"ON.M16","45.9982","-77.42983","0","0","51"
"165","Corry Lake","M16","ON.M16",2015-10-11,"1",NA,NA,"M",5,3,14,"2",2,14,8,2.82842712474619,7,"ON.M16","45.9982","-77.42983","0","0","51"
"361","Corry Lake","M16","ON.M16",2015-10-11,"1",NA,NA,"M",24,21,24,"7",2,5,0.5,0.707106781186548,3.42857142857143,"ON.M16","45.9982","-77.42983","0","0","51"
"60","Corry Lake","M16","ON.M16",2015-10-11,"1",NA,NA,"M",85,85,6,"5",5,6,1.7,1.30384048104053,1.2,"ON.M16","45.9982","-77.42983","0","0","51"
"318","Corry Lake","M16","ON.M16",2015-10-11,"1",NA,NA,"M",20,18,45,"7",0,0,NA,NA,6.42857142857143,"ON.M16","45.9982","-77.42983","0","0","51"
"492","Corry Lake","M16","ON.M16",2015-10-11,"1",NA,NA,"M",100,90,38,"9",11,38,9.87272727272727,3.14208963473789,4.22222222222222,"ON.M16","45.9982","-77.42983","0","0","51"
"135","Corry Lake","M16","ON.M16",2015-10-11,"1",NA,NA,"M",15,15,16,"5",5,16,15.7,3.96232255123179,3.2,"ON.M16","45.9982","-77.42983","0","0","51"
"522","Corry Lake","M16","ON.M16",2015-10-11,"1",NA,NA,"M",240,240,7,"5",0,0,NA,NA,1.4,"ON.M16","45.9982","-77.42983","0","0","51"
"182","Corry Lake","M16","ON.M16",2015-10-11,"1",NA,NA,"M",55,55,21,"5",0,0,NA,NA,4.2,"ON.M16","45.9982","-77.42983","0","0","51"
"103","Corry Lake","M16","ON.M16",2015-10-11,"1",NA,NA,"M",35,34,44,"5",1,20,NA,NA,8.8,"ON.M16","45.9982","-77.42983","0","0","51"
"417","Corry Lake","M16","ON.M16",2015-10-11,"1",NA,NA,"M",11,11,48,"5",0,0,NA,NA,9.6,"ON.M16","45.9982","-77.42983","0","0","51"
"503","Corry Lake","M16","ON.M16",2015-10-11,"1",NA,"Only 2 of the secondary branches have flowers","M",30,29,30,"5",5,30,24.5,4.94974746830583,6,"ON.M16","45.9982","-77.42983","0","0","51"
"388","Samuel de Champlain","D10","ON.D10",2015-10-11,"1",NA,"Only 1 branch had flowers","P",5,3,1,"3",3,1,0.333333333333333,0.577350269189626,0.333333333333333,"ON.D10","46.29137","-78.87418","0","2","161"
"436","Samuel de Champlain","D10","ON.D10",2015-10-11,"1",NA,NA,"P",15,0,0,"5",5,0,0,0,0,"ON.D10","46.29137","-78.87418","0","2","161"
"80","Samuel de Champlain","D10","ON.D10",2015-10-11,"1",NA,NA,"P",35,0,0,"5",5,0,0,0,0,"ON.D10","46.29137","-78.87418","0","2","161"
"418","Samuel de Champlain","D10","ON.D10",2015-10-11,"1",NA,NA,"P",20,0,0,"5",5,0,0,0,0,"ON.D10","46.29137","-78.87418","0","2","161"
"71","Samuel de Champlain","D10","ON.D10",2015-10-11,"1",NA,"looks like weevil damage","P",12,0,0,"5",5,0,0,0,0,"ON.D10","46.29137","-78.87418","0","2","161"
"415","Samuel de Champlain","D10","ON.D10",2015-10-11,"1",NA,NA,"P",10,0,0,"3",3,0,0,0,0,"ON.D10","46.29137","-78.87418","0","2","161"
"83","Samuel de Champlain","D10","ON.D10",2015-10-11,"1",NA,NA,"P",38,10,0,"5",5,0,0,0,0,"ON.D10","46.29137","-78.87418","0","2","161"
"38","Samuel de Champlain","D10","ON.D10",2015-10-11,"1",NA,NA,"P",50,25,0,"5",5,0,0,0,0,"ON.D10","46.29137","-78.87418","0","2","161"
"526","Samuel de Champlain","D10","ON.D10",2015-10-11,"1",NA,NA,"P",10,0,0,"0",1,0,NA,NA,0,"ON.D10","46.29137","-78.87418","0","2","161"
"169","Samuel de Champlain","D10","ON.D10",2015-10-11,"1",NA,NA,"P",7,0,0,"4",0,0,NA,NA,0,"ON.D10","46.29137","-78.87418","0","2","161"
"746","Samuel de Champlain","D10","ON.D10",2015-10-11,"1",NA,NA,"P",20,0,0,"0",1,0,NA,NA,0,"ON.D10","46.29137","-78.87418","0","2","161"
"260","Samuel de Champlain","D10","ON.D10",2015-10-11,"1",NA,NA,"P",6,0,0,"2",2,0,0,0,0,"ON.D10","46.29137","-78.87418","0","2","161"
"735","Samuel de Champlain","D10","ON.D10",2015-10-11,"1",NA,"2 branches have flowers; CHANGED FRUIT COUNT TO 0, NO ABORTED SEEDS NO SEEDS =NOT FRUIT","P",35,0,0,"5",5,0,0,0,0,"ON.D10","46.29137","-78.87418","0","2","161"
"155","Samuel de Champlain","D10","ON.D10",2015-10-11,"1",NA,NA,"P",8,1,1,"4",1,1,NA,NA,0.25,"ON.D10","46.29137","-78.87418","0","2","161"
"442","Samuel de Champlain","D10","ON.D10",2015-10-11,"1",NA,NA,"P",15,1,2,"1",1,2,NA,NA,2,"ON.D10","46.29137","-78.87418","0","2","161"
"384","Samuel de Champlain","D10","ON.D10",2015-10-11,"1",NA,NA,"P",12,7,0,"5",5,0,0,0,0,"ON.D10","46.29137","-78.87418","0","2","161"
"199","Samuel de Champlain","D10","ON.D10",2015-10-11,"1",NA,NA,"P",20,1,0,"5",5,0,0,0,0,"ON.D10","46.29137","-78.87418","0","2","161"
"625","Samuel de Champlain","D10","ON.D10",2015-10-11,"1",NA,NA,"P",10,0,0,"0",1,0,NA,NA,0,"ON.D10","46.29137","-78.87418","0","2","161"
"507","Samuel de Champlain","D10","ON.D10",2015-10-11,"1",NA,"low seed in fruit","P",30,10,0,"5",5,0,0,0,0,"ON.D10","46.29137","-78.87418","0","2","161"
"646","Samuel de Champlain","D10","ON.D10",2015-10-11,"1","8",NA,"P",10,1,0,"0",1,0,NA,NA,0,"ON.D10","46.29137","-78.87418","0","2","161"
"385","Samuel de Champlain","D10","ON.D10",2015-10-11,"1","2",NA,"P",10,0,0,"5",5,0,0,0,0,"ON.D10","46.29137","-78.87418","0","2","161"
"196","Samuel de Champlain","D10","ON.D10",2015-10-11,"1","50",NA,"P",100,0,2,"5",5,2,0.8,0.894427190999916,0.4,"ON.D10","46.29137","-78.87418","0","2","161"
"230","Samuel de Champlain","D10","ON.D10",2015-10-11,"1",NA,NA,"P",80,26,0,"5",5,0,0,0,0,"ON.D10","46.29137","-78.87418","0","2","161"
"353","Samuel de Champlain","D10","ON.D10",2015-10-11,"1","36","Only 4 stems in clump with flowers","P",50,25,2,"5",5,2,0.3,0.547722557505166,0.4,"ON.D10","46.29137","-78.87418","0","2","161"
"663","Samuel de Champlain","D10","ON.D10",2015-10-11,"1","10","Only 1 stem in bunch with flowers","P",25,21,20,"7",7,20,1.14285714285714,1.0690449676497,2.85714285714286,"ON.D10","46.29137","-78.87418","0","2","161"
"238","Samuel de Champlain","D10","ON.D10",2015-10-11,"1",NA,NA,"P",1,1,3,"1",1,3,NA,NA,3,"ON.D10","46.29137","-78.87418","0","2","161"
"221","Samuel de Champlain","D10","ON.D10",2015-10-11,"1","16","4 stems with flowers; CHANGED TO 1 FRUIT FROM 4 BECAUSE NONE OF THE FRUITS HAD ABORTED SEEDS OR SEEDS","P",11,1,2,"5",5,2,0.8,0.894427190999916,0.4,"ON.D10","46.29137","-78.87418","0","2","161"
"166","Samuel de Champlain","D10","ON.D10",2015-10-11,"1","41","3 stems with flowers","P",5,4,2,"5",5,2,0.8,0.894427190999916,0.4,"ON.D10","46.29137","-78.87418","0","2","161"
"227","Samuel de Champlain","D10","ON.D10",2015-10-11,"1","14",NA,"P",1,1,0,"5",5,0,0,0,0,"ON.D10","46.29137","-78.87418","0","2","161"
"559","Samuel de Champlain","D10","ON.D10",2015-10-11,"1","4","Only 1 stem with flowers","P",9,1,0,"5",5,0,0,0,0,"ON.D10","46.29137","-78.87418","0","2","161"
"218","Samuel de Champlain","D10","ON.D10",2015-10-11,"1","8",NA,"P",10,0,0,"0",1,0,NA,NA,0,"ON.D10","46.29137","-78.87418","0","2","161"
"704","Samuel de Champlain","D10","ON.D10",2015-10-11,"1","9",NA,"P",10,1,0,"5",5,0,0,0,0,"ON.D10","46.29137","-78.87418","0","2","161"
"580","Samuel de Champlain","D10","ON.D10",2015-10-11,"1","11",NA,"P",32,25,7,"7",5,7,1.8,1.34164078649987,1,"ON.D10","46.29137","-78.87418","0","2","161"
"595","Ardoch","D8","ON.D8",2015-10-10,"1",NA,NA,"P",95,60,17,"5",5,17,3.3,1.81659021245849,3.4,"ON.D8","44.9654","-76.85036","19","0","47"
"194","Ardoch","D8","ON.D8",2015-10-10,"1",NA,"CHANGED FROM 4 FRUIT TO 1, WHEN OPENED THE 3 FRUITS IN LAB THERE WAS NOTHING IN THEM","P",16,1,2,"4",4,2,1,1,0.5,"ON.D8","44.9654","-76.85036","19","0","47"
"112","Ardoch","D8","ON.D8",2015-10-10,"1","20",NA,"P",2,2,0,"2",2,0,0,0,0,"ON.D8","44.9654","-76.85036","19","0","47"
"231","Ardoch","D8","ON.D8",2015-10-10,"1","9",NA,"P",37,37,15,"6",4,11,2.25,1.5,2.5,"ON.D8","44.9654","-76.85036","19","0","47"
"191","Ardoch","D8","ON.D8",2015-10-10,"1","4",NA,"P",50,45,2,"5",3,2,0.333333333333333,0.577350269189626,0.4,"ON.D8","44.9654","-76.85036","19","0","47"
"566","Ardoch","D8","ON.D8",2015-10-10,"1",NA,NA,"P",19,16,5,"5",5,5,0.5,0.707106781186548,1,"ON.D8","44.9654","-76.85036","19","0","47"
"527","Ardoch","D8","ON.D8",2015-10-10,"1",NA,NA,"P",53,52,32,"7",3,13,2.33333333333333,1.52752523165195,4.57142857142857,"ON.D8","44.9654","-76.85036","19","0","47"
"143","Ardoch","D8","ON.D8",2015-10-10,"1","12",NA,"P",100,90,0,"5",0,0,NA,NA,0,"ON.D8","44.9654","-76.85036","19","0","47"
"592","Ardoch","D8","ON.D8",2015-10-10,"1",NA,NA,"P",137,117,34,"5",5,34,39.2,6.26099033699941,6.8,"ON.D8","44.9654","-76.85036","19","0","47"
"437","Ferguson","M11","ON.M11",2015-10-10,"1",NA,"might have high aborted seeds","M",40,0,0,"5",5,0,0,0,0,NA,NA,NA,NA,NA,NA
"210","Ferguson","M11","ON.M11",2015-10-10,"1",NA,"4 branches have flowers","M",60,12,21,"5",5,21,5.7,2.38746727726266,4.2,NA,NA,NA,NA,NA,NA
"431","Ferguson","M11","ON.M11",2015-10-10,"1",NA,NA,"M",130,125,10,"5",5,10,5.5,2.34520787991171,2,NA,NA,NA,NA,NA,NA
"188","Ferguson","M11","ON.M11",2015-10-10,"1",NA,"1 branch has flowers","M",80,20,29,"5",5,29,8.2,2.86356421265527,5.8,NA,NA,NA,NA,NA,NA
"19","Ferguson","M11","ON.M11",2015-10-10,"1",NA,NA,"M",160,5,4,"3",3,4,5.33333333333333,2.3094010767585,1.33333333333333,NA,NA,NA,NA,NA,NA
"685","Ferguson","M11","ON.M11",2015-10-10,"1",NA,NA,"M",118,95,54,"5",5,54,64.7,8.04363102087608,10.8,NA,NA,NA,NA,NA,NA
"134","Ferguson","M11","ON.M11",2015-10-10,"1","11",NA,"M",45,45,231,"5",5,231,155.7,12.4779806058513,46.2,NA,NA,NA,NA,NA,NA
"236","Ferguson","M11","ON.M11",2015-10-10,"1",NA,NA,"M",135,120,248,"5",5,248,158.3,12.5817327900413,49.6,NA,NA,NA,NA,NA,NA
"146","Ferguson","M11","ON.M11",2015-10-10,"1","30",NA,"M",75,35,278,"6",0,0,NA,NA,46.3333333333333,NA,NA,NA,NA,NA,NA
"750","Ferguson","M11","ON.M11",2015-10-10,"1","20","1 fruit has 7 seeds 1 fruit has 5","M",100,2,12,"2",2,12,2,1.4142135623731,6,NA,NA,NA,NA,NA,NA
"744","Ferguson","M11","ON.M11",2015-10-10,"1","25",NA,"M",8,4,12,"5",5,12,5.3,2.30217288664427,2.4,NA,NA,NA,NA,NA,NA
"573","Ferguson","M11","ON.M11",2015-10-10,"1",NA,NA,"M",30,4,32,"4",4,32,22,4.69041575982343,8,NA,NA,NA,NA,NA,NA
"116","Ferguson","M11","ON.M11",2015-10-10,"1",NA,NA,"M",30,4,13,"3",3,13,56.3333333333333,7.50555349946514,4.33333333333333,NA,NA,NA,NA,NA,NA
"16","Ferguson","M11","ON.M11",2015-10-10,"1",NA,NA,"M",25,1,1,"1",1,1,NA,NA,1,NA,NA,NA,NA,NA,NA
"131","Ferguson","M11","ON.M11",2015-10-10,"1",NA,"1 fruit 1 seed","M",50,2,5,"2",2,5,12.5,3.53553390593274,2.5,NA,NA,NA,NA,NA,NA
"226","Ferguson","M11","ON.M11",2015-10-10,"1",NA,NA,"M",40,0,4,"5",5,4,1.2,1.09544511501033,0.8,NA,NA,NA,NA,NA,NA
"586","Ferguson","M11","ON.M11",2015-10-10,"1",NA,NA,"M",28,24,95,"5",1,23,NA,NA,19,NA,NA,NA,NA,NA,NA
"125","Ferguson","M11","ON.M11",2015-10-10,"1",NA,"20 seeds total","M",30,4,20,"4",4,20,11.3333333333333,3.36650164612069,5,NA,NA,NA,NA,NA,NA
"491","Ferguson","M11","ON.M11",2015-10-10,"1",NA,NA,"M",28,6,50,"5",5,50,15,3.87298334620742,10,NA,NA,NA,NA,NA,NA
"533","Ferguson","M11","ON.M11",2015-10-10,"1",NA,"1 fruit has 4 seed 1 fruit has 2 ","M",45,7,12,"3",1,5,NA,NA,4,NA,NA,NA,NA,NA,NA
"589","Ferguson","M11","ON.M11",2015-10-10,"1",NA,NA,"M",25,20,186,"5",5,186,64.7,8.04363102087608,37.2,NA,NA,NA,NA,NA,NA
"596","Ferguson","M11","ON.M11",2015-10-10,"1",NA,"1 branch has flowers","M",15,0,0,"5",5,0,0,0,0,NA,NA,NA,NA,NA,NA
"408","Ferguson","M11","ON.M11",2015-10-10,"1",NA,"1 branch has flowers","M",28,0,0,"5",5,0,0,0,0,NA,NA,NA,NA,NA,NA
"101","Ferguson","M11","ON.M11",2015-10-10,"1",NA,"solo stem","M",55,0,0,"5",0,0,NA,NA,0,NA,NA,NA,NA,NA,NA
"383","Ferguson","M11","ON.M11",2015-10-10,"1",NA,NA,"M",25,0,7,"5",5,7,9.8,3.13049516849971,1.4,NA,NA,NA,NA,NA,NA
"440","Ferguson","M11","ON.M11",2015-10-10,"1",NA,NA,"M",45,0,4,"8",4,4,0.666666666666667,0.816496580927726,0.5,NA,NA,NA,NA,NA,NA
"393","Ferguson","M11","ON.M11",2015-10-10,"1",NA,NA,"M",45,0,0,"5",5,0,0,0,0,NA,NA,NA,NA,NA,NA
"355","Ferguson","M11","ON.M11",2015-10-10,"1",NA,NA,"M",25,0,13,"8",8,13,3.125,1.76776695296637,1.625,NA,NA,NA,NA,NA,NA
"399","Ferguson","M11","ON.M11",2015-10-10,"1",NA,NA,"M",40,0,0,"0",1,0,NA,NA,0,NA,NA,NA,NA,NA,NA
"428","Ferguson","M11","ON.M11",2015-10-10,"1",NA,NA,"M",11,0,0,"0",1,0,NA,NA,0,NA,NA,NA,NA,NA,NA
"319","Ferguson","M11","ON.M11",2015-10-10,"1",NA,NA,"M",12,12,93,"5",5,93,372.8,19.3080294178355,18.6,NA,NA,NA,NA,NA,NA
"354","Ferguson","M11","ON.M11",2015-10-10,"1",NA,NA,"M",100,10,48,"6",6,48,16,4,8,NA,NA,NA,NA,NA,NA
"167","Kagawong","M15","ON.M15",2015-10-10,"1",NA,NA,"M",75,75,87,"5",5,87,24.8,4.97995983919549,17.4,"ON.M15","45.90065","-82.25621","0","168","0"
"532","Kagawong","M15","ON.M15",2015-10-10,"1",NA,NA,"M",115,115,47,"5",5,47,26.8,5.17687164221791,9.4,"ON.M15","45.90065","-82.25621","0","168","0"
"535","Joes Lake","T13","ON.T13",2015-10-09,"1","15","3 branches have flowers","P",29,13,27,"6",6,27,12.3,3.50713558335004,4.5,"ON.T13","45.13526","-76.64032","21","3","127"
"562","Joes Lake","T13","ON.T13",2015-10-09,"1",NA,"3 branches have flowers","P",49,48,59,"5",0,0,NA,NA,11.8,"ON.T13","45.13526","-76.64032","21","3","127"
"652","Joes Lake","T13","ON.T13",2015-10-09,"1",NA,"2 branches have flowers","P",60,52,62,"7",3,62,330.333333333333,18.1750745069541,8.85714285714286,"ON.T13","45.13526","-76.64032","21","3","127"
"173","Joes Lake","T13","ON.T13",2015-10-09,"1",NA,"2 branches have flowers","P",11,10,188,"5",5,188,250.3,15.8208722894789,37.6,"ON.T13","45.13526","-76.64032","21","3","127"
"655","Joes Lake","T13","ON.T13",2015-10-09,"1",NA,"1 branch has flowers","P",38,36,60,"6",6,60,22,4.69041575982343,10,"ON.T13","45.13526","-76.64032","21","3","127"
"233","Joes Lake","T13","ON.T13",2015-10-09,"1",NA,"1 branch has flowers","P",19,18,61,"5",3,30,31,5.56776436283002,12.2,"ON.T13","45.13526","-76.64032","21","3","127"
"176","Joes Lake","T13","ON.T13",2015-10-09,"1",NA,"1 branch has flowers","P",10,10,223,"5",2,81,480.5,21.920310216783,44.6,"ON.T13","45.13526","-76.64032","21","3","127"
"544","Joes Lake","T13","ON.T13",2015-10-09,"1",NA,"1 branch has flowers","P",6,6,4,"5",5,4,1.2,1.09544511501033,0.8,"ON.T13","45.13526","-76.64032","21","3","127"
"205","Joes Lake","T13","ON.T13",2015-10-09,"1",NA,"1 branch has flowers","P",8,8,38,"5",5,38,26.3,5.12835256198323,7.6,"ON.T13","45.13526","-76.64032","21","3","127"
"396","Joes Lake","T13","ON.T13",2015-10-09,"1",NA,"1 branch has flowers","P",9,1,0,"9",0,0,NA,NA,0,"ON.T13","45.13526","-76.64032","21","3","127"
"79","Joes Lake","T13","ON.T13",2015-10-09,"1",NA,"1 branch has flowers","P",9,0,63,"5",5,63,303.8,17.4298594371842,12.6,"ON.T13","45.13526","-76.64032","21","3","127"
"714","Joes Lake","T13","ON.T13",2015-10-09,"1",NA,"1 branch has flowers","P",8,6,28,"5",5,28,17.3,4.15932686861708,5.6,"ON.T13","45.13526","-76.64032","21","3","127"
"113","Joes Lake","T13","ON.T13",2015-10-09,"1",NA,"1 branch has flowers","P",14,0,1,"5",5,1,0.2,0.447213595499958,0.2,"ON.T13","45.13526","-76.64032","21","3","127"
"711","Joes Lake","T13","ON.T13",2015-10-09,"1",NA,NA,"P",70,30,0,"5",5,0,0,0,0,"ON.T13","45.13526","-76.64032","21","3","127"
"154","Joes Lake","T13","ON.T13",2015-10-09,"1",NA,"1 branch has flowers","P",45,43,99,"5",5,99,174.7,13.2174127574197,19.8,"ON.T13","45.13526","-76.64032","21","3","127"
"606","Joes Lake","T13","ON.T13",2015-10-09,"1",NA,"7 branches with flowers","P",77,77,54,"5",5,54,9.2,3.03315017762062,10.8,"ON.T13","45.13526","-76.64032","21","3","127"
"197","Joes Lake","T13","ON.T13",2015-10-09,"1",NA,NA,"P",50,50,48,"5",5,48,19.3,4.39317652729776,9.6,"ON.T13","45.13526","-76.64032","21","3","127"
"22","Joes Lake","T13","ON.T13",2015-10-09,"1",NA,"3 branches have flowers","P",55,55,77,"5",5,77,27.3,5.22494019104525,15.4,"ON.T13","45.13526","-76.64032","21","3","127"
"267","Joes Lake","T13","ON.T13",2015-10-09,"1",NA,"3 branches have flowers","P",55,55,82,"5",5,82,113.3,10.6442472725881,16.4,"ON.T13","45.13526","-76.64032","21","3","127"
"695","Joes Lake","T13","ON.T13",2015-10-09,"1",NA,"3 branches have flowers","P",55,50,62,"5",5,62,64.3,8.01872807869178,12.4,"ON.T13","45.13526","-76.64032","21","3","127"
"92","Joes Lake","T13","ON.T13",2015-10-09,"1",NA,NA,"P",20,20,121,"5",5,121,115.7,10.7563934476199,24.2,"ON.T13","45.13526","-76.64032","21","3","127"
"644","Joes Lake","T13","ON.T13",2015-10-09,"1",NA,NA,"P",80,0,0,"5",0,0,NA,NA,0,"ON.T13","45.13526","-76.64032","21","3","127"
"160","Joes Lake","T13","ON.T13",2015-10-09,"1","20",NA,"P",20,0,0,"10",0,0,NA,NA,0,"ON.T13","45.13526","-76.64032","21","3","127"
"647","Joes Lake","T13","ON.T13",2015-10-09,"1","5",NA,"P",3,3,19,"3",3,19,17.3333333333333,4.16333199893227,6.33333333333333,"ON.T13","45.13526","-76.64032","21","3","127"
"208","Joes Lake","T13","ON.T13",2015-10-09,"1",NA,NA,"P",3,2,29,"2",2,29,60.5,7.77817459305202,14.5,"ON.T13","45.13526","-76.64032","21","3","127"
"689","Joes Lake","T13","ON.T13",2015-10-09,"1","40","Only 1 stem flowering","P",10,0,14,"5",5,14,10.7,3.27108544675922,2.8,"ON.T13","45.13526","-76.64032","21","3","127"
"50","Joes Lake","T13","ON.T13",2015-10-09,"1",NA,"1 branch has flowers","P",15,8,30,"6",6,30,22,4.69041575982343,5,"ON.T13","45.13526","-76.64032","21","3","127"
"147","Joes Lake","T13","ON.T13",2015-10-09,"1",NA,"1 branch has flowers","P",11,0,0,"5",5,0,0,0,0,"ON.T13","45.13526","-76.64032","21","3","127"
"232","Joes Lake","T13","ON.T13",2015-10-09,"1",NA,NA,"P",7,4,96,"4",4,96,72.6666666666667,8.52447456836295,24,"ON.T13","45.13526","-76.64032","21","3","127"
"264","Joes Lake","T13","ON.T13",2015-10-09,"1",NA,NA,"P",5,5,7,"4",4,7,4.25,2.06155281280883,1.75,"ON.T13","45.13526","-76.64032","21","3","127"
"279","Joes Lake","T13","ON.T13",2015-10-09,"1",NA,NA,"P",6,2,2,"5",5,2,0.3,0.547722557505166,0.4,"ON.T13","45.13526","-76.64032","21","3","127"
"137","Joes Lake","T13","ON.T13",2015-10-09,"1","45",NA,"P",12,7,50,"7",7,50,8.47619047619048,2.911389784311,7.14285714285714,"ON.T13","45.13526","-76.64032","21","3","127"
"222","Joes Lake","T13","ON.T13",2015-10-09,"1","20",NA,"P",6,1,11,"1",1,11,NA,NA,11,"ON.T13","45.13526","-76.64032","21","3","127"
"480","Joes Lake","T13","ON.T13",2015-10-09,"1","20","2 fruit with 1 seed; 2 fruit with 2 see; 2 fruit with 3; 1 fruit w 4; 1 fruit w 7","P",15,8,22,"8",0,0,NA,NA,2.75,"ON.T13","45.13526","-76.64032","21","3","127"
"88","Joes Lake","T13","ON.T13",2015-10-09,"1",NA,NA,"P",17,1,17,"6",6,17,3.76666666666667,1.94079021706795,2.83333333333333,"ON.T13","45.13526","-76.64032","21","3","127"
"99","Hindon bog","M6","ON.M6",2015-10-24,"1",NA,NA,"M",20,0,0,"9",9,0,0,0,0,NA,NA,NA,NA,NA,NA
"229","Round Lake","M5","ON.M5",2015-10-24,"1",NA,NA,"M",55,50,6,"3",3,6,7,2.64575131106459,2,"ON.M5","44.81551","-78.77971","0","0","188"
"274","Horseshoe Lake","M1","ON.M1",2015-10-18,"2",NA,NA,"M",68,68,88,"6",6,88,13.0666666666667,3.61478445646026,14.6666666666667,"ON.M1","44.98755","-78.66669","387","0","0"
"337","Holland River","M12","ON.M12",2015-10-15,"1",NA,NA,"M",27,22,21,"6",6,21,0.7,0.836660026534076,3.5,NA,NA,NA,NA,NA,NA
"568","Mud Lake","M3","ON.M3",2015-10-16,"1",NA,NA,"M",7,7,65,"5",0,0,NA,NA,13,"ON.M3","44.19519","-79.20264","0","425","0"
