"Envelope_ID","PopName","Pop_ID","PopCode","PopCode2","Date_collected","stems","Clump_size","Flower_number","Fruit_number","Secondary_branches","Notes","Seed.number","Type","Flower_number2","Fruit2"
"148","Jock River I","M8","ON.M8","ON.M8","13-10-15","1","40",150,150,0,"","","M",150,150
"609","Jock River I","M8","ON.M8","ON.M8","13-10-15","1","20",30,30,0,"","","M",30,30
"455","Jock River I","M8","ON.M8","ON.M8","13-10-15","1","20",65,65,0,"","","M",65,65
"617","Jock River I","M8","ON.M8","ON.M8","13-10-15","1","30",80,80,0,"","","M",80,80
"421","Jock River I","M8","ON.M8","ON.M8","13-10-15","1","40",70,65,0,"","","M",70,65
"15","Jock River I","M8","ON.M8","ON.M8","13-10-15","1","20",45,40,0,"","","M",45,40
"571","Jock River I","M8","ON.M8","ON.M8","13-10-15","1","30",20,20,0,"","","M",20,20
"688","Jock River I","M8","ON.M8","ON.M8","13-10-15","1","5",60,55,12,"","","M",60,55
"7","Jock River I","M8","ON.M8","ON.M8","13-10-15","1","20",80,80,0,"","","M",80,80
"41","Jock River I","M8","ON.M8","ON.M8","13-10-15","1","20",90,90,0,"","","M",90,90
"357","Jock River I","M8","ON.M8","ON.M8","13-10-15","1","20",90,88,0,"","","M",90,88
"68","Jock River I","M8","ON.M8","ON.M8","13-10-15","1","30",130,125,0,"","","M",130,125
"30","Jock River I","M8","ON.M8","ON.M8","13-10-15","1","40",55,55,0,"","","M",55,55
"1","Jock River I","M8","ON.M8","ON.M8","13-10-15","1","12",14,8,0,"sole stem in 12 with flowers","","M",14,8
"247","Jock River I","M8","ON.M8","ON.M8","13-10-15","1","30",12,12,7,"","","M",12,12
"407","Jock River I","M8","ON.M8","ON.M8","13-10-15","1","25",65,65,0,"","","M",65,65
"59","Jock River I","M8","ON.M8","ON.M8","13-10-15","1","12",45,45,9,"","","M",45,45
"261","Jock River I","M8","ON.M8","ON.M8","13-10-15","1","25",20,20,20,"large plant and still green ","","M",20,20
"67","Jock River I","M8","ON.M8","ON.M8","13-10-15","1","15",45,45,0,"","","M",45,45
"118","Jock River I","M8","ON.M8","ON.M8","13-10-15","1","15",80,80,0,"","","M",80,80
"367","Jock River I","M8","ON.M8","ON.M8","13-10-15","1",">20",100,100,7,"in large clump with more than 20 stems","","M",100,100
"48","Jock River I","M8","ON.M8","ON.M8","13-10-15","1","20",25,25,0,"","","M",25,25
"629","Jock River I","M8","ON.M8","ON.M8","13-10-15","1","20",80,77,0,"","","M",80,77
"603","Jock River I","M8","ON.M8","ON.M8","13-10-15","1","35",20,20,0,"","","M",20,20
"423","Jock River I","M8","ON.M8","ON.M8","13-10-15","1","40",100,100,0,"","","M",100,100
"450","Jock River I","M8","ON.M8","ON.M8","13-10-15","1","25",90,90,0,"","","M",90,90
"380","Jock River I","M8","ON.M8","ON.M8","13-10-15","1","30",100,99,0,"","","M",100,99
"642","Jock River I","M8","ON.M8","ON.M8","13-10-15","1","",70,65,0,"","","M",70,65
"398","Jevins","M2","ON.M2","ON.M2","25-10-15","1","",44,25,0,"plants were interspersed among tall grasses. Estimates of clump size could not be obtained. ","","M",44,25
"304","Jevins","M2","ON.M2","ON.M2","25-10-15","1","",6,3,0,"","","M",6,3
"237","Jevins","M2","ON.M2","ON.M2","25-10-15","1","",18,5,8,"these fruits likely have 1 seed so fruit num might need adjusting","","M",18,5
"11","Jevins","M2","ON.M2","ON.M2","25-10-15","1","",4,0,0,"","","M",4,0
"214","Jevins","M2","ON.M2","ON.M2","25-10-15","1","",3,2,0,"1 fruit has 1 seed and other had 2 seeds, both have what looks like aborted seed","","M",3,2
"288","Jevins","M2","ON.M2","ON.M2","25-10-15","1","",21,20,0,"","","M",21,20
"163","Jevins","M2","ON.M2","ON.M2","25-10-15","1","",10,3,0,"","","M",10,3
"241","Jevins","M2","ON.M2","ON.M2","25-10-15","1","",37,13,0,"","","M",37,13
"425","Jevins","M2","ON.M2","ON.M2","25-10-15","1","",25,17,0,"","","M",25,17
"387","Jevins","M2","ON.M2","ON.M2","25-10-15","1","",12,11,0,"","","M",12,11
"575","Jevins","M2","ON.M2","ON.M2","25-10-15","1","",6,5,0,"","","M",6,5
"600","Jevins","M2","ON.M2","ON.M2","25-10-15","1","",9,9,0,"","","M",9,9
"73","Jevins","M2","ON.M2","ON.M2","25-10-15","1","",11,10,0,"","","M",11,10
"548","Jevins","M2","ON.M2","ON.M2","25-10-15","1","",21,10,0,"","","M",21,10
"23","Jevins","M2","ON.M2","ON.M2","25-10-15","1","",15,7,0,"","","M",15,7
"465","Jevins","M2","ON.M2","ON.M2","25-10-15","1","",14,14,0,"","","M",14,14
"485","Jevins","M2","ON.M2","ON.M2","25-10-15","1","",33,20,0,"","","M",33,20
"668","Jevins","M2","ON.M2","ON.M2","25-10-15","1","",31,26,0,"","","M",31,26
"405","Jevins","M2","ON.M2","ON.M2","25-10-15","1","",10,10,0,"possible that 10 fruit may be all aborted. Needs to be checked","","M",10,10
"411","Jevins","M2","ON.M2","ON.M2","25-10-15","1","",2,0,0,"","","M",2,0
"351","Jevins","M2","ON.M2","ON.M2","25-10-15","1","",8,2,0,"","","M",8,2
"162","Jevins","M2","ON.M2","ON.M2","25-10-15","1","",5,0,0,"","","M",5,0
"201","Jevins","M2","ON.M2","ON.M2","25-10-15","1","",35,10,0,"","","M",35,10
"107","Jevins","M2","ON.M2","ON.M2","25-10-15","1","",21,7,7,"","","M",21,7
"228","Jevins","M2","ON.M2","ON.M2","25-10-15","1","",1,1,0,"","","M",1,1
"339","Jevins","M2","ON.M2","ON.M2","25-10-15","1","",4,1,0,"","","M",4,1
"277","Jevins","M2","ON.M2","ON.M2","25-10-15","1","",13,1,7,"","","M",13,1
"342","Jevins","M2","ON.M2","ON.M2","25-10-15","1","",18,9,0,"","","M",18,9
"371","Jevins","M2","ON.M2","ON.M2","25-10-15","2","2",2,1,0,"","","M",2,1
"349","Jevins","M2","ON.M2","ON.M2","25-10-15","1","",7,3,8,"","","M",7,3
"178","Jevins","M2","ON.M2","ON.M2","25-10-15","1","",9,0,0,"","","M",9,0
"58","Jevins","M2","ON.M2","ON.M2","25-10-15","2","",9,2,0,"","","M",9,2
"563","Jevins","M2","ON.M2","ON.M2","25-10-15","1","",22,3,0,"","","M",22,3
"528","Jevins","M2","ON.M2","ON.M2","25-10-15","1","",2,2,0,"","","M",2,2
"413","Jevins","M2","ON.M2","ON.M2","25-10-15","1","",4,1,0,"","","M",4,1
"249","Jevins","M2","ON.M2","ON.M2","25-10-15","1","",16,2,6,"","","M",16,2
"21","Jevins","M2","ON.M2","ON.M2","25-10-15","1","",8,0,0,"","","M",8,0
"497","Hindon bog","M6","ON.M6","ON.M6","24-10-15","1","",12,0,0,"","","M",12,0
"461","Hindon bog","M6","ON.M6","ON.M6","24-10-15","1","",15,0,0,"","","M",15,0
"650","Hindon bog","M6","ON.M6","ON.M6","24-10-15","1","",3,0,0,"","","M",3,0
"638","Hindon bog","M6","ON.M6","ON.M6","24-10-15","1","",2,0,5,"","","M",2,0
"587","Hindon bog","M6","ON.M6","ON.M6","24-10-15","1","",11,0,0,"","","M",11,0
"467","Hindon bog","M6","ON.M6","ON.M6","24-10-15","1","",2,0,0,"","","M",2,0
"343","Hindon bog","M6","ON.M6","ON.M6","24-10-15","1","",6,0,6,"","","M",6,0
"255","Hindon bog","M6","ON.M6","ON.M6","24-10-15","1","",3,0,0,"","","M",3,0
"5","Hindon bog","M6","ON.M6","ON.M6","24-10-15","1","",9,0,0,"","","M",9,0
"552","Hindon bog","M6","ON.M6","ON.M6","24-10-15","1","",12,0,0,"","","M",12,0
"100","Hindon bog","M6","ON.M6","ON.M6","24-10-15","1","",10,0,0,"","","M",10,0
"404","Hindon bog","M6","ON.M6","ON.M6","24-10-15","1","",11,0,0,"","","M",11,0
"219","Hindon bog","M6","ON.M6","ON.M6","24-10-15","1","",4,4,0,"","","M",4,4
"579","Hindon bog","M6","ON.M6","ON.M6","24-10-15","1","",26,0,0,"","","M",26,0
"593","Hindon bog","M6","ON.M6","ON.M6","24-10-15","1","",25,14,0,"","","M",25,14
"324","Hindon bog","M6","ON.M6","ON.M6","24-10-15","1","",13,0,0,"","","M",13,0
"114","Hindon bog","M6","ON.M6","ON.M6","24-10-15","1","",2,0,0,"","","M",2,0
"298","Hindon bog","M6","ON.M6","ON.M6","24-10-15","1","",13,0,0,"","","M",13,0
"243","Hindon bog","M6","ON.M6","ON.M6","24-10-15","1","",19,0,0,"","","M",19,0
"276","Hindon bog","M6","ON.M6","ON.M6","24-10-15","1","",10,0,0,"","","M",10,0
"111","Hindon bog","M6","ON.M6","ON.M6","24-10-15","1","",19,0,0,"","","M",19,0
"45","Hindon bog","M6","ON.M6","ON.M6","24-10-15","1","",22,0,0,"","","M",22,0
"312","Hindon bog","M6","ON.M6","ON.M6","24-10-15","1","",8,0,0,"","","M",8,0
"193","Hindon bog","M6","ON.M6","ON.M6","24-10-15","1","",42,0,10,"","","M",42,0
"514","Hindon bog","M6","ON.M6","ON.M6","24-10-15","1","",21,0,0,"","","M",21,0
"530","Hindon bog","M6","ON.M6","ON.M6","24-10-15","1","",11,0,0,"","","M",11,0
"414","Hindon bog","M6","ON.M6","ON.M6","24-10-15","1","",7,2,0,"","","M",7,2
"246","Hindon bog","M6","ON.M6","ON.M6","24-10-15","1","",50,45,6,"","","M",50,45
"542","Round Lake","M5","ON.M5","ON.M5","24-10-15","1","",9,4,0,"pop size is few thousand stems 60-80% flowering and 60=80% fruiting","","M",9,4
"358","Round Lake","M5","ON.M5","ON.M5","24-10-15","1","",33,14,0,"","","M",33,14
"138","Round Lake","M5","ON.M5","ON.M5","24-10-15","1","",22,13,0,"","","M",22,13
"117","Round Lake","M5","ON.M5","ON.M5","24-10-15","1","",20,15,0,"","","M",20,15
"12","Round Lake","M5","ON.M5","ON.M5","24-10-15","1","15",50,50,18,"","","M",50,50
"141","Round Lake","M5","ON.M5","ON.M5","24-10-15","1","",2,2,0,"","","M",2,2
"42","Round Lake","M5","ON.M5","ON.M5","24-10-15","1","",11,4,0,"","","M",11,4
"657","Round Lake","M5","ON.M5","ON.M5","24-10-15","1","",12,3,0,"","","M",12,3
"683","Round Lake","M5","ON.M5","ON.M5","24-10-15","1","",120,110,12,"","","M",120,110
"623","Round Lake","M5","ON.M5","ON.M5","24-10-15","1","",4,3,0,"","","M",4,3
"555","Round Lake","M5","ON.M5","ON.M5","24-10-15","1","",15,6,0,"","","M",15,6
"517","Round Lake","M5","ON.M5","ON.M5","24-10-15","1","",10,8,0,"","","M",10,8
"153","Round Lake","M5","ON.M5","ON.M5","24-10-15","1","",105,105,5,"big secondary branches","","M",105,105
"540","Round Lake","M5","ON.M5","ON.M5","24-10-15","1","",12,3,0,"","","M",12,3
"183","Round Lake","M5","ON.M5","ON.M5","24-10-15","1","",23,15,0,"","","M",23,15
"213","Round Lake","M5","ON.M5","ON.M5","24-10-15","1","",3,3,0,"","","M",3,3
"310","Round Lake","M5","ON.M5","ON.M5","24-10-15","1","",90,85,3,"","","M",90,85
"223","Round Lake","M5","ON.M5","ON.M5","24-10-15","1","",20,15,0,"","","M",20,15
"144","Round Lake","M5","ON.M5","ON.M5","24-10-15","1","",11,9,0,"","","M",11,9
"365","Round Lake","M5","ON.M5","ON.M5","24-10-15","1","",15,7,0,"","","M",15,7
"244","Round Lake","M5","ON.M5","ON.M5","24-10-15","1","",60,50,0,"","","M",60,50
"129","Round Lake","M5","ON.M5","ON.M5","24-10-15","1","",65,50,6,"ALL LATE ABORTED SEEDS","","M",65,50
"84","Round Lake","M5","ON.M5","ON.M5","24-10-15","1","",11,7,0,"","","M",11,7
"273","Round Lake","M5","ON.M5","ON.M5","24-10-15","1","",8,0,6,"","","M",8,0
"95","Round Lake","M5","ON.M5","ON.M5","24-10-15","1","",10,6,0,"","","M",10,6
"303","Round Lake","M5","ON.M5","ON.M5","24-10-15","1","3",6,0,0,"Only 1 stem in this clump with flowers in this bunch","","M",6,0
"333","Round Lake","M5","ON.M5","ON.M5","24-10-15","1","",21,15,0,"","","M",21,15
"512","Round Lake","M5","ON.M5","ON.M5","24-10-15","1","",20,19,0,"","","M",20,19
"482","Round Lake","M5","ON.M5","ON.M5","24-10-15","1","",15,11,8,"","","M",15,11
"33","Loch Garry","T12","ON.T12","ON.T12","23-10-15","1","",85,80,0,"parasites in population. Cuscuta americana","","P",85,80
"334","Loch Garry","T12","ON.T12","ON.T12","23-10-15","1","",190,180,6,"LATE ABORTED SEEDS","","P",190,180
"510","Loch Garry","T12","ON.T12","ON.T12","23-10-15","1","6 to 8",12,12,0,"","","P",12,12
"29","Loch Garry","T12","ON.T12","ON.T12","23-10-15","1","",80,80,5,"","","P",80,80
"77","Loch Garry","T12","ON.T12","ON.T12","23-10-15","1","",230,225,9,"","","P",230,225
"104","Loch Garry","T12","ON.T12","ON.T12","23-10-15","1","",85,85,0,"","","P",85,85
"132","Loch Garry","T12","ON.T12","ON.T12","23-10-15","stema","",60,60,0,"2 stems. This is first","","P",95,95
"20","Loch Garry","T12","ON.T12","ON.T12","23-10-15","1","8",28,28,0,"","","P",28,28
"102","Loch Garry","T12","ON.T12","ON.T12","23-10-15","1","",75,75,0,"","","P",75,75
"81","Loch Garry","T12","ON.T12","ON.T12","23-10-15","1","",30,30,5,"","","P",30,30
"209","Loch Garry","T12","ON.T12","ON.T12","23-10-15","1","7",12,11,0,"","","P",12,11
"106","Loch Garry","T12","ON.T12","ON.T12","23-10-15","1","20",110,105,8,"","","P",110,105
"126","Loch Garry","T12","ON.T12","ON.T12","23-10-15","1","",50,50,7,"","","P",50,50
"133","Loch Garry","T12","ON.T12","ON.T12","23-10-15","1","4",45,45,3,"","","P",45,45
"17","Loch Garry","T12","ON.T12","ON.T12","23-10-15","1","20",30,30,0,"","","P",30,30
"65","Loch Garry","T12","ON.T12","ON.T12","23-10-15","1","4",65,55,0,"","","P",65,55
"69","Loch Garry","T12","ON.T12","ON.T12","23-10-15","1","20",9,9,0,"","","P",9,9
"49","Loch Garry","T12","ON.T12","ON.T12","23-10-15","1","10",12,12,0,"parasite on plant","","P",12,12
"315","Loch Garry","T12","ON.T12","ON.T12","23-10-15","1","10",40,38,0,"","","P",40,38
"124","Loch Garry","T12","ON.T12","ON.T12","23-10-15","1","10",60,60,4,"parasite on plant","","P",60,60
"26","Loch Garry","T12","ON.T12","ON.T12","23-10-15","1","4",50,50,18,"","","P",50,50
"513","Loch Garry","T12","ON.T12","ON.T12","23-10-15","1","5",205,205,11,"","","P",205,205
"543","Loch Garry","T12","ON.T12","ON.T12","23-10-15","1","4",55,55,0,"ALL LATE ABORTED SEEDS","","P",55,55
"572","Loch Garry","T12","ON.T12","ON.T12","23-10-15","1","",10,10,6,"","","P",10,10
"632","Loch Garry","T12","ON.T12","ON.T12","23-10-15","1","15",55,45,0,"","","P",55,45
"368","Loch Garry","T12","ON.T12","ON.T12","23-10-15","1","6",25,20,0,"","","P",25,20
"3","Loch Garry","T12","ON.T12","ON.T12","23-10-15","1","",200,190,8,"","","P",200,190
"34","Loch Garry","T12","ON.T12","ON.T12","23-10-15","1","",60,60,5,"","","P",60,60
"186","Loch Garry","T12","ON.T12","ON.T12","23-10-15","1","",45,40,0,"","","P",45,40
"156","Loch Garry","T12","ON.T12","ON.T12","23-10-15","1","10",45,43,8,"","","P",45,43
"220","Loch Garry","T12","ON.T12","ON.T12","23-10-15","1","",125,125,11,"","","P",125,125
"410","Pumphouse Marsh","D9","ON.D9","ON.D9","25-10-15","1","",215,215,6,"plants were interspersed among tall grasses. Estimates of clump size could not be obtained. ","","P",215,215
"348","Pumphouse Marsh","D9","ON.D9","ON.D9","25-10-15","1","",23,20,0,"","","P",23,20
"330","Pumphouse Marsh","D9","ON.D9","ON.D9","25-10-15","1","",105,105,0,"","","P",105,105
"327","Pumphouse Marsh","D9","ON.D9","ON.D9","25-10-15","1","",230,230,10,"","","P",230,230
"150","Pumphouse Marsh","D9","ON.D9","ON.D9","25-10-15","1","",500,500,8,"","","P",500,500
"108","Pumphouse Marsh","D9","ON.D9","ON.D9","25-10-15","1","",245,245,14,"","","P",245,245
"36","Pumphouse Marsh","D9","ON.D9","ON.D9","25-10-15","1","",130,130,8,"","","P",130,130
"6","Pumphouse Marsh","D9","ON.D9","ON.D9","25-10-15","1","",195,195,7,"","","P",195,195
"63","Pumphouse Marsh","D9","ON.D9","ON.D9","25-10-15","1","",320,320,14,"","","P",320,320
"671","Pumphouse Marsh","D9","ON.D9","ON.D9","25-10-15","1","",139,139,8,"small secondary branches","","P",139,139
"608","Pumphouse Marsh","D9","ON.D9","ON.D9","25-10-15","1","",144,144,7,"","","P",144,144
"516","Pumphouse Marsh","D9","ON.D9","ON.D9","25-10-15","1","",102,102,2,"","","P",102,102
"518","Pumphouse Marsh","D9","ON.D9","ON.D9","25-10-15","1","",115,115,0,"","","P",115,115
"309","Pumphouse Marsh","D9","ON.D9","ON.D9","25-10-15","1","",55,55,0,"","","P",55,55
"458","Pumphouse Marsh","D9","ON.D9","ON.D9","25-10-15","1","",70,70,0,"","","P",70,70
"216","Pumphouse Marsh","D9","ON.D9","ON.D9","25-10-15","1","",105,105,0,"","","P",105,105
"395","Pumphouse Marsh","D9","ON.D9","ON.D9","25-10-15","1","",95,95,0,"","","P",95,95
"336","Pumphouse Marsh","D9","ON.D9","ON.D9","25-10-15","1","",90,90,3,"","","P",90,90
"252","Pumphouse Marsh","D9","ON.D9","ON.D9","25-10-15","1","",134,134,2,"","","P",134,134
"515","Pumphouse Marsh","D9","ON.D9","ON.D9","25-10-15","1","",70,70,0,"","","P",70,70
"605","Pumphouse Marsh","D9","ON.D9","ON.D9","25-10-15","1","",50,50,0,"","","P",50,50
"66","Pumphouse Marsh","D9","ON.D9","ON.D9","25-10-15","1","",88,88,4,"","","P",88,88
"8","Pumphouse Marsh","D9","ON.D9","ON.D9","25-10-15","1","",280,280,14,"","","P",280,280
"14","Pumphouse Marsh","D9","ON.D9","ON.D9","25-10-15","1","",345,345,14,"","","P",345,345
"452","Pumphouse Marsh","D9","ON.D9","ON.D9","25-10-15","1","",360,360,16,"","","P",360,360
"488","Pumphouse Marsh","D9","ON.D9","ON.D9","25-10-15","1","",490,490,17,"","","P",490,490
"539","Pumphouse Marsh","D9","ON.D9","ON.D9","25-10-15","1","",460,460,14,"","","P",460,460
"521","Pumphouse Marsh","D9","ON.D9","ON.D9","25-10-15","1","",215,215,12,"","","P",215,215
"401","Pumphouse Marsh","D9","ON.D9","ON.D9","25-10-15","1","",20,20,0,"","","P",20,20
"305","Pumphouse Marsh","D9","ON.D9","ON.D9","25-10-15","1","",210,210,16,"","","P",210,210
"321","Pumphouse Marsh","D9","ON.D9","ON.D9","25-10-15","1","",40,40,4,"","","P",40,40
"123","Pumphouse Marsh","D9","ON.D9","ON.D9","25-10-15","1","",180,180,10,"","","P",180,180
"306","Pumphouse Marsh","D9","ON.D9","ON.D9","25-10-15","1","",295,295,10,"","","P",295,295
"96","Pumphouse Marsh","D9","ON.D9","ON.D9","25-10-15","1","",65,65,6,"","","P",65,65
"346","Bewdley A","D5","ON.D5","ON.D5","30-10-15","stema","",300,280,10,"2 stems this is first","parasites in population. Cuscuta americana","P",330,310
"313","Bewdley A","D5","ON.D5","ON.D5","30-10-15","1","",80,80,10,"parasite on plant","","P",80,80
"392","Bewdley A","D5","ON.D5","ON.D5","30-10-15","1","",140,135,12,"","","P",140,135
"120","Bewdley A","D5","ON.D5","ON.D5","30-10-15","1","5",87,85,0,"","","P",87,85
"524","Bewdley A","D5","ON.D5","ON.D5","30-10-15","stema","",115,115,5,"2 stems this is first","","P",215,215
"614","Bewdley A","D5","ON.D5","ON.D5","30-10-15","1","",187,187,6,"","","P",187,187
"9","Bewdley A","D5","ON.D5","ON.D5","30-10-15","1","",265,265,14,"","","P",265,265
"225","Bewdley A","D5","ON.D5","ON.D5","30-10-15","1","",425,425,17,"","","P",425,425
"159","Bewdley A","D5","ON.D5","ON.D5","30-10-15","1","",85,85,5,"","","P",85,85
"39","Bewdley A","D5","ON.D5","ON.D5","30-10-15","1","15",95,90,7,"small fruit","","P",95,90
"307","Bewdley A","D5","ON.D5","ON.D5","30-10-15","stema","",165,165,8,"","","P",210,210
"519","Bewdley A","D5","ON.D5","ON.D5","30-10-15","1","15",155,155,4,"","","P",155,155
"464","Bewdley A","D5","ON.D5","ON.D5","30-10-15","1","8",215,215,21,"","","P",215,215
"635","Bewdley A","D5","ON.D5","ON.D5","30-10-15","1","6",285,285,10,"","","P",285,285
"545","Bewdley A","D5","ON.D5","ON.D5","30-10-15","1","3",25,25,6,"Only 2 of the secondary branches have flowers","","P",25,25
"578","Bewdley A","D5","ON.D5","ON.D5","30-10-15","1","20",5,5,14,"parasite on plant","","P",5,5
"611","Bewdley A","D5","ON.D5","ON.D5","30-10-15","1","",110,110,14,"6 secondary branches with flowers","","P",110,110
"72","Bewdley A","D5","ON.D5","ON.D5","30-10-15","1","20",20,20,9,"Only 2 secondary branches with flowers","","P",20,20
"189","Bewdley A","D5","ON.D5","ON.D5","30-10-15","1","",100,100,10,"","","P",100,100
"97","Bewdley A","D5","ON.D5","ON.D5","30-10-15","1","",30,30,7,"parasite on plant","","P",30,30
"127","Bewdley A","D5","ON.D5","ON.D5","30-10-15","1","",125,125,6,"","","P",125,125
"70","Bewdley A","D5","ON.D5","ON.D5","30-10-15","1","12",55,55,0,"parasite on plant","","P",55,55
"40","Bewdley A","D5","ON.D5","ON.D5","30-10-15","1","4",5,5,12,"this is the sole stem with flowers. Parasite on plants","","P",5,5
"192","Bewdley A","D5","ON.D5","ON.D5","30-10-15","1","6",35,35,0,"this is the only flowering stem in the clump and only one not smothered by parasite","","P",35,35
"168","Bewdley A","D5","ON.D5","ON.D5","30-10-15","1","12",38,38,9,"","","P",38,38
"217","Bewdley A","D5","ON.D5","ON.D5","30-10-15","1","12",165,165,10,"","","P",165,165
"250","Bewdley A","D5","ON.D5","ON.D5","30-10-15","1","",155,150,8,"parasite on plant","","P",155,150
"554","Bewdley A","D5","ON.D5","ON.D5","30-10-15","1","6",20,18,3,"","","P",20,18
"665","Bewdley A","D5","ON.D5","ON.D5","30-10-15","stema","5",420,420,19,"","","P",440,440
"422","Caledon","M4","ON.M4","ON.M4","25-10-15","1","",5,0,0,"","","M",5,0
"374","Caledon","M4","ON.M4","ON.M4","25-10-15","1","",3,1,0,"","","M",3,1
"345","Caledon","M4","ON.M4","ON.M4","25-10-15","1","",4,0,0,"","","M",4,0
"234","Caledon","M4","ON.M4","ON.M4","25-10-15","1","",5,0,0,"","","M",5,0
"177","Caledon","M4","ON.M4","ON.M4","25-10-15","1","",4,4,0,"","","M",4,4
"198","Caledon","M4","ON.M4","ON.M4","25-10-15","1","",22,7,0,"check seeds in fruit","","M",22,7
"87","Caledon","M4","ON.M4","ON.M4","25-10-15","1","",5,0,0,"","","M",5,0
"674","Caledon","M4","ON.M4","ON.M4","25-10-15","1","",15,4,0,"","","M",15,4
"641","Caledon","M4","ON.M4","ON.M4","25-10-15","1","",6,0,0,"","","M",6,0
"54","Caledon","M4","ON.M4","ON.M4","25-10-15","1","",55,25,6,"","","M",55,25
"18","Rideau Bird Sanctuary","T17","ON.T16","ON.T16","26-10-15","1","",55,0,0,"although I have an envelope it is empty. I don't know where those fruits disappeared","","P",55,0
"581","Rideau Bird Sanctuary","T17","ON.T16","ON.T16","26-10-15","1","20",20,20,0,"","","P",20,20
"130","Rideau Bird Sanctuary","T17","ON.T16","ON.T16","26-10-15","1","",50,50,6,"","","P",50,50
"174","Rideau Bird Sanctuary","T17","ON.T16","ON.T16","26-10-15","1","",36,36,0,"","","P",36,36
"195","Rideau Bird Sanctuary","T17","ON.T16","ON.T16","26-10-15","1","",55,55,0,"","","P",55,55
"180","Rideau Bird Sanctuary","T17","ON.T16","ON.T16","26-10-15","1","",110,110,8,"","","P",110,110
"78","Rideau Bird Sanctuary","T17","ON.T16","ON.T16","26-10-15","1","6",2,1,0,"this is the only flowering stem in the clump","","P",2,1
"620","Rideau Bird Sanctuary","T17","ON.T16","ON.T16","26-10-15","1","",50,50,3,"","","P",50,50
"551","Rideau Bird Sanctuary","T17","ON.T16","ON.T16","26-10-15","1","15",25,25,0,"","","P",25,25
"525","Rideau Bird Sanctuary","T17","ON.T16","ON.T16","26-10-15","1","10",50,50,0,"","","P",50,50
"109","Otty Lake","D7","ON.D7","ON.D7","26-10-15","1","",125,125,10,"","","P",125,125
"389","Otty Lake","D7","ON.D7","ON.D7","26-10-15","1","1",180,180,10,"","","P",180,180
"51","Otty Lake","D7","ON.D7","ON.D7","26-10-15","1","",189,189,6,"","","P",189,189
"240","Otty Lake","D7","ON.D7","ON.D7","26-10-15","1","",205,205,8,"","","P",205,205
"270","Otty Lake","D7","ON.D7","ON.D7","26-10-15","1","4",109,109,0,"","","P",109,109
"331","Otty Lake","D7","ON.D7","ON.D7","26-10-15","1","",87,87,0,"","","P",87,87
"434","Otty Lake","D7","ON.D7","ON.D7","26-10-15","1","10",295,295,11,"","","P",295,295
"416","Otty Lake","D7","ON.D7","ON.D7","26-10-15","1","",275,275,12,"","","P",275,275
"302","Otty Lake","D7","ON.D7","ON.D7","26-10-15","1","",80,80,10,"","","P",80,80
"717","Otty Lake","D7","ON.D7","ON.D7","26-10-15","1","",25,25,0,"","","P",25,25
"570","Otty Lake","D7","ON.D7","ON.D7","26-10-15","1","",150,150,6,"","","P",150,150
"536","Otty Lake","D7","ON.D7","ON.D7","26-10-15","1","",170,170,8,"","","P",170,170
"506","Otty Lake","D7","ON.D7","ON.D7","26-10-15","1","",360,360,8,"","","P",360,360
"242","Otty Lake","D7","ON.D7","ON.D7","26-10-15","1","",95,95,0,"","","P",95,95
"181","Otty Lake","D7","ON.D7","ON.D7","26-10-15","1","",170,170,2,"","","P",170,170
"4","Otty Lake","D7","ON.D7","ON.D7","26-10-15","1","",140,140,18,"","","P",140,140
"476","Otty Lake","D7","ON.D7","ON.D7","26-10-15","1","",115,115,0,"","","P",115,115
"89","Otty Lake","D7","ON.D7","ON.D7","26-10-15","1","",35,35,0,"solo stem","","P",35,35
"716","Otty Lake","D7","ON.D7","ON.D7","26-10-15","1","",305,305,16,"","","P",305,305
"601","Otty Lake","D7","ON.D7","ON.D7","26-10-15","1","",190,190,5,"","","P",190,190
"505","Otty Lake","D7","ON.D7","ON.D7","26-10-15","1","",120,120,8,"","","P",120,120
"478","Otty Lake","D7","ON.D7","ON.D7","26-10-15","1","",110,110,0,"","","P",110,110
"448","Otty Lake","D7","ON.D7","ON.D7","26-10-15","1","",168,168,4,"","","P",168,168
"356","Otty Lake","D7","ON.D7","ON.D7","26-10-15","1","",127,127,0,"","","P",127,127
"266","Otty Lake","D7","ON.D7","ON.D7","26-10-15","1","20",100,100,11,"","","P",100,100
"53","Otty Lake","D7","ON.D7","ON.D7","26-10-15","1","",258,258,6,"","","P",258,258
"28","Otty Lake","D7","ON.D7","ON.D7","26-10-15","1","",125,125,10,"","","P",125,125
"523","Otty Lake","D7","ON.D7","ON.D7","26-10-15","1","6",30,30,0,"","","P",30,30
"272","Otty Lake","D7","ON.D7","ON.D7","26-10-15","1","8",36,36,0,"","","P",36,36
"420","Otty Lake","D7","ON.D7","ON.D7","26-10-15","1","",85,85,5,"","","P",85,85
"390","Otty Lake","D7","ON.D7","ON.D7","26-10-15","stema","",85,85,0,"collected this stem","","P",165,165
"419","Cow Bay QUBS","T6","ON.T6","EO.T6","27-10-15","stema","",39,39,0,"","","P",49,49
"479","Cow Bay QUBS","T6","ON.T6","EO.T6","27-10-15","1","8",37,37,0,"","","P",37,37
"386","Cow Bay QUBS","T6","ON.T6","EO.T6","27-10-15","1","",258,258,12,"","","P",258,258
"360","Cow Bay QUBS","T6","ON.T6","EO.T6","27-10-15","1","",229,229,6,"","","P",229,229
"426","Cow Bay QUBS","T6","ON.T6","EO.T6","27-10-15","stema","",47,47,0,"","","P",84,84
"747","Cow Bay QUBS","T6","ON.T6","EO.T6","27-10-15","1","",68,68,0,"","","P",68,68
"82","Cow Bay QUBS","T6","ON.T6","EO.T6","27-10-15","1","",82,82,10,"","","P",82,82
"10","Cow Bay QUBS","T6","ON.T6","EO.T6","27-10-15","1","",135,135,12,"","","P",135,135
"35","Cow Bay QUBS","T6","ON.T6","EO.T6","27-10-15","1","",105,105,1,"","","P",105,105
"185","Cow Bay QUBS","T6","ON.T6","EO.T6","27-10-15","1","6",37,37,8,"these are 8 smallish branches with 0 flowers","","P",37,37
"98","Cow Bay QUBS","T6","ON.T6","EO.T6","27-10-15","1","",55,55,4,"","","P",55,55
"215","Cow Bay QUBS","T6","ON.T6","EO.T6","27-10-15","1","",150,150,9,"","","P",150,150
"275","Cow Bay QUBS","T6","ON.T6","EO.T6","27-10-15","1","6",67,67,0,"","","P",67,67
"308","Cow Bay QUBS","T6","ON.T6","EO.T6","27-10-15","1","4",10,10,0,"","","P",10,10
"511","Cow Bay QUBS","T6","ON.T6","EO.T6","27-10-15","1","",115,110,4,"","","P",115,110
"509","Cow Bay QUBS","T6","ON.T6","EO.T6","27-10-15","1","",35,35,3,"","","P",35,35
"508","Cow Bay QUBS","T6","ON.T6","EO.T6","27-10-15","1","",100,100,4,"","","P",100,100
"359","Cow Bay QUBS","T6","ON.T6","EO.T6","27-10-15","1","",100,100,0,"","","P",100,100
"391","Cow Bay QUBS","T6","ON.T6","EO.T6","27-10-15","1","",145,145,6,"","","P",145,145
"364","Cow Bay QUBS","T6","ON.T6","EO.T6","27-10-15","1","",70,70,4,"","","P",70,70
"520","Cow Bay QUBS","T6","ON.T6","EO.T6","27-10-15","1","",80,80,3,"","","P",80,80
"451","Cow Bay QUBS","T6","ON.T6","EO.T6","27-10-15","1","",185,185,10,"","","P",185,185
"449","Cow Bay QUBS","T6","ON.T6","EO.T6","27-10-15","1","",110,110,4,"","","P",110,110
"720","Cow Bay QUBS","T6","ON.T6","EO.T6","27-10-15","1","",195,195,12,"","","P",195,195
"76","Cow Bay QUBS","T6","ON.T6","EO.T6","27-10-15","1","",85,85,4,"","","P",85,85
"62","Cow Bay QUBS","T6","ON.T6","EO.T6","27-10-15","1","",140,140,10,"","","P",140,140
"211","Cow Bay QUBS","T6","ON.T6","EO.T6","27-10-15","1","3",58,58,0,"","","P",58,58
"121","Cow Bay QUBS","T6","ON.T6","EO.T6","27-10-15","1","",53,53,0,"","","P",53,53
"152","Cow Bay QUBS","T6","ON.T6","EO.T6","27-10-15","1","",45,45,3,"","","P",45,45
"500","Constance Lake","M9","ON.M9","ON.M9","13-10-15","1","",35,35,9,"Only 1 branch had flowers","","M",35,35
"713","Constance Lake","M9","ON.M9","ON.M9","13-10-15","1","",70,69,4,"2 branches made flowers","","M",70,69
"494","Constance Lake","M9","ON.M9","ON.M9","13-10-15","1","",35,35,6,"","","M",35,35
"119","Constance Lake","M9","ON.M9","ON.M9","13-10-15","1","",30,30,16,"","","M",30,30
"207","Constance Lake","M9","ON.M9","ON.M9","13-10-15","1","",25,0,13,"","","M",25,0
"680","Constance Lake","M9","ON.M9","ON.M9","13-10-15","1","",13,13,10,"","","M",13,13
"25","Constance Lake","M9","ON.M9","ON.M9","13-10-15","stema","",40,30,10,"ALL LATE ABORTED SEEDS","","M",40,30
"149","Constance Lake","M9","ON.M9","ON.M9","13-10-15","1","",80,80,10,"","","M",80,80
"584","Constance Lake","M9","ON.M9","ON.M9","13-10-15","1","",20,20,9,"","","M",20,20
"110","Constance Lake","M9","ON.M9","ON.M9","13-10-15","1","",35,30,8,"","","M",35,30
"204","Constance Lake","M9","ON.M9","ON.M9","13-10-15","1","",20,20,9,"parasite on plant","","M",20,20
"258","Constance Lake","M9","ON.M9","ON.M9","13-10-15","1","",3,3,13,"","","M",3,3
"707","Constance Lake","M9","ON.M9","ON.M9","13-10-15","1","",45,20,11,"","","M",45,20
"13","Constance Lake","M9","ON.M9","ON.M9","13-10-15","1","",7,7,5,"","","M",7,7
"202","Constance Lake","M9","ON.M9","ON.M9","13-10-15","1","",10,7,8,"","","M",10,7
"140","Constance Lake","M9","ON.M9","ON.M9","13-10-15","1","",75,75,14,"","","M",75,75
"653","Constance Lake","M9","ON.M9","ON.M9","13-10-15","1","",35,30,12,"ALL LATE ABORTED SEEDS","","M",35,30
"565","Constance Lake","M9","ON.M9","ON.M9","13-10-15","1","",35,0,14,"","","M",35,0
"628","Constance Lake","M9","ON.M9","ON.M9","13-10-15","1","",15,8,6,"","","M",15,8
"658","Constance Lake","M9","ON.M9","ON.M9","13-10-15","1","",50,50,12,"","","M",50,50
"122","Constance Lake","M9","ON.M9","ON.M9","13-10-15","1","",21,11,8,"ALL LATE ABORTED SEEDS","","M",21,11
"598","Constance Lake","M9","ON.M9","ON.M9","13-10-15","1","12",75,75,9,"ALL LATE ABORTED SEEDS","","M",75,75
"710","Constance Lake","M9","ON.M9","ON.M9","13-10-15","1","",65,63,8,"","","M",65,63
"686","Constance Lake","M9","ON.M9","ON.M9","13-10-15","1","3",10,8,10,"3 ramets each with 10 secondary branches loads of parasite on plants","","M",10,8
"316","Constance Lake","M9","ON.M9","ON.M9","13-10-15","1","",35,30,13,"","","M",35,30
"322","Constance Lake","M9","ON.M9","ON.M9","13-10-15","1","",110,110,18,"","","M",110,110
"470","Constance Lake","M9","ON.M9","ON.M9","13-10-15","1","",10,10,8,"","","M",10,10
"282","Constance Lake","M9","ON.M9","ON.M9","13-10-15","1","",35,20,10,"","","M",35,20
"402","Constance Lake","M9","ON.M9","ON.M9","13-10-15","1","",60,60,10,"","","M",60,60
"377","Constance Lake","M9","ON.M9","ON.M9","13-10-15","1","2",15,12,8,"","","M",15,12
"590","Constance Lake","M9","ON.M9","ON.M9","13-10-15","1","",20,8,10,"","","M",20,8
"715","Constance Lake","M9","ON.M9","ON.M9","13-10-15","stema","2",45,45,12,"2 stems the second stem has 9 secondary branches and 0 flowers","","M",45,45
"269","Mud Lake","M3","ON.M3","ON.M3","16-10-15","1","6",10,8,3,"","","M",10,8
"64","Mud Lake","M3","ON.M3","ON.M3","16-10-15","1","8",195,190,8,"","","M",195,190
"481","Mud Lake","M3","ON.M3","ON.M3","16-10-15","1","12",20,20,7,"","","M",20,20
"721","Mud Lake","M3","ON.M3","ON.M3","16-10-15","1","15",10,9,0,"","","M",10,9
"722","Mud Lake","M3","ON.M3","ON.M3","16-10-15","1","15",20,15,0,"","","M",20,15
"85","Mud Lake","M3","ON.M3","ON.M3","16-10-15","1","",75,60,0,"","","M",75,60
"56","Mud Lake","M3","ON.M3","ON.M3","16-10-15","1","",35,30,0,"","","M",35,30
"206","Mud Lake","M3","ON.M3","ON.M3","16-10-15","1","8",6,2,0,"fruit1 has 3 seeds fruit2 1","4","M",6,2
"239","Mud Lake","M3","ON.M3","ON.M3","16-10-15","1","8",11,0,0,"might be all aborted fruit","","M",11,0
"179","Mud Lake","M3","ON.M3","ON.M3","16-10-15","1","",15,10,0,"","","M",15,10
"151","Mud Lake","M3","ON.M3","ON.M3","16-10-15","1","",30,27,0,"","","M",30,27
"115","Mud Lake","M3","ON.M3","ON.M3","16-10-15","1","",55,45,0,"","","M",55,45
"538","Mud Lake","M3","ON.M3","ON.M3","16-10-15","1","",5,3,0,"","","M",5,3
"362","Mud Lake","M3","ON.M3","ON.M3","16-10-15","1","",35,35,0,"","","M",35,35
"719","Mud Lake","M3","ON.M3","ON.M3","16-10-15","1","",25,25,1,"","","M",25,25
"631","Mud Lake","M3","ON.M3","ON.M3","16-10-15","1","",10,9,0,"","","M",10,9
"203","Mud Lake","M3","ON.M3","ON.M3","16-10-15","1","",4,0,0,"","","M",4,0
"31","Mud Lake","M3","ON.M3","ON.M3","16-10-15","1","",5,3,0,"","","M",5,3
"718","Mud Lake","M3","ON.M3","ON.M3","16-10-15","1","",11,7,0,"","","M",11,7
"91","Mud Lake","M3","ON.M3","ON.M3","16-10-15","1","",45,40,0,"","","M",45,40
"27","Mud Lake","M3","ON.M3","ON.M3","16-10-15","1","",23,1,0,"1 fruit with 6 seeds","","M",23,1
"690","Mud Lake","M3","ON.M3","ON.M3","16-10-15","1","",20,17,0,"","","M",20,17
"691","Mud Lake","M3","ON.M3","ON.M3","16-10-15","1","",30,25,0,"","","M",30,25
"661","Mud Lake","M3","ON.M3","ON.M3","16-10-15","1","",21,20,0,"","","M",21,20
"610","Scugog","D2","ON.D2","ON.D2","26-10-15","1","",75,75,4,"","","P",75,75
"370","Scugog","D2","ON.D2","ON.D2","26-10-15","1","",25,23,2,"","","P",25,23
"675","Scugog","D2","ON.D2","ON.D2","26-10-15","1","5",120,120,0,"","","P",120,120
"285","Scugog","D2","ON.D2","ON.D2","26-10-15","1","8",50,49,0,"","","P",50,49
"734","Scugog","D2","ON.D2","ON.D2","26-10-15","1","",20,20,3,"","","P",20,20
"256","Scugog","D2","ON.D2","ON.D2","26-10-15","1","",90,90,0,"","","P",90,90
"634","Scugog","D2","ON.D2","ON.D2","26-10-15","1","9",65,60,6,"","","P",65,60
"427","Scugog","D2","ON.D2","ON.D2","26-10-15","1","",50,50,0,"","","P",50,50
"460","Scugog","D2","ON.D2","ON.D2","26-10-15","1","15",40,38,3,"","","P",40,38
"253","Scugog","D2","ON.D2","ON.D2","26-10-15","1","15",45,40,8,"","","P",45,40
"429","Scugog","D2","ON.D2","ON.D2","26-10-15","1","5",25,25,0,"","","P",25,25
"462","Scugog","D2","ON.D2","ON.D2","26-10-15","1","10",40,40,0,"","","P",40,40
"626","Scugog","D2","ON.D2","ON.D2","26-10-15","1","4",8,8,3,"","","P",8,8
"366","Scugog","D2","ON.D2","ON.D2","26-10-15","1","",15,15,0,"","","P",15,15
"736","Scugog","D2","ON.D2","ON.D2","26-10-15","1","10",30,30,0,"","","P",30,30
"294","Scugog","D2","ON.D2","ON.D2","26-10-15","1","6",65,60,5,"","","P",65,60
"373","Scugog","D2","ON.D2","ON.D2","26-10-15","1","",13,13,0,"","","P",13,13
"667","Scugog","D2","ON.D2","ON.D2","26-10-15","1","5",45,45,3,"","","P",45,45
"289","Scugog","D2","ON.D2","ON.D2","26-10-15","1","6",65,60,0,"","","P",65,60
"731","Scugog","D2","ON.D2","ON.D2","26-10-15","1","5",30,25,0,"","","P",30,25
"291","Scugog","D2","ON.D2","ON.D2","26-10-15","1","4",15,15,0,"","","P",15,15
"733","Scugog","D2","ON.D2","ON.D2","26-10-15","1","2",20,18,0,"","","P",20,18
"648","Scugog","D2","ON.D2","ON.D2","26-10-15","1","8",55,50,6,"","","P",55,50
"435","Scugog","D2","ON.D2","ON.D2","26-10-15","1","6",25,25,0,"","","P",25,25
"489","Scugog","D2","ON.D2","ON.D2","26-10-15","1","6",60,60,0,"","","P",60,60
"468","Scugog","D2","ON.D2","ON.D2","26-10-15","1","5 to 40",65,65,0,"","","P",65,65
"624","Scugog","D2","ON.D2","ON.D2","26-10-15","1","3",60,60,0,"","","P",60,60
"314","Scugog","D2","ON.D2","ON.D2","26-10-15","1","12",60,60,0,"","","P",60,60
"678","Scugog","D2","ON.D2","ON.D2","26-10-15","1","6",145,145,9,"","","P",145,145
"292","Black River ","T14","ON.T14","ON.T14","15-10-15","1","",20,20,14,"","","P",20,20
"372","Black River ","T14","ON.T14","ON.T14","15-10-15","1","",45,45,8,"","","P",45,45
"637","Black River ","T14","ON.T14","ON.T14","15-10-15","1","",35,34,0,"","","P",35,34
"259","Black River ","T14","ON.T14","ON.T14","15-10-15","1","",75,75,4,"","","P",75,75
"699","Black River ","T14","ON.T14","ON.T14","15-10-15","1","",12,10,4,"","","P",12,10
"702","Black River ","T14","ON.T14","ON.T14","15-10-15","1","",65,60,10,"ALL LATE ABORTED SEEDS","","P",65,60
"696","Black River ","T14","ON.T14","ON.T14","15-10-15","1","",28,26,0,"","","P",28,26
"340","Black River ","T14","ON.T14","ON.T14","15-10-15","1","3",55,55,0,"","","P",55,55
"651","Black River ","T14","ON.T14","ON.T14","15-10-15","1","",25,10,0,"","","P",25,10
"320","Black River ","T14","ON.T14","ON.T14","15-10-15","1","",35,35,20,"","","P",35,35
"284","Holland River","M12","ON.M12","ON.M12","15-10-15","1","",45,45,4,"","","M",45,45
"490","Holland River","M12","ON.M12","ON.M12","15-10-15","1","",20,20,11,"","","M",20,20
"463","Holland River","M12","ON.M12","ON.M12","15-10-15","1","30",15,15,0,"","","M",15,15
"317","Holland River","M12","ON.M12","ON.M12","15-10-15","1","",365,365,12,"","","M",365,365
"280","Holland River","M12","ON.M12","ON.M12","15-10-15","1","",85,85,13,"","","M",85,85
"673","Holland River","M12","ON.M12","ON.M12","15-10-15","1","",30,30,13,"","","M",30,30
"557","Holland River","M12","ON.M12","ON.M12","15-10-15","1","",60,55,10,"","","M",60,55
"560","Holland River","M12","ON.M12","ON.M12","15-10-15","1","",125,125,16,"","","M",125,125
"546","Holland River","M12","ON.M12","ON.M12","15-10-15","1","",270,270,14,"","","M",270,270
"676","Holland River","M12","ON.M12","ON.M12","15-10-15","1","",70,70,0,"","","M",70,70
"549","Holland River","M12","ON.M12","ON.M12","15-10-15","1","",5,5,0,"","","M",5,5
"338","Holland River","M12","ON.M12","ON.M12","15-10-15","1","",230,230,9,"","","M",230,230
"558","Holland River","M12","ON.M12","ON.M12","15-10-15","1","",110,110,8,"","","M",110,110
"341","Holland River","M12","ON.M12","ON.M12","15-10-15","1","",30,30,12,"","","M",30,30
"613","Holland River","M12","ON.M12","ON.M12","15-10-15","1","",65,65,0,"","","M",65,65
"323","Holland River","M12","ON.M12","ON.M12","15-10-15","1","",95,95,10,"","","M",95,95
"553","Holland River","M12","ON.M12","ON.M12","15-10-15","1","",105,105,10,"","","M",105,105
"550","Holland River","M12","ON.M12","ON.M12","15-10-15","1","3",60,60,0,"","","M",60,60
"616","Holland River","M12","ON.M12","ON.M12","15-10-15","1","",55,55,9,"","","M",55,55
"287","Holland River","M12","ON.M12","ON.M12","15-10-15","1","30",21,21,2,"","","M",21,21
"697","Holland River","M12","ON.M12","ON.M12","15-10-15","1","",145,145,10,"","","M",145,145
"619","Holland River","M12","ON.M12","ON.M12","15-10-15","1","",15,15,0,"","","M",15,15
"643","Holland River","M12","ON.M12","ON.M12","15-10-15","1","",50,50,4,"","","M",50,50
"430","Holland River","M12","ON.M12","ON.M12","15-10-15","1","",65,65,18,"","","M",65,65
"290","Holland River","M12","ON.M12","ON.M12","15-10-15","1","",185,185,10,"","","M",185,185
"547","Holland River","M12","ON.M12","ON.M12","15-10-15","1","",55,54,0,"","","M",55,54
"700","Barrie","M13","ON.M13","ON.M13","17-10-15","1","",58,58,8,"","","M",58,58
"466","Barrie","M13","ON.M13","ON.M13","17-10-15","1","",33,33,0,"","","M",33,33
"493","Barrie","M13","ON.M13","ON.M13","17-10-15","1","6",55,55,0,"","","M",55,55
"679","Barrie","M13","ON.M13","ON.M13","17-10-15","1","2",30,30,0,"","","M",30,30
"640","Barrie","M13","ON.M13","ON.M13","17-10-15","1","",90,90,6,"","","M",90,90
"281","Barrie","M13","ON.M13","ON.M13","17-10-15","1","",60,60,4,"","","M",60,60
"739","Barrie","M13","ON.M13","ON.M13","17-10-15","stema","",11,11,0,"","","M",27,27
"344","Barrie","M13","ON.M13","ON.M13","17-10-15","1","",33,33,9,"","","M",33,33
"737","Barrie","M13","ON.M13","ON.M13","17-10-15","1","",35,32,0,"","","M",35,32
"347","Barrie","M13","ON.M13","ON.M13","17-10-15","1","",17,17,0,"","","M",17,17
"740","Barrie","M13","ON.M13","ON.M13","17-10-15","1","",35,33,0,"","","M",35,33
"446","Barrie","M13","ON.M13","ON.M13","17-10-15","1","",12,12,0,"","","M",12,12
"187","Barrie","M13","ON.M13","ON.M13","17-10-15","1","",60,55,0,"","","M",60,55
"469","Barrie","M13","ON.M13","ON.M13","17-10-15","1","",45,44,0,"","","M",45,44
"742","Barrie","M13","ON.M13","ON.M13","17-10-15","1","",18,17,0,"","","M",18,17
"498","Barrie","M13","ON.M13","ON.M13","17-10-15","1","",25,24,0,"","FEW LATE ABORTED SEEDS ","M",25,24
"326","Barrie","M13","ON.M13","ON.M13","17-10-15","1","",40,35,0,"","","M",40,35
"561","Barrie","M13","ON.M13","ON.M13","17-10-15","1","",58,58,0,"","","M",58,58
"433","Barrie","M13","ON.M13","ON.M13","17-10-15","1","",100,100,8,"","","M",100,100
"681","Barrie","M13","ON.M13","ON.M13","17-10-15","1","",25,25,0,"","","M",25,25
"438","Barrie","M13","ON.M13","ON.M13","17-10-15","1","",140,140,5,"","","M",140,140
"654","Barrie","M13","ON.M13","ON.M13","17-10-15","1","",100,100,6,"","","M",100,100
"350","Barrie","M13","ON.M13","ON.M13","17-10-15","1","",70,70,0,"","","M",70,70
"293","Barrie","M13","ON.M13","ON.M13","17-10-15","1","",28,28,0,"","","M",28,28
"375","Barrie","M13","ON.M13","ON.M13","17-10-15","1","",50,47,0,"","","M",50,47
"262","Barrie","M13","ON.M13","ON.M13","17-10-15","1","",60,60,0,"","","M",60,60
"622","Barrie","M13","ON.M13","ON.M13","17-10-15","1","",65,65,0,"","","M",65,65
"732","Barrie","M13","ON.M13","ON.M13","17-10-15","1","",6,6,0,"","","M",6,6
"706","Barrie","M13","ON.M13","ON.M13","17-10-15","1","",75,75,0,"","","M",75,75
"295","Barrie","M13","ON.M13","ON.M13","17-10-15","1","",23,23,0,"","","M",23,23
"495","Barrie","M13","ON.M13","ON.M13","17-10-15","1","",40,40,0,"","","M",40,40
"564","Barrie","M13","ON.M13","ON.M13","17-10-15","1","",7,7,0,"","","M",7,7
"265","Barrie","M13","ON.M13","ON.M13","17-10-15","1","",16,15,0,"","","M",16,15
"682","Lafarce","M14","ON.M14","ON.M14","17-10-15","1","",11,11,0,"","","M",11,11
"268","Lafarce","M14","ON.M14","ON.M14","17-10-15","1","",3,3,0,"","","M",3,3
"684","Lafarce","M14","ON.M14","ON.M14","17-10-15","1","",9,9,0,"","","M",9,9
"471","Lafarce","M14","ON.M14","ON.M14","17-10-15","1","",17,17,0,"","","M",17,17
"660","Lafarce","M14","ON.M14","ON.M14","17-10-15","1","",16,14,0,"","","M",16,14
"441","Lafarce","M14","ON.M14","ON.M14","17-10-15","1","",7,2,0,"","","M",7,2
"627","Lafarce","M14","ON.M14","ON.M14","17-10-15","1","",14,14,0,"","","M",14,14
"745","Lafarce","M14","ON.M14","ON.M14","17-10-15","1","",27,27,0,"","","M",27,27
"376","Lafarce","M14","ON.M14","ON.M14","17-10-15","1","",15,15,0,"","","M",15,15
"378","Lafarce","M14","ON.M14","ON.M14","17-10-15","1","",4,4,0,"","","M",4,4
"444","Lafarce","M14","ON.M14","ON.M14","17-10-15","1","",8,8,0,"","","M",8,8
"630","Lafarce","M14","ON.M14","ON.M14","17-10-15","1","",14,14,0,"","","M",14,14
"567","Lafarce","M14","ON.M14","ON.M14","17-10-15","1","",19,19,0,"","","M",19,19
"329","Lafarce","M14","ON.M14","ON.M14","17-10-15","1","",12,3,0,"","","M",12,3
"474","Lafarce","M14","ON.M14","ON.M14","17-10-15","1","",14,12,0,"","","M",14,12
"496","Lafarce","M14","ON.M14","ON.M14","17-10-15","1","",16,16,0,"","","M",16,16
"55","Lafarce","M14","ON.M14","ON.M14","17-10-15","1","",10,10,0,"","","M",10,10
"278","Lafarce","M14","ON.M14","ON.M14","17-10-15","1","",12,10,0,"","","M",12,10
"599","Lafarce","M14","ON.M14","ON.M14","17-10-15","1","",1,1,0,"","","M",1,1
"709","Lafarce","M14","ON.M14","ON.M14","17-10-15","1","8",8,8,0,"","","M",8,8
"693","Lafarce","M14","ON.M14","ON.M14","17-10-15","1","3",40,7,0,"","","M",40,7
"447","Lafarce","M14","ON.M14","ON.M14","17-10-15","1","",9,6,0,"","","M",9,6
"271","Lafarce","M14","ON.M14","ON.M14","17-10-15","1","",26,26,0,"","","M",26,26
"297","Lafarce","M14","ON.M14","ON.M14","17-10-15","1","",23,23,0,"","","M",23,23
"381","Lafarce","M14","ON.M14","ON.M14","17-10-15","1","",3,3,0,"","","M",3,3
"352","Lafarce","M14","ON.M14","ON.M14","17-10-15","1","",15,15,0,"","","M",15,15
"748","Lafarce","M14","ON.M14","ON.M14","17-10-15","1","",11,11,0,"might have few seeds, 2 fruithave 1-3 seeds","","M",11,11
"397","Lafarce","M14","ON.M14","ON.M14","17-10-15","1","",5,5,0,"","","M",5,5
"585","Lafarce","M14","ON.M14","ON.M14","17-10-15","1","",8,7,0,"","","M",8,7
"577","Horseshoe Lake","M1","ON.M1","ON.M1","18-10-15","1","",117,112,4,"","","M",117,112
"534","Horseshoe Lake","M1","ON.M1","ON.M1","18-10-15","1","",35,30,0,"","","M",35,30
"412","Horseshoe Lake","M1","ON.M1","ON.M1","18-10-15","1","",5,5,0,"","","M",5,5
"52","Horseshoe Lake","M1","ON.M1","ON.M1","18-10-15","1","",95,95,0,"","","M",95,95
"576","Horseshoe Lake","M1","ON.M1","ON.M1","18-10-15","1","",25,15,0,"","","M",25,15
"531","Horseshoe Lake","M1","ON.M1","ON.M1","18-10-15","1","",15,13,0,"","","M",15,13
"184","Horseshoe Lake","M1","ON.M1","ON.M1","18-10-15","1","",30,30,0,"","","M",30,30
"406","Horseshoe Lake","M1","ON.M1","ON.M1","18-10-15","1","",9,0,4,"","","M",9,0
"594","Horseshoe Lake","M1","ON.M1","ON.M1","18-10-15","1","",45,45,0,"","","M",45,45
"725","Horseshoe Lake","M1","ON.M1","ON.M1","18-10-15","1","",13,10,0,"","","M",13,10
"409","Horseshoe Lake","M1","ON.M1","ON.M1","18-10-15","1","",80,80,0,"","","M",80,80
"504","Horseshoe Lake","M1","ON.M1","ON.M1","18-10-15","1","",75,75,0,"","","M",75,75
"61","Horseshoe Lake","M1","ON.M1","ON.M1","18-10-15","1","",60,60,0,"","","M",60,60
"705","Horseshoe Lake","M1","ON.M1","ON.M1","18-10-15","1","",70,70,0,"","","M",70,70
"424","Horseshoe Lake","M1","ON.M1","ON.M1","18-10-15","1","",14,14,0,"","","M",14,14
"403","Horseshoe Lake","M1","ON.M1","ON.M1","18-10-15","1","",60,60,0,"","","M",60,60
"46","Horseshoe Lake","M1","ON.M1","ON.M1","18-10-15","1","",55,55,0,"","","M",55,55
"701","Horseshoe Lake","M1","ON.M1","ON.M1","18-10-15","1","",70,68,0,"","","M",70,68
"443","Horseshoe Lake","M1","ON.M1","ON.M1","18-10-15","1","",60,48,0,"","","M",60,48
"728","Horseshoe Lake","M1","ON.M1","ON.M1","18-10-15","1","",45,45,0,"","","M",45,45
"245","Horseshoe Lake","M1","ON.M1","ON.M1","18-10-15","1","",25,25,0,"","","M",25,25
"363","Horseshoe Lake","M1","ON.M1","ON.M1","18-10-15","1","",95,90,5,"","","M",95,90
"335","Horseshoe Lake","M1","ON.M1","ON.M1","18-10-15","1","",12,12,0,"","","M",12,12
"712","Horseshoe Lake","M1","ON.M1","ON.M1","18-10-15","1","",28,28,3,"","","M",28,28
"591","Horseshoe Lake","M1","ON.M1","ON.M1","18-10-15","1","",14,14,0,"","","M",14,14
"400","Horseshoe Lake","M1","ON.M1","ON.M1","18-10-15","1","",30,30,0,"","","M",30,30
"190","Horseshoe Lake","M1","ON.M1","ON.M1","18-10-15","1","",68,68,0,"","","M",68,68
"574","Horseshoe Lake","M1","ON.M1","ON.M1","18-10-15","1","",25,25,0,"","","M",25,25
"694","Horseshoe Lake","M1","ON.M1","ON.M1","18-10-15","2","",50,45,0,"Only 1 stem flowering","","M",50,45
"501","Horseshoe Lake","M1","ON.M1","ON.M1","18-10-15","2","",85,85,0,"Only 1 stem flowering","","M",85,85
"582","Lac LaPeche","M10","ON.M10","ON.M10","12-10-15","1","",80,80,3,"","","M",80,80
"597","Lac LaPeche","M10","ON.M10","ON.M10","12-10-15","1","",80,80,14,"","","M",80,80
"698","Lac LaPeche","M10","ON.M10","ON.M10","12-10-15","1","",20,20,15,"","","M",20,20
"708","Lac LaPeche","M10","ON.M10","ON.M10","12-10-15","2","",130,130,10,"","","M",130,130
"394","Lac LaPeche","M10","ON.M10","ON.M10","12-10-15","1","",20,20,3,"","","M",20,20
"537","Lac LaPeche","M10","ON.M10","ON.M10","12-10-15","1","",57,57,10,"","","M",57,57
"43","Lac LaPeche","M10","ON.M10","ON.M10","12-10-15","1","",25,25,0,"","","M",25,25
"382","Lac LaPeche","M10","ON.M10","ON.M10","12-10-15","1","",215,215,22,"","","M",215,215
"172","Lac LaPeche","M10","ON.M10","ON.M10","12-10-15","1","",26,25,0,"","","M",26,25
"235","Lac LaPeche","M10","ON.M10","ON.M10","12-10-15","1","",5,5,6,"","","M",5,5
"677","Lac LaPeche","M10","ON.M10","ON.M10","12-10-15","1","",20,20,12,"","","M",20,20
"325","Lac LaPeche","M10","ON.M10","ON.M10","12-10-15","1","",540,540,35,"","","M",540,540
"472","Lac LaPeche","M10","ON.M10","ON.M10","12-10-15","1","",150,150,15,"","","M",150,150
"499","Lac LaPeche","M10","ON.M10","ON.M10","12-10-15","1","",110,109,20,"","","M",110,109
"263","Lac LaPeche","M10","ON.M10","ON.M10","12-10-15","1","",65,65,0,"","","M",65,65
"439","Lac LaPeche","M10","ON.M10","ON.M10","12-10-15","1","",6,5,0,"","","M",6,5
"86","Lac LaPeche","M10","ON.M10","ON.M10","12-10-15","1","",65,65,7,"","","M",65,65
"583","Lac LaPeche","M10","ON.M10","ON.M10","12-10-15","1","",25,24,10,"","","M",25,24
"136","Lac LaPeche","M10","ON.M10","ON.M10","12-10-15","1","",175,175,13,"","","M",175,175
"296","Lac LaPeche","M10","ON.M10","ON.M10","12-10-15","1","",46,46,15,"no flowers on secondary branches","","M",46,46
"379","Lac LaPeche","M10","ON.M10","ON.M10","12-10-15","1","",55,50,0,"","","M",55,50
"666","Lac LaPeche","M10","ON.M10","ON.M10","12-10-15","1","",180,180,17,"","","M",180,180
"175","Lac LaPeche","M10","ON.M10","ON.M10","12-10-15","1","",145,145,16,"","","M",145,145
"47","Kagawong","M15","NO.M1","ON.M15","10-10-15","1","",25,25,0,"","","M",25,25
"300","Kagawong","M15","NO.M1","ON.M15","10-10-15","1","",150,150,2,"","","M",150,150
"157","Kagawong","M15","NO.M1","ON.M15","10-10-15","1","",35,35,0,"","","M",35,35
"145","Kagawong","M15","NO.M1","ON.M15","10-10-15","1","",14,14,4,"2 branches have flowers","","M",14,14
"311","Kagawong","M15","NO.M1","ON.M15","10-10-15","1","",40,40,3,"","","M",40,40
"687","Kagawong","M15","NO.M1","ON.M15","10-10-15","1","",110,110,2,"","","M",110,110
"749","Kagawong","M15","NO.M1","ON.M15","10-10-15","1","",45,45,2,"","","M",45,45
"741","Kagawong","M15","NO.M1","ON.M15","10-10-15","1","",14,10,2,"","","M",14,10
"139","Kagawong","M15","NO.M1","ON.M15","10-10-15","1","",12,8,6,"2 branches with fruit","","M",12,8
"224","Kagawong","M15","NO.M1","ON.M15","10-10-15","1","",25,25,2,"","","M",25,25
"74","Kagawong","M15","NO.M1","ON.M15","10-10-15","1","",100,100,2,"","","M",100,100
"44","Kagawong","M15","NO.M1","ON.M15","10-10-15","1","",55,55,2,"","","M",55,55
"170","Kagawong","M15","NO.M1","ON.M15","10-10-15","1","",115,115,2,"","","M",115,115
"142","Kagawong","M15","NO.M1","ON.M15","10-10-15","1","",100,100,2,"","","M",100,100
"659","Kagawong","M15","NO.M1","ON.M15","10-10-15","1","",100,100,0,"very few seeds","","M",100,100
"649","Kagawong","M15","NO.M1","ON.M15","10-10-15","1","",9,9,2,"","","M",9,9
"477","Kagawong","M15","NO.M1","ON.M15","10-10-15","1","",30,29,0,"","","M",30,29
"556","Kagawong","M15","NO.M1","ON.M15","10-10-15","1","",120,100,10,"","","M",120,100
"738","Kagawong","M15","NO.M1","ON.M15","10-10-15","1","",23,19,0,"","","M",23,19
"445","Kagawong","M15","NO.M1","ON.M15","10-10-15","1","",55,20,0,"","","M",55,20
"529","Kagawong","M15","NO.M1","ON.M15","10-10-15","1","",25,25,2,"but only 1 branch has flowers","","M",25,25
"656","Kagawong","M15","NO.M1","ON.M15","10-10-15","1","",70,70,0,"","","M",70,70
"662","Kagawong","M15","NO.M1","ON.M15","10-10-15","1","",30,30,3,"1branch has flowers","","M",30,30
"161","Kagawong","M15","NO.M1","ON.M15","10-10-15","1","",200,200,0,"","","M",200,200
"502","Kagawong","M15","NO.M1","ON.M15","10-10-15","1","",80,60,6,"3 branches have flowers","","M",80,60
"475","Kagawong","M15","NO.M1","ON.M15","10-10-15","1","",50,50,2,"","","M",50,50
"301","Kagawong","M15","NO.M1","ON.M15","10-10-15","1","",100,100,0,"","","M",100,100
"743","Kagawong","M15","NO.M1","ON.M15","10-10-15","1","",30,24,0,"","","M",30,24
"164","Kagawong","M15","NO.M1","ON.M15","10-10-15","1","",80,80,2,"","","M",80,80
"2","Corry Lake","M16","NO.M2","ON.M16","11-10-15","1","",50,50,0,"","","M",50,50
"128","Corry Lake","M16","NO.M2","ON.M16","11-10-15","1","",30,30,3,"","","M",30,30
"158","Corry Lake","M16","NO.M2","ON.M16","11-10-15","1","",20,20,2,"","","M",20,20
"473","Corry Lake","M16","NO.M2","ON.M16","11-10-15","1","20",500,500,2,"","","M",500,500
"588","Corry Lake","M16","NO.M2","ON.M16","11-10-15","1","",15,15,3,"Only 1 branch had flowers","","M",15,15
"37","Corry Lake","M16","NO.M2","ON.M16","11-10-15","1","",20,20,2,"","","M",20,20
"94","Corry Lake","M16","NO.M2","ON.M16","11-10-15","1","",70,70,8,"","","M",70,70
"75","Corry Lake","M16","NO.M2","ON.M16","11-10-15","1","",13,12,3,"","","M",13,12
"664","Corry Lake","M16","NO.M2","ON.M16","11-10-15","1","",100,95,5,"","","M",100,95
"105","Corry Lake","M16","NO.M2","ON.M16","11-10-15","1","",30,30,5,"","","M",30,30
"541","Corry Lake","M16","NO.M2","ON.M16","11-10-15","1","",8,8,2,"","","M",8,8
"328","Corry Lake","M16","NO.M2","ON.M16","11-10-15","1","",30,30,5,"3 branches have flowers","","M",30,30
"602","Corry Lake","M16","NO.M2","ON.M16","11-10-15","1","",20,20,3,"Only 1 branch had flowers","","M",20,20
"212","Corry Lake","M16","NO.M2","ON.M16","11-10-15","1","",10,10,2,"Only 1 branch had flowers","","M",10,10
"171","Corry Lake","M16","NO.M2","ON.M16","11-10-15","1","",8,5,2,"Only 1 branch had flowers","","M",8,5
"200","Corry Lake","M16","NO.M2","ON.M16","11-10-15","1","",55,55,4,"","","M",55,55
"93","Corry Lake","M16","NO.M2","ON.M16","11-10-15","1","",15,14,2,"","","M",15,14
"645","Corry Lake","M16","NO.M2","ON.M16","11-10-15","1","",30,30,4,"","","M",30,30
"165","Corry Lake","M16","NO.M2","ON.M16","11-10-15","1","",5,3,0,"","","M",5,3
"361","Corry Lake","M16","NO.M2","ON.M16","11-10-15","1","",24,21,0,"","","M",24,21
"60","Corry Lake","M16","NO.M2","ON.M16","11-10-15","1","",85,85,3,"","","M",85,85
"318","Corry Lake","M16","NO.M2","ON.M16","11-10-15","1","",20,18,0,"","","M",20,18
"492","Corry Lake","M16","NO.M2","ON.M16","11-10-15","1","",100,90,2,"","","M",100,90
"135","Corry Lake","M16","NO.M2","ON.M16","11-10-15","1","",15,15,10,"","","M",15,15
"522","Corry Lake","M16","NO.M2","ON.M16","11-10-15","1","",240,240,2,"","","M",240,240
"182","Corry Lake","M16","NO.M2","ON.M16","11-10-15","1","",55,55,3,"","","M",55,55
"103","Corry Lake","M16","NO.M2","ON.M16","11-10-15","1","",35,34,0,"","","M",35,34
"417","Corry Lake","M16","NO.M2","ON.M16","11-10-15","1","",11,11,2,"","","M",11,11
"503","Corry Lake","M16","NO.M2","ON.M16","11-10-15","1","",30,29,4,"Only 2 of the secondary branches have flowers","","M",30,29
"388","Samuel de Champlain","D10","ON.D1","ON.D10","11-10-15","1","",5,3,3,"Only 1 branch had flowers","","P",5,3
"436","Samuel de Champlain","D10","ON.D1","ON.D10","11-10-15","1","",15,0,3,"","","P",15,0
"80","Samuel de Champlain","D10","ON.D1","ON.D10","11-10-15","1","",35,0,2,"","","P",35,0
"418","Samuel de Champlain","D10","ON.D1","ON.D10","11-10-15","1","",20,0,2,"","","P",20,0
"71","Samuel de Champlain","D10","ON.D1","ON.D10","11-10-15","1","",12,0,3,"looks like weevil damage","","P",12,0
"415","Samuel de Champlain","D10","ON.D1","ON.D10","11-10-15","1","",10,0,2,"","","P",10,0
"83","Samuel de Champlain","D10","ON.D1","ON.D10","11-10-15","1","",38,10,0,"","","P",38,10
"38","Samuel de Champlain","D10","ON.D1","ON.D10","11-10-15","1","",50,25,0,"","","P",50,25
"526","Samuel de Champlain","D10","ON.D1","ON.D10","11-10-15","1","",10,0,5,"","","P",10,0
"169","Samuel de Champlain","D10","ON.D1","ON.D10","11-10-15","1","",7,0,2,"","","P",7,0
"746","Samuel de Champlain","D10","ON.D1","ON.D10","11-10-15","1","",20,0,2,"","","P",20,0
"260","Samuel de Champlain","D10","ON.D1","ON.D10","11-10-15","1","",6,0,0,"","","P",6,0
"735","Samuel de Champlain","D10","ON.D1","ON.D10","11-10-15","1","",35,0,4,"2 branches have flowers; CHANGED FRUIT COUNT TO 0, NO ABORTED SEEDS NO SEEDS =NOT FRUIT","","P",35,0
"155","Samuel de Champlain","D10","ON.D1","ON.D10","11-10-15","1","",8,1,0,"","","P",8,1
"442","Samuel de Champlain","D10","ON.D1","ON.D10","11-10-15","1","",15,1,0,"","","P",15,1
"384","Samuel de Champlain","D10","ON.D1","ON.D10","11-10-15","1","",12,7,0,"","","P",12,7
"199","Samuel de Champlain","D10","ON.D1","ON.D10","11-10-15","1","",20,1,0,"","","P",20,1
"625","Samuel de Champlain","D10","ON.D1","ON.D10","11-10-15","1","",10,0,3,"","","P",10,0
"507","Samuel de Champlain","D10","ON.D1","ON.D10","11-10-15","1","",30,10,2,"low seed in fruit","","P",30,10
"646","Samuel de Champlain","D10","ON.D1","ON.D10","11-10-15","1","8",10,1,0,"","","P",10,1
"385","Samuel de Champlain","D10","ON.D1","ON.D10","11-10-15","1","2",10,0,0,"","","P",10,0
"196","Samuel de Champlain","D10","ON.D1","ON.D10","11-10-15","1","50",100,0,0,"","","P",100,0
"230","Samuel de Champlain","D10","ON.D1","ON.D10","11-10-15","1","",80,26,7,"","","P",80,26
"353","Samuel de Champlain","D10","ON.D1","ON.D10","11-10-15","1","36",50,25,0,"Only 4 stems in clump with flowers","","P",50,25
"663","Samuel de Champlain","D10","ON.D1","ON.D10","11-10-15","1","10",25,21,0,"Only 1 stem in bunch with flowers","","P",25,21
"238","Samuel de Champlain","D10","ON.D1","ON.D10","11-10-15","1","",1,1,2,"","","P",1,1
"221","Samuel de Champlain","D10","ON.D1","ON.D10","11-10-15","1","16",11,1,0,"4 stems with flowers; CHANGED TO 1 FRUIT FROM 4 BECAUSE NONE OF THE FRUITS HAD ABORTED SEEDS OR SEEDS","","P",11,1
"166","Samuel de Champlain","D10","ON.D1","ON.D10","11-10-15","1","41",5,4,0,"3 stems with flowers","","P",5,4
"227","Samuel de Champlain","D10","ON.D1","ON.D10","11-10-15","1","14",1,1,0,"","","P",1,1
"559","Samuel de Champlain","D10","ON.D1","ON.D10","11-10-15","1","4",9,1,0,"Only 1 stem with flowers","","P",9,1
"218","Samuel de Champlain","D10","ON.D1","ON.D10","11-10-15","1","8",10,0,0,"","","P",10,0
"704","Samuel de Champlain","D10","ON.D1","ON.D10","11-10-15","1","9",10,1,0,"","","P",10,1
"580","Samuel de Champlain","D10","ON.D1","ON.D10","11-10-15","1","11",32,25,7,"","","P",32,25
"595","Ardoch","D8","ON.D8","ON.D8","10-10-15","1","",95,60,6,"","","P",95,60
"194","Ardoch","D8","ON.D8","ON.D8","10-10-15","1","",16,1,6,"CHANGED FROM 4 FRUIT TO 1, WHEN OPENED THE 3 FRUITS IN LAB THERE WAS NOTHING IN THEM","","P",16,1
"112","Ardoch","D8","ON.D8","ON.D8","10-10-15","1","20",2,2,2,"","","P",2,2
"231","Ardoch","D8","ON.D8","ON.D8","10-10-15","1","9",37,37,0,"","","P",37,37
"191","Ardoch","D8","ON.D8","ON.D8","10-10-15","1","4",50,45,0,"","","P",50,45
"566","Ardoch","D8","ON.D8","ON.D8","10-10-15","1","",19,16,0,"","","P",19,16
"527","Ardoch","D8","ON.D8","ON.D8","10-10-15","1","",53,52,0,"","","P",53,52
"143","Ardoch","D8","ON.D8","ON.D8","10-10-15","1","12",100,90,12,"","","P",100,90
"592","Ardoch","D8","ON.D8","ON.D8","10-10-15","1","",137,117,0,"","","P",137,117
"437","Ferguson","M11","ON.M11","ON.M11","10-10-15","1","",40,0,0,"might have high aborted seeds","","M",40,0
"210","Ferguson","M11","ON.M11","ON.M11","10-10-15","1","",60,12,8,"4 branches have flowers","","M",60,12
"431","Ferguson","M11","ON.M11","ON.M11","10-10-15","1","",130,125,9,"","","M",130,125
"188","Ferguson","M11","ON.M11","ON.M11","10-10-15","1","",80,20,4,"1 branch has flowers","","M",80,20
"19","Ferguson","M11","ON.M11","ON.M11","10-10-15","1","",160,5,0,"","","M",160,5
"685","Ferguson","M11","ON.M11","ON.M11","10-10-15","1","",118,95,0,"","","M",118,95
"134","Ferguson","M11","ON.M11","ON.M11","10-10-15","1","11",45,45,7,"","","M",45,45
"236","Ferguson","M11","ON.M11","ON.M11","10-10-15","1","",135,120,4,"","","M",135,120
"146","Ferguson","M11","ON.M11","ON.M11","10-10-15","1","30",75,35,3,"","","M",75,35
"750","Ferguson","M11","ON.M11","ON.M11","10-10-15","1","20",100,2,7,"1 fruit has 7 seeds 1 fruit has 5","11","M",100,2
"744","Ferguson","M11","ON.M11","ON.M11","10-10-15","1","25",8,4,0,"","","M",8,4
"573","Ferguson","M11","ON.M11","ON.M11","10-10-15","1","",30,4,3,"","","M",30,4
"116","Ferguson","M11","ON.M11","ON.M11","10-10-15","1","",30,4,4,"","","M",30,4
"16","Ferguson","M11","ON.M11","ON.M11","10-10-15","1","",25,1,4,"","","M",25,1
"131","Ferguson","M11","ON.M11","ON.M11","10-10-15","1","",50,2,0,"1 fruit 1 seed","","M",50,2
"226","Ferguson","M11","ON.M11","ON.M11","10-10-15","1","",40,0,0,"","","M",40,0
"586","Ferguson","M11","ON.M11","ON.M11","10-10-15","1","",28,24,3,"","","M",28,24
"125","Ferguson","M11","ON.M11","ON.M11","10-10-15","1","",30,4,5,"20 seeds total","20","M",30,4
"491","Ferguson","M11","ON.M11","ON.M11","10-10-15","1","",28,6,3,"","","M",28,6
"533","Ferguson","M11","ON.M11","ON.M11","10-10-15","1","",45,7,8,"1 fruit has 4 seed 1 fruit has 2 ","","M",45,7
"589","Ferguson","M11","ON.M11","ON.M11","10-10-15","1","",25,20,4,"","","M",25,20
"596","Ferguson","M11","ON.M11","ON.M11","10-10-15","1","",15,0,5,"1 branch has flowers","","M",15,0
"408","Ferguson","M11","ON.M11","ON.M11","10-10-15","1","",28,0,3,"1 branch has flowers","","M",28,0
"101","Ferguson","M11","ON.M11","ON.M11","10-10-15","1","",55,0,0,"solo stem","","M",55,0
"383","Ferguson","M11","ON.M11","ON.M11","10-10-15","1","",25,0,3,"","","M",25,0
"440","Ferguson","M11","ON.M11","ON.M11","10-10-15","1","",45,0,3,"","","M",45,0
"393","Ferguson","M11","ON.M11","ON.M11","10-10-15","1","",45,0,5,"","","M",45,0
"355","Ferguson","M11","ON.M11","ON.M11","10-10-15","1","",25,0,2,"","","M",25,0
"399","Ferguson","M11","ON.M11","ON.M11","10-10-15","1","",40,0,6,"","","M",40,0
"428","Ferguson","M11","ON.M11","ON.M11","10-10-15","1","",11,0,5,"","","M",11,0
"319","Ferguson","M11","ON.M11","ON.M11","10-10-15","1","",12,12,5,"","","M",12,12
"354","Ferguson","M11","ON.M11","ON.M11","10-10-15","1","",100,10,3,"","","M",100,10
"167","Kagawong","M15","NO.M1","ON.M15","10-10-15","1","",75,75,4,"","","M",75,75
"532","Kagawong","M15","NO.M1","ON.M15","10-10-15","1","",115,115,0,"","","M",115,115
"535","Joes Lake","T13","ON.T13","ON.T13","09-10-15","1","15",29,13,15,"3 branches have flowers","","P",29,13
"562","Joes Lake","T13","ON.T13","ON.T13","09-10-15","1","",49,48,15,"3 branches have flowers","","P",49,48
"652","Joes Lake","T13","ON.T13","ON.T13","09-10-15","1","",60,52,7,"2 branches have flowers","","P",60,52
"173","Joes Lake","T13","ON.T13","ON.T13","09-10-15","1","",11,10,20,"2 branches have flowers","","P",11,10
"655","Joes Lake","T13","ON.T13","ON.T13","09-10-15","1","",38,36,10,"1 branch has flowers","","P",38,36
"233","Joes Lake","T13","ON.T13","ON.T13","09-10-15","1","",19,18,6,"1 branch has flowers","","P",19,18
"176","Joes Lake","T13","ON.T13","ON.T13","09-10-15","1","",10,10,13,"1 branch has flowers","","P",10,10
"544","Joes Lake","T13","ON.T13","ON.T13","09-10-15","1","",6,6,7,"1 branch has flowers","","P",6,6
"205","Joes Lake","T13","ON.T13","ON.T13","09-10-15","1","",8,8,5,"1 branch has flowers","","P",8,8
"396","Joes Lake","T13","ON.T13","ON.T13","09-10-15","1","",9,1,6,"1 branch has flowers","","P",9,1
"79","Joes Lake","T13","ON.T13","ON.T13","09-10-15","1","",9,0,12,"1 branch has flowers","","P",9,0
"714","Joes Lake","T13","ON.T13","ON.T13","09-10-15","1","",8,6,8,"1 branch has flowers","","P",8,6
"113","Joes Lake","T13","ON.T13","ON.T13","09-10-15","1","",14,0,7,"1 branch has flowers","","P",14,0
"711","Joes Lake","T13","ON.T13","ON.T13","09-10-15","1","",70,30,10,"","","P",70,30
"154","Joes Lake","T13","ON.T13","ON.T13","09-10-15","1","",45,43,8,"1 branch has flowers","","P",45,43
"606","Joes Lake","T13","ON.T13","ON.T13","09-10-15","1","",77,77,10,"7 branches with flowers","","P",77,77
"197","Joes Lake","T13","ON.T13","ON.T13","09-10-15","1","",50,50,10,"","","P",50,50
"22","Joes Lake","T13","ON.T13","ON.T13","09-10-15","1","",55,55,10,"3 branches have flowers","","P",55,55
"267","Joes Lake","T13","ON.T13","ON.T13","09-10-15","1","",55,55,3,"3 branches have flowers","","P",55,55
"695","Joes Lake","T13","ON.T13","ON.T13","09-10-15","1","",55,50,12,"3 branches have flowers","","P",55,50
"92","Joes Lake","T13","ON.T13","ON.T13","09-10-15","1","",20,20,0,"","","P",20,20
"644","Joes Lake","T13","ON.T13","ON.T13","09-10-15","1","",80,0,0,"","","P",80,0
"160","Joes Lake","T13","ON.T13","ON.T13","09-10-15","1","20",20,0,0,"","","P",20,0
"647","Joes Lake","T13","ON.T13","ON.T13","09-10-15","1","5",3,3,0,"","","P",3,3
"208","Joes Lake","T13","ON.T13","ON.T13","09-10-15","1","",3,2,0,"","","P",3,2
"689","Joes Lake","T13","ON.T13","ON.T13","09-10-15","1","40",10,0,0,"Only 1 stem flowering","","P",10,0
"50","Joes Lake","T13","ON.T13","ON.T13","09-10-15","1","",15,8,5,"1 branch has flowers","","P",15,8
"147","Joes Lake","T13","ON.T13","ON.T13","09-10-15","1","",11,0,12,"1 branch has flowers","","P",11,0
"232","Joes Lake","T13","ON.T13","ON.T13","09-10-15","1","",7,4,0,"","","P",7,4
"264","Joes Lake","T13","ON.T13","ON.T13","09-10-15","1","",5,5,0,"","","P",5,5
"279","Joes Lake","T13","ON.T13","ON.T13","09-10-15","1","",6,2,0,"","","P",6,2
"137","Joes Lake","T13","ON.T13","ON.T13","09-10-15","1","45",12,7,0,"","","P",12,7
"222","Joes Lake","T13","ON.T13","ON.T13","09-10-15","1","20",6,1,0,"","","P",6,1
"480","Joes Lake","T13","ON.T13","ON.T13","09-10-15","1","20",15,8,0,"2 fruit with 1 seed; 2 fruit with 2 see; 2 fruit with 3; 1 fruit w 4; 1 fruit w 7","23","P",15,8
"88","Joes Lake","T13","ON.T13","ON.T13","09-10-15","1","",17,1,12,"","","P",17,1
"99","Hindon bog","M6","ON.M6","ON.M6","24-10-15","1","",20,0,0,"","","M",20,0
"229","Round Lake","M5","ON.M5","ON.M5","24-10-15","1","",55,50,NA,"","","M",55,50
"274","Horseshoe Lake","M1","ON.M1","ON.M1","18-10-15","2","",68,68,NA,"","","M",68,68
"337","Holland River","M12","ON.M12","ON.M12","15-10-15","1","",27,22,6,"","","M",27,22
"568","Mud Lake","M3","ON.M3","ON.M3","16-10-15","1","",7,7,0,"","","M",7,7
