Envelope_ID,Type,PopName,Pop_ID,PopCode2,Date_collected,Clump_size,Secondary_branches,Flower_num,Fruit_num
148,M,Jock River I,M8,ON.M8,2013-10-15,40,0,150,150
609,M,Jock River I,M8,ON.M8,2013-10-15,20,0,30,30
455,M,Jock River I,M8,ON.M8,2013-10-15,20,0,65,65
617,M,Jock River I,M8,ON.M8,2013-10-15,30,0,80,80
421,M,Jock River I,M8,ON.M8,2013-10-15,40,0,70,65
15,M,Jock River I,M8,ON.M8,2013-10-15,20,0,45,40
571,M,Jock River I,M8,ON.M8,2013-10-15,30,0,20,20
688,M,Jock River I,M8,ON.M8,2013-10-15,5,12,60,55
7,M,Jock River I,M8,ON.M8,2013-10-15,20,0,80,80
41,M,Jock River I,M8,ON.M8,2013-10-15,20,0,90,90
357,M,Jock River I,M8,ON.M8,2013-10-15,20,0,90,88
68,M,Jock River I,M8,ON.M8,2013-10-15,30,0,130,125
30,M,Jock River I,M8,ON.M8,2013-10-15,40,0,55,55
1,M,Jock River I,M8,ON.M8,2013-10-15,12,0,14,8
247,M,Jock River I,M8,ON.M8,2013-10-15,30,7,12,12
407,M,Jock River I,M8,ON.M8,2013-10-15,25,0,65,65
59,M,Jock River I,M8,ON.M8,2013-10-15,12,9,45,45
261,M,Jock River I,M8,ON.M8,2013-10-15,25,20,20,20
67,M,Jock River I,M8,ON.M8,2013-10-15,15,0,45,45
118,M,Jock River I,M8,ON.M8,2013-10-15,15,0,80,80
367,M,Jock River I,M8,ON.M8,2013-10-15,>20,7,100,100
48,M,Jock River I,M8,ON.M8,2013-10-15,20,0,25,25
629,M,Jock River I,M8,ON.M8,2013-10-15,20,0,80,77
603,M,Jock River I,M8,ON.M8,2013-10-15,35,0,20,20
423,M,Jock River I,M8,ON.M8,2013-10-15,40,0,100,100
450,M,Jock River I,M8,ON.M8,2013-10-15,25,0,90,90
380,M,Jock River I,M8,ON.M8,2013-10-15,30,0,100,99
642,M,Jock River I,M8,ON.M8,2013-10-15,,0,70,65
398,M,Jevins,M2,ON.M2,2025-10-15,,0,44,25
304,M,Jevins,M2,ON.M2,2025-10-15,,0,6,3
237,M,Jevins,M2,ON.M2,2025-10-15,,8,18,5
11,M,Jevins,M2,ON.M2,2025-10-15,,0,4,0
214,M,Jevins,M2,ON.M2,2025-10-15,,0,3,2
288,M,Jevins,M2,ON.M2,2025-10-15,,0,21,20
163,M,Jevins,M2,ON.M2,2025-10-15,,0,10,3
241,M,Jevins,M2,ON.M2,2025-10-15,,0,37,13
425,M,Jevins,M2,ON.M2,2025-10-15,,0,25,17
387,M,Jevins,M2,ON.M2,2025-10-15,,0,12,11
575,M,Jevins,M2,ON.M2,2025-10-15,,0,6,5
600,M,Jevins,M2,ON.M2,2025-10-15,,0,9,9
73,M,Jevins,M2,ON.M2,2025-10-15,,0,11,10
548,M,Jevins,M2,ON.M2,2025-10-15,,0,21,10
23,M,Jevins,M2,ON.M2,2025-10-15,,0,15,7
465,M,Jevins,M2,ON.M2,2025-10-15,,0,14,14
485,M,Jevins,M2,ON.M2,2025-10-15,,0,33,20
668,M,Jevins,M2,ON.M2,2025-10-15,,0,31,26
405,M,Jevins,M2,ON.M2,2025-10-15,,0,10,10
411,M,Jevins,M2,ON.M2,2025-10-15,,0,2,0
351,M,Jevins,M2,ON.M2,2025-10-15,,0,8,2
162,M,Jevins,M2,ON.M2,2025-10-15,,0,5,0
201,M,Jevins,M2,ON.M2,2025-10-15,,0,35,10
107,M,Jevins,M2,ON.M2,2025-10-15,,7,21,7
228,M,Jevins,M2,ON.M2,2025-10-15,,0,1,1
339,M,Jevins,M2,ON.M2,2025-10-15,,0,4,1
277,M,Jevins,M2,ON.M2,2025-10-15,,7,13,1
342,M,Jevins,M2,ON.M2,2025-10-15,,0,18,9
371,M,Jevins,M2,ON.M2,2025-10-15,2,0,2,1
349,M,Jevins,M2,ON.M2,2025-10-15,,8,7,3
178,M,Jevins,M2,ON.M2,2025-10-15,,0,9,0
58,M,Jevins,M2,ON.M2,2025-10-15,,0,9,2
563,M,Jevins,M2,ON.M2,2025-10-15,,0,22,3
528,M,Jevins,M2,ON.M2,2025-10-15,,0,2,2
413,M,Jevins,M2,ON.M2,2025-10-15,,0,4,1
249,M,Jevins,M2,ON.M2,2025-10-15,,6,16,2
21,M,Jevins,M2,ON.M2,2025-10-15,,0,8,0
497,M,Hindon bog,M6,ON.M6,2024-10-15,,0,12,0
461,M,Hindon bog,M6,ON.M6,2024-10-15,,0,15,0
650,M,Hindon bog,M6,ON.M6,2024-10-15,,0,3,0
638,M,Hindon bog,M6,ON.M6,2024-10-15,,5,2,0
587,M,Hindon bog,M6,ON.M6,2024-10-15,,0,11,0
467,M,Hindon bog,M6,ON.M6,2024-10-15,,0,2,0
343,M,Hindon bog,M6,ON.M6,2024-10-15,,6,6,0
255,M,Hindon bog,M6,ON.M6,2024-10-15,,0,3,0
5,M,Hindon bog,M6,ON.M6,2024-10-15,,0,9,0
552,M,Hindon bog,M6,ON.M6,2024-10-15,,0,12,0
100,M,Hindon bog,M6,ON.M6,2024-10-15,,0,10,0
404,M,Hindon bog,M6,ON.M6,2024-10-15,,0,11,0
219,M,Hindon bog,M6,ON.M6,2024-10-15,,0,4,4
579,M,Hindon bog,M6,ON.M6,2024-10-15,,0,26,0
593,M,Hindon bog,M6,ON.M6,2024-10-15,,0,25,14
324,M,Hindon bog,M6,ON.M6,2024-10-15,,0,13,0
114,M,Hindon bog,M6,ON.M6,2024-10-15,,0,2,0
298,M,Hindon bog,M6,ON.M6,2024-10-15,,0,13,0
243,M,Hindon bog,M6,ON.M6,2024-10-15,,0,19,0
276,M,Hindon bog,M6,ON.M6,2024-10-15,,0,10,0
111,M,Hindon bog,M6,ON.M6,2024-10-15,,0,19,0
45,M,Hindon bog,M6,ON.M6,2024-10-15,,0,22,0
312,M,Hindon bog,M6,ON.M6,2024-10-15,,0,8,0
193,M,Hindon bog,M6,ON.M6,2024-10-15,,10,42,0
514,M,Hindon bog,M6,ON.M6,2024-10-15,,0,21,0
530,M,Hindon bog,M6,ON.M6,2024-10-15,,0,11,0
414,M,Hindon bog,M6,ON.M6,2024-10-15,,0,7,2
246,M,Hindon bog,M6,ON.M6,2024-10-15,,6,50,45
542,M,Round Lake,M5,ON.M5,2024-10-15,,0,9,4
358,M,Round Lake,M5,ON.M5,2024-10-15,,0,33,14
138,M,Round Lake,M5,ON.M5,2024-10-15,,0,22,13
117,M,Round Lake,M5,ON.M5,2024-10-15,,0,20,15
12,M,Round Lake,M5,ON.M5,2024-10-15,15,18,50,50
141,M,Round Lake,M5,ON.M5,2024-10-15,,0,2,2
42,M,Round Lake,M5,ON.M5,2024-10-15,,0,11,4
657,M,Round Lake,M5,ON.M5,2024-10-15,,0,12,3
683,M,Round Lake,M5,ON.M5,2024-10-15,,12,120,110
623,M,Round Lake,M5,ON.M5,2024-10-15,,0,4,3
555,M,Round Lake,M5,ON.M5,2024-10-15,,0,15,6
517,M,Round Lake,M5,ON.M5,2024-10-15,,0,10,8
153,M,Round Lake,M5,ON.M5,2024-10-15,,5,105,105
540,M,Round Lake,M5,ON.M5,2024-10-15,,0,12,3
183,M,Round Lake,M5,ON.M5,2024-10-15,,0,23,15
213,M,Round Lake,M5,ON.M5,2024-10-15,,0,3,3
310,M,Round Lake,M5,ON.M5,2024-10-15,,3,90,85
223,M,Round Lake,M5,ON.M5,2024-10-15,,0,20,15
144,M,Round Lake,M5,ON.M5,2024-10-15,,0,11,9
365,M,Round Lake,M5,ON.M5,2024-10-15,,0,15,7
244,M,Round Lake,M5,ON.M5,2024-10-15,,0,60,50
129,M,Round Lake,M5,ON.M5,2024-10-15,,6,65,50
84,M,Round Lake,M5,ON.M5,2024-10-15,,0,11,7
273,M,Round Lake,M5,ON.M5,2024-10-15,,6,8,0
95,M,Round Lake,M5,ON.M5,2024-10-15,,0,10,6
303,M,Round Lake,M5,ON.M5,2024-10-15,3,0,6,0
333,M,Round Lake,M5,ON.M5,2024-10-15,,0,21,15
512,M,Round Lake,M5,ON.M5,2024-10-15,,0,20,19
482,M,Round Lake,M5,ON.M5,2024-10-15,,8,15,11
33,P,Loch Garry,T12,ON.T12,2023-10-15,,0,85,80
334,P,Loch Garry,T12,ON.T12,2023-10-15,,6,190,180
510,P,Loch Garry,T12,ON.T12,2023-10-15,6 to 8,0,12,12
29,P,Loch Garry,T12,ON.T12,2023-10-15,,5,80,80
77,P,Loch Garry,T12,ON.T12,2023-10-15,,9,230,225
104,P,Loch Garry,T12,ON.T12,2023-10-15,,0,85,85
132,P,Loch Garry,T12,ON.T12,2023-10-15,,0,95,95
20,P,Loch Garry,T12,ON.T12,2023-10-15,8,0,28,28
102,P,Loch Garry,T12,ON.T12,2023-10-15,,0,75,75
81,P,Loch Garry,T12,ON.T12,2023-10-15,,5,30,30
209,P,Loch Garry,T12,ON.T12,2023-10-15,7,0,12,11
106,P,Loch Garry,T12,ON.T12,2023-10-15,20,8,110,105
126,P,Loch Garry,T12,ON.T12,2023-10-15,,7,50,50
133,P,Loch Garry,T12,ON.T12,2023-10-15,4,3,45,45
17,P,Loch Garry,T12,ON.T12,2023-10-15,20,0,30,30
65,P,Loch Garry,T12,ON.T12,2023-10-15,4,0,65,55
69,P,Loch Garry,T12,ON.T12,2023-10-15,20,0,9,9
49,P,Loch Garry,T12,ON.T12,2023-10-15,10,0,12,12
315,P,Loch Garry,T12,ON.T12,2023-10-15,10,0,40,38
124,P,Loch Garry,T12,ON.T12,2023-10-15,10,4,60,60
26,P,Loch Garry,T12,ON.T12,2023-10-15,4,18,50,50
513,P,Loch Garry,T12,ON.T12,2023-10-15,5,11,205,205
543,P,Loch Garry,T12,ON.T12,2023-10-15,4,0,55,55
572,P,Loch Garry,T12,ON.T12,2023-10-15,,6,10,10
632,P,Loch Garry,T12,ON.T12,2023-10-15,15,0,55,45
368,P,Loch Garry,T12,ON.T12,2023-10-15,6,0,25,20
3,P,Loch Garry,T12,ON.T12,2023-10-15,,8,200,190
34,P,Loch Garry,T12,ON.T12,2023-10-15,,5,60,60
186,P,Loch Garry,T12,ON.T12,2023-10-15,,0,45,40
156,P,Loch Garry,T12,ON.T12,2023-10-15,10,8,45,43
220,P,Loch Garry,T12,ON.T12,2023-10-15,,11,125,125
410,P,Pumphouse Marsh,D9,ON.D9,2025-10-15,,6,215,215
348,P,Pumphouse Marsh,D9,ON.D9,2025-10-15,,0,23,20
330,P,Pumphouse Marsh,D9,ON.D9,2025-10-15,,0,105,105
327,P,Pumphouse Marsh,D9,ON.D9,2025-10-15,,10,230,230
150,P,Pumphouse Marsh,D9,ON.D9,2025-10-15,,8,500,500
108,P,Pumphouse Marsh,D9,ON.D9,2025-10-15,,14,245,245
36,P,Pumphouse Marsh,D9,ON.D9,2025-10-15,,8,130,130
6,P,Pumphouse Marsh,D9,ON.D9,2025-10-15,,7,195,195
63,P,Pumphouse Marsh,D9,ON.D9,2025-10-15,,14,320,320
671,P,Pumphouse Marsh,D9,ON.D9,2025-10-15,,8,139,139
608,P,Pumphouse Marsh,D9,ON.D9,2025-10-15,,7,144,144
516,P,Pumphouse Marsh,D9,ON.D9,2025-10-15,,2,102,102
518,P,Pumphouse Marsh,D9,ON.D9,2025-10-15,,0,115,115
309,P,Pumphouse Marsh,D9,ON.D9,2025-10-15,,0,55,55
458,P,Pumphouse Marsh,D9,ON.D9,2025-10-15,,0,70,70
216,P,Pumphouse Marsh,D9,ON.D9,2025-10-15,,0,105,105
395,P,Pumphouse Marsh,D9,ON.D9,2025-10-15,,0,95,95
336,P,Pumphouse Marsh,D9,ON.D9,2025-10-15,,3,90,90
252,P,Pumphouse Marsh,D9,ON.D9,2025-10-15,,2,134,134
515,P,Pumphouse Marsh,D9,ON.D9,2025-10-15,,0,70,70
605,P,Pumphouse Marsh,D9,ON.D9,2025-10-15,,0,50,50
66,P,Pumphouse Marsh,D9,ON.D9,2025-10-15,,4,88,88
8,P,Pumphouse Marsh,D9,ON.D9,2025-10-15,,14,280,280
14,P,Pumphouse Marsh,D9,ON.D9,2025-10-15,,14,345,345
452,P,Pumphouse Marsh,D9,ON.D9,2025-10-15,,16,360,360
488,P,Pumphouse Marsh,D9,ON.D9,2025-10-15,,17,490,490
539,P,Pumphouse Marsh,D9,ON.D9,2025-10-15,,14,460,460
521,P,Pumphouse Marsh,D9,ON.D9,2025-10-15,,12,215,215
401,P,Pumphouse Marsh,D9,ON.D9,2025-10-15,,0,20,20
305,P,Pumphouse Marsh,D9,ON.D9,2025-10-15,,16,210,210
321,P,Pumphouse Marsh,D9,ON.D9,2025-10-15,,4,40,40
123,P,Pumphouse Marsh,D9,ON.D9,2025-10-15,,10,180,180
306,P,Pumphouse Marsh,D9,ON.D9,2025-10-15,,10,295,295
96,P,Pumphouse Marsh,D9,ON.D9,2025-10-15,,6,65,65
346,P,Bewdley A,D5,ON.D5,1930-10-15,,10,330,310
313,P,Bewdley A,D5,ON.D5,1930-10-15,,10,80,80
392,P,Bewdley A,D5,ON.D5,1930-10-15,,12,140,135
120,P,Bewdley A,D5,ON.D5,1930-10-15,5,0,87,85
524,P,Bewdley A,D5,ON.D5,1930-10-15,,5,215,215
614,P,Bewdley A,D5,ON.D5,1930-10-15,,6,187,187
9,P,Bewdley A,D5,ON.D5,1930-10-15,,14,265,265
225,P,Bewdley A,D5,ON.D5,1930-10-15,,17,425,425
159,P,Bewdley A,D5,ON.D5,1930-10-15,,5,85,85
39,P,Bewdley A,D5,ON.D5,1930-10-15,15,7,95,90
307,P,Bewdley A,D5,ON.D5,1930-10-15,,8,210,210
519,P,Bewdley A,D5,ON.D5,1930-10-15,15,4,155,155
464,P,Bewdley A,D5,ON.D5,1930-10-15,8,21,215,215
635,P,Bewdley A,D5,ON.D5,1930-10-15,6,10,285,285
545,P,Bewdley A,D5,ON.D5,1930-10-15,3,6,25,25
578,P,Bewdley A,D5,ON.D5,1930-10-15,20,14,5,5
611,P,Bewdley A,D5,ON.D5,1930-10-15,,14,110,110
72,P,Bewdley A,D5,ON.D5,1930-10-15,20,9,20,20
189,P,Bewdley A,D5,ON.D5,1930-10-15,,10,100,100
97,P,Bewdley A,D5,ON.D5,1930-10-15,,7,30,30
127,P,Bewdley A,D5,ON.D5,1930-10-15,,6,125,125
70,P,Bewdley A,D5,ON.D5,1930-10-15,12,0,55,55
40,P,Bewdley A,D5,ON.D5,1930-10-15,4,12,5,5
192,P,Bewdley A,D5,ON.D5,1930-10-15,6,0,35,35
168,P,Bewdley A,D5,ON.D5,1930-10-15,12,9,38,38
217,P,Bewdley A,D5,ON.D5,1930-10-15,12,10,165,165
250,P,Bewdley A,D5,ON.D5,1930-10-15,,8,155,150
554,P,Bewdley A,D5,ON.D5,1930-10-15,6,3,20,18
665,P,Bewdley A,D5,ON.D5,1930-10-15,5,19,440,440
422,M,Caledon,M4,ON.M4,2025-10-15,,0,5,0
374,M,Caledon,M4,ON.M4,2025-10-15,,0,3,1
345,M,Caledon,M4,ON.M4,2025-10-15,,0,4,0
234,M,Caledon,M4,ON.M4,2025-10-15,,0,5,0
177,M,Caledon,M4,ON.M4,2025-10-15,,0,4,4
198,M,Caledon,M4,ON.M4,2025-10-15,,0,22,7
87,M,Caledon,M4,ON.M4,2025-10-15,,0,5,0
674,M,Caledon,M4,ON.M4,2025-10-15,,0,15,4
641,M,Caledon,M4,ON.M4,2025-10-15,,0,6,0
54,M,Caledon,M4,ON.M4,2025-10-15,,6,55,25
18,P,Rideau Bird Sanctuary,T17,ON.T16,2026-10-15,,0,55,0
581,P,Rideau Bird Sanctuary,T17,ON.T16,2026-10-15,20,0,20,20
130,P,Rideau Bird Sanctuary,T17,ON.T16,2026-10-15,,6,50,50
174,P,Rideau Bird Sanctuary,T17,ON.T16,2026-10-15,,0,36,36
195,P,Rideau Bird Sanctuary,T17,ON.T16,2026-10-15,,0,55,55
180,P,Rideau Bird Sanctuary,T17,ON.T16,2026-10-15,,8,110,110
78,P,Rideau Bird Sanctuary,T17,ON.T16,2026-10-15,6,0,2,1
620,P,Rideau Bird Sanctuary,T17,ON.T16,2026-10-15,,3,50,50
551,P,Rideau Bird Sanctuary,T17,ON.T16,2026-10-15,15,0,25,25
525,P,Rideau Bird Sanctuary,T17,ON.T16,2026-10-15,10,0,50,50
109,P,Otty Lake,D7,ON.D7,2026-10-15,,10,125,125
389,P,Otty Lake,D7,ON.D7,2026-10-15,1,10,180,180
51,P,Otty Lake,D7,ON.D7,2026-10-15,,6,189,189
240,P,Otty Lake,D7,ON.D7,2026-10-15,,8,205,205
270,P,Otty Lake,D7,ON.D7,2026-10-15,4,0,109,109
331,P,Otty Lake,D7,ON.D7,2026-10-15,,0,87,87
434,P,Otty Lake,D7,ON.D7,2026-10-15,10,11,295,295
416,P,Otty Lake,D7,ON.D7,2026-10-15,,12,275,275
302,P,Otty Lake,D7,ON.D7,2026-10-15,,10,80,80
717,P,Otty Lake,D7,ON.D7,2026-10-15,,0,25,25
570,P,Otty Lake,D7,ON.D7,2026-10-15,,6,150,150
536,P,Otty Lake,D7,ON.D7,2026-10-15,,8,170,170
506,P,Otty Lake,D7,ON.D7,2026-10-15,,8,360,360
242,P,Otty Lake,D7,ON.D7,2026-10-15,,0,95,95
181,P,Otty Lake,D7,ON.D7,2026-10-15,,2,170,170
4,P,Otty Lake,D7,ON.D7,2026-10-15,,18,140,140
476,P,Otty Lake,D7,ON.D7,2026-10-15,,0,115,115
89,P,Otty Lake,D7,ON.D7,2026-10-15,,0,35,35
716,P,Otty Lake,D7,ON.D7,2026-10-15,,16,305,305
601,P,Otty Lake,D7,ON.D7,2026-10-15,,5,190,190
505,P,Otty Lake,D7,ON.D7,2026-10-15,,8,120,120
478,P,Otty Lake,D7,ON.D7,2026-10-15,,0,110,110
448,P,Otty Lake,D7,ON.D7,2026-10-15,,4,168,168
356,P,Otty Lake,D7,ON.D7,2026-10-15,,0,127,127
266,P,Otty Lake,D7,ON.D7,2026-10-15,20,11,100,100
53,P,Otty Lake,D7,ON.D7,2026-10-15,,6,258,258
28,P,Otty Lake,D7,ON.D7,2026-10-15,,10,125,125
523,P,Otty Lake,D7,ON.D7,2026-10-15,6,0,30,30
272,P,Otty Lake,D7,ON.D7,2026-10-15,8,0,36,36
420,P,Otty Lake,D7,ON.D7,2026-10-15,,5,85,85
390,P,Otty Lake,D7,ON.D7,2026-10-15,,0,165,165
419,P,Cow Bay QUBS,T6,EO.T6,2027-10-15,,0,49,49
479,P,Cow Bay QUBS,T6,EO.T6,2027-10-15,8,0,37,37
386,P,Cow Bay QUBS,T6,EO.T6,2027-10-15,,12,258,258
360,P,Cow Bay QUBS,T6,EO.T6,2027-10-15,,6,229,229
426,P,Cow Bay QUBS,T6,EO.T6,2027-10-15,,0,84,84
747,P,Cow Bay QUBS,T6,EO.T6,2027-10-15,,0,68,68
82,P,Cow Bay QUBS,T6,EO.T6,2027-10-15,,10,82,82
10,P,Cow Bay QUBS,T6,EO.T6,2027-10-15,,12,135,135
35,P,Cow Bay QUBS,T6,EO.T6,2027-10-15,,1,105,105
185,P,Cow Bay QUBS,T6,EO.T6,2027-10-15,6,8,37,37
98,P,Cow Bay QUBS,T6,EO.T6,2027-10-15,,4,55,55
215,P,Cow Bay QUBS,T6,EO.T6,2027-10-15,,9,150,150
275,P,Cow Bay QUBS,T6,EO.T6,2027-10-15,6,0,67,67
308,P,Cow Bay QUBS,T6,EO.T6,2027-10-15,4,0,10,10
511,P,Cow Bay QUBS,T6,EO.T6,2027-10-15,,4,115,110
509,P,Cow Bay QUBS,T6,EO.T6,2027-10-15,,3,35,35
508,P,Cow Bay QUBS,T6,EO.T6,2027-10-15,,4,100,100
359,P,Cow Bay QUBS,T6,EO.T6,2027-10-15,,0,100,100
391,P,Cow Bay QUBS,T6,EO.T6,2027-10-15,,6,145,145
364,P,Cow Bay QUBS,T6,EO.T6,2027-10-15,,4,70,70
520,P,Cow Bay QUBS,T6,EO.T6,2027-10-15,,3,80,80
451,P,Cow Bay QUBS,T6,EO.T6,2027-10-15,,10,185,185
449,P,Cow Bay QUBS,T6,EO.T6,2027-10-15,,4,110,110
720,P,Cow Bay QUBS,T6,EO.T6,2027-10-15,,12,195,195
76,P,Cow Bay QUBS,T6,EO.T6,2027-10-15,,4,85,85
62,P,Cow Bay QUBS,T6,EO.T6,2027-10-15,,10,140,140
211,P,Cow Bay QUBS,T6,EO.T6,2027-10-15,3,0,58,58
121,P,Cow Bay QUBS,T6,EO.T6,2027-10-15,,0,53,53
152,P,Cow Bay QUBS,T6,EO.T6,2027-10-15,,3,45,45
500,M,Constance Lake,M9,ON.M9,2013-10-15,,9,35,35
713,M,Constance Lake,M9,ON.M9,2013-10-15,,4,70,69
494,M,Constance Lake,M9,ON.M9,2013-10-15,,6,35,35
119,M,Constance Lake,M9,ON.M9,2013-10-15,,16,30,30
207,M,Constance Lake,M9,ON.M9,2013-10-15,,13,25,0
680,M,Constance Lake,M9,ON.M9,2013-10-15,,10,13,13
25,M,Constance Lake,M9,ON.M9,2013-10-15,,10,40,30
149,M,Constance Lake,M9,ON.M9,2013-10-15,,10,80,80
584,M,Constance Lake,M9,ON.M9,2013-10-15,,9,20,20
110,M,Constance Lake,M9,ON.M9,2013-10-15,,8,35,30
204,M,Constance Lake,M9,ON.M9,2013-10-15,,9,20,20
258,M,Constance Lake,M9,ON.M9,2013-10-15,,13,3,3
707,M,Constance Lake,M9,ON.M9,2013-10-15,,11,45,20
13,M,Constance Lake,M9,ON.M9,2013-10-15,,5,7,7
202,M,Constance Lake,M9,ON.M9,2013-10-15,,8,10,7
140,M,Constance Lake,M9,ON.M9,2013-10-15,,14,75,75
653,M,Constance Lake,M9,ON.M9,2013-10-15,,12,35,30
565,M,Constance Lake,M9,ON.M9,2013-10-15,,14,35,0
628,M,Constance Lake,M9,ON.M9,2013-10-15,,6,15,8
658,M,Constance Lake,M9,ON.M9,2013-10-15,,12,50,50
122,M,Constance Lake,M9,ON.M9,2013-10-15,,8,21,11
598,M,Constance Lake,M9,ON.M9,2013-10-15,12,9,75,75
710,M,Constance Lake,M9,ON.M9,2013-10-15,,8,65,63
686,M,Constance Lake,M9,ON.M9,2013-10-15,3,10,10,8
316,M,Constance Lake,M9,ON.M9,2013-10-15,,13,35,30
322,M,Constance Lake,M9,ON.M9,2013-10-15,,18,110,110
470,M,Constance Lake,M9,ON.M9,2013-10-15,,8,10,10
282,M,Constance Lake,M9,ON.M9,2013-10-15,,10,35,20
402,M,Constance Lake,M9,ON.M9,2013-10-15,,10,60,60
377,M,Constance Lake,M9,ON.M9,2013-10-15,2,8,15,12
590,M,Constance Lake,M9,ON.M9,2013-10-15,,10,20,8
715,M,Constance Lake,M9,ON.M9,2013-10-15,2,12,45,45
269,M,Mud Lake,M3,ON.M3,2016-10-15,6,3,10,8
64,M,Mud Lake,M3,ON.M3,2016-10-15,8,8,195,190
481,M,Mud Lake,M3,ON.M3,2016-10-15,12,7,20,20
721,M,Mud Lake,M3,ON.M3,2016-10-15,15,0,10,9
722,M,Mud Lake,M3,ON.M3,2016-10-15,15,0,20,15
85,M,Mud Lake,M3,ON.M3,2016-10-15,,0,75,60
56,M,Mud Lake,M3,ON.M3,2016-10-15,,0,35,30
206,M,Mud Lake,M3,ON.M3,2016-10-15,8,0,6,2
239,M,Mud Lake,M3,ON.M3,2016-10-15,8,0,11,0
179,M,Mud Lake,M3,ON.M3,2016-10-15,,0,15,10
151,M,Mud Lake,M3,ON.M3,2016-10-15,,0,30,27
115,M,Mud Lake,M3,ON.M3,2016-10-15,,0,55,45
538,M,Mud Lake,M3,ON.M3,2016-10-15,,0,5,3
362,M,Mud Lake,M3,ON.M3,2016-10-15,,0,35,35
719,M,Mud Lake,M3,ON.M3,2016-10-15,,1,25,25
631,M,Mud Lake,M3,ON.M3,2016-10-15,,0,10,9
203,M,Mud Lake,M3,ON.M3,2016-10-15,,0,4,0
31,M,Mud Lake,M3,ON.M3,2016-10-15,,0,5,3
718,M,Mud Lake,M3,ON.M3,2016-10-15,,0,11,7
91,M,Mud Lake,M3,ON.M3,2016-10-15,,0,45,40
27,M,Mud Lake,M3,ON.M3,2016-10-15,,0,23,1
690,M,Mud Lake,M3,ON.M3,2016-10-15,,0,20,17
691,M,Mud Lake,M3,ON.M3,2016-10-15,,0,30,25
661,M,Mud Lake,M3,ON.M3,2016-10-15,,0,21,20
610,P,Scugog,D2,ON.D2,2026-10-15,,4,75,75
370,P,Scugog,D2,ON.D2,2026-10-15,,2,25,23
675,P,Scugog,D2,ON.D2,2026-10-15,5,0,120,120
285,P,Scugog,D2,ON.D2,2026-10-15,8,0,50,49
734,P,Scugog,D2,ON.D2,2026-10-15,,3,20,20
256,P,Scugog,D2,ON.D2,2026-10-15,,0,90,90
634,P,Scugog,D2,ON.D2,2026-10-15,9,6,65,60
427,P,Scugog,D2,ON.D2,2026-10-15,,0,50,50
460,P,Scugog,D2,ON.D2,2026-10-15,15,3,40,38
253,P,Scugog,D2,ON.D2,2026-10-15,15,8,45,40
429,P,Scugog,D2,ON.D2,2026-10-15,5,0,25,25
462,P,Scugog,D2,ON.D2,2026-10-15,10,0,40,40
626,P,Scugog,D2,ON.D2,2026-10-15,4,3,8,8
366,P,Scugog,D2,ON.D2,2026-10-15,,0,15,15
736,P,Scugog,D2,ON.D2,2026-10-15,10,0,30,30
294,P,Scugog,D2,ON.D2,2026-10-15,6,5,65,60
373,P,Scugog,D2,ON.D2,2026-10-15,,0,13,13
667,P,Scugog,D2,ON.D2,2026-10-15,5,3,45,45
289,P,Scugog,D2,ON.D2,2026-10-15,6,0,65,60
731,P,Scugog,D2,ON.D2,2026-10-15,5,0,30,25
291,P,Scugog,D2,ON.D2,2026-10-15,4,0,15,15
733,P,Scugog,D2,ON.D2,2026-10-15,2,0,20,18
648,P,Scugog,D2,ON.D2,2026-10-15,8,6,55,50
435,P,Scugog,D2,ON.D2,2026-10-15,6,0,25,25
489,P,Scugog,D2,ON.D2,2026-10-15,6,0,60,60
468,P,Scugog,D2,ON.D2,2026-10-15,5 to 40,0,65,65
624,P,Scugog,D2,ON.D2,2026-10-15,3,0,60,60
314,P,Scugog,D2,ON.D2,2026-10-15,12,0,60,60
678,P,Scugog,D2,ON.D2,2026-10-15,6,9,145,145
292,P,Black River ,T14,ON.T14,2015-10-15,,14,20,20
372,P,Black River ,T14,ON.T14,2015-10-15,,8,45,45
637,P,Black River ,T14,ON.T14,2015-10-15,,0,35,34
259,P,Black River ,T14,ON.T14,2015-10-15,,4,75,75
699,P,Black River ,T14,ON.T14,2015-10-15,,4,12,10
702,P,Black River ,T14,ON.T14,2015-10-15,,10,65,60
696,P,Black River ,T14,ON.T14,2015-10-15,,0,28,26
340,P,Black River ,T14,ON.T14,2015-10-15,3,0,55,55
651,P,Black River ,T14,ON.T14,2015-10-15,,0,25,10
320,P,Black River ,T14,ON.T14,2015-10-15,,20,35,35
284,M,Holland River,M12,ON.M12,2015-10-15,,4,45,45
490,M,Holland River,M12,ON.M12,2015-10-15,,11,20,20
463,M,Holland River,M12,ON.M12,2015-10-15,30,0,15,15
317,M,Holland River,M12,ON.M12,2015-10-15,,12,365,365
280,M,Holland River,M12,ON.M12,2015-10-15,,13,85,85
673,M,Holland River,M12,ON.M12,2015-10-15,,13,30,30
557,M,Holland River,M12,ON.M12,2015-10-15,,10,60,55
560,M,Holland River,M12,ON.M12,2015-10-15,,16,125,125
546,M,Holland River,M12,ON.M12,2015-10-15,,14,270,270
676,M,Holland River,M12,ON.M12,2015-10-15,,0,70,70
549,M,Holland River,M12,ON.M12,2015-10-15,,0,5,5
338,M,Holland River,M12,ON.M12,2015-10-15,,9,230,230
558,M,Holland River,M12,ON.M12,2015-10-15,,8,110,110
341,M,Holland River,M12,ON.M12,2015-10-15,,12,30,30
613,M,Holland River,M12,ON.M12,2015-10-15,,0,65,65
323,M,Holland River,M12,ON.M12,2015-10-15,,10,95,95
553,M,Holland River,M12,ON.M12,2015-10-15,,10,105,105
550,M,Holland River,M12,ON.M12,2015-10-15,3,0,60,60
616,M,Holland River,M12,ON.M12,2015-10-15,,9,55,55
287,M,Holland River,M12,ON.M12,2015-10-15,30,2,21,21
697,M,Holland River,M12,ON.M12,2015-10-15,,10,145,145
619,M,Holland River,M12,ON.M12,2015-10-15,,0,15,15
643,M,Holland River,M12,ON.M12,2015-10-15,,4,50,50
430,M,Holland River,M12,ON.M12,2015-10-15,,18,65,65
290,M,Holland River,M12,ON.M12,2015-10-15,,10,185,185
547,M,Holland River,M12,ON.M12,2015-10-15,,0,55,54
700,M,Barrie,M13,ON.M13,2017-10-15,,8,58,58
466,M,Barrie,M13,ON.M13,2017-10-15,,0,33,33
493,M,Barrie,M13,ON.M13,2017-10-15,6,0,55,55
679,M,Barrie,M13,ON.M13,2017-10-15,2,0,30,30
640,M,Barrie,M13,ON.M13,2017-10-15,,6,90,90
281,M,Barrie,M13,ON.M13,2017-10-15,,4,60,60
739,M,Barrie,M13,ON.M13,2017-10-15,,0,27,27
344,M,Barrie,M13,ON.M13,2017-10-15,,9,33,33
737,M,Barrie,M13,ON.M13,2017-10-15,,0,35,32
347,M,Barrie,M13,ON.M13,2017-10-15,,0,17,17
740,M,Barrie,M13,ON.M13,2017-10-15,,0,35,33
446,M,Barrie,M13,ON.M13,2017-10-15,,0,12,12
187,M,Barrie,M13,ON.M13,2017-10-15,,0,60,55
469,M,Barrie,M13,ON.M13,2017-10-15,,0,45,44
742,M,Barrie,M13,ON.M13,2017-10-15,,0,18,17
498,M,Barrie,M13,ON.M13,2017-10-15,,0,25,24
326,M,Barrie,M13,ON.M13,2017-10-15,,0,40,35
561,M,Barrie,M13,ON.M13,2017-10-15,,0,58,58
433,M,Barrie,M13,ON.M13,2017-10-15,,8,100,100
681,M,Barrie,M13,ON.M13,2017-10-15,,0,25,25
438,M,Barrie,M13,ON.M13,2017-10-15,,5,140,140
654,M,Barrie,M13,ON.M13,2017-10-15,,6,100,100
350,M,Barrie,M13,ON.M13,2017-10-15,,0,70,70
293,M,Barrie,M13,ON.M13,2017-10-15,,0,28,28
375,M,Barrie,M13,ON.M13,2017-10-15,,0,50,47
262,M,Barrie,M13,ON.M13,2017-10-15,,0,60,60
622,M,Barrie,M13,ON.M13,2017-10-15,,0,65,65
732,M,Barrie,M13,ON.M13,2017-10-15,,0,6,6
706,M,Barrie,M13,ON.M13,2017-10-15,,0,75,75
295,M,Barrie,M13,ON.M13,2017-10-15,,0,23,23
495,M,Barrie,M13,ON.M13,2017-10-15,,0,40,40
564,M,Barrie,M13,ON.M13,2017-10-15,,0,7,7
265,M,Barrie,M13,ON.M13,2017-10-15,,0,16,15
682,M,Lafarce,M14,ON.M14,2017-10-15,,0,11,11
268,M,Lafarce,M14,ON.M14,2017-10-15,,0,3,3
684,M,Lafarce,M14,ON.M14,2017-10-15,,0,9,9
471,M,Lafarce,M14,ON.M14,2017-10-15,,0,17,17
660,M,Lafarce,M14,ON.M14,2017-10-15,,0,16,14
441,M,Lafarce,M14,ON.M14,2017-10-15,,0,7,2
627,M,Lafarce,M14,ON.M14,2017-10-15,,0,14,14
745,M,Lafarce,M14,ON.M14,2017-10-15,,0,27,27
376,M,Lafarce,M14,ON.M14,2017-10-15,,0,15,15
378,M,Lafarce,M14,ON.M14,2017-10-15,,0,4,4
444,M,Lafarce,M14,ON.M14,2017-10-15,,0,8,8
630,M,Lafarce,M14,ON.M14,2017-10-15,,0,14,14
567,M,Lafarce,M14,ON.M14,2017-10-15,,0,19,19
329,M,Lafarce,M14,ON.M14,2017-10-15,,0,12,3
474,M,Lafarce,M14,ON.M14,2017-10-15,,0,14,12
496,M,Lafarce,M14,ON.M14,2017-10-15,,0,16,16
55,M,Lafarce,M14,ON.M14,2017-10-15,,0,10,10
278,M,Lafarce,M14,ON.M14,2017-10-15,,0,12,10
599,M,Lafarce,M14,ON.M14,2017-10-15,,0,1,1
709,M,Lafarce,M14,ON.M14,2017-10-15,8,0,8,8
693,M,Lafarce,M14,ON.M14,2017-10-15,3,0,40,7
447,M,Lafarce,M14,ON.M14,2017-10-15,,0,9,6
271,M,Lafarce,M14,ON.M14,2017-10-15,,0,26,26
297,M,Lafarce,M14,ON.M14,2017-10-15,,0,23,23
381,M,Lafarce,M14,ON.M14,2017-10-15,,0,3,3
352,M,Lafarce,M14,ON.M14,2017-10-15,,0,15,15
748,M,Lafarce,M14,ON.M14,2017-10-15,,0,11,11
397,M,Lafarce,M14,ON.M14,2017-10-15,,0,5,5
585,M,Lafarce,M14,ON.M14,2017-10-15,,0,8,7
577,M,Horseshoe Lake,M1,ON.M1,2018-10-15,,4,117,112
534,M,Horseshoe Lake,M1,ON.M1,2018-10-15,,0,35,30
412,M,Horseshoe Lake,M1,ON.M1,2018-10-15,,0,5,5
52,M,Horseshoe Lake,M1,ON.M1,2018-10-15,,0,95,95
576,M,Horseshoe Lake,M1,ON.M1,2018-10-15,,0,25,15
531,M,Horseshoe Lake,M1,ON.M1,2018-10-15,,0,15,13
184,M,Horseshoe Lake,M1,ON.M1,2018-10-15,,0,30,30
406,M,Horseshoe Lake,M1,ON.M1,2018-10-15,,4,9,0
594,M,Horseshoe Lake,M1,ON.M1,2018-10-15,,0,45,45
725,M,Horseshoe Lake,M1,ON.M1,2018-10-15,,0,13,10
409,M,Horseshoe Lake,M1,ON.M1,2018-10-15,,0,80,80
504,M,Horseshoe Lake,M1,ON.M1,2018-10-15,,0,75,75
61,M,Horseshoe Lake,M1,ON.M1,2018-10-15,,0,60,60
705,M,Horseshoe Lake,M1,ON.M1,2018-10-15,,0,70,70
424,M,Horseshoe Lake,M1,ON.M1,2018-10-15,,0,14,14
403,M,Horseshoe Lake,M1,ON.M1,2018-10-15,,0,60,60
46,M,Horseshoe Lake,M1,ON.M1,2018-10-15,,0,55,55
701,M,Horseshoe Lake,M1,ON.M1,2018-10-15,,0,70,68
443,M,Horseshoe Lake,M1,ON.M1,2018-10-15,,0,60,48
728,M,Horseshoe Lake,M1,ON.M1,2018-10-15,,0,45,45
245,M,Horseshoe Lake,M1,ON.M1,2018-10-15,,0,25,25
363,M,Horseshoe Lake,M1,ON.M1,2018-10-15,,5,95,90
335,M,Horseshoe Lake,M1,ON.M1,2018-10-15,,0,12,12
712,M,Horseshoe Lake,M1,ON.M1,2018-10-15,,3,28,28
591,M,Horseshoe Lake,M1,ON.M1,2018-10-15,,0,14,14
400,M,Horseshoe Lake,M1,ON.M1,2018-10-15,,0,30,30
190,M,Horseshoe Lake,M1,ON.M1,2018-10-15,,0,68,68
574,M,Horseshoe Lake,M1,ON.M1,2018-10-15,,0,25,25
694,M,Horseshoe Lake,M1,ON.M1,2018-10-15,,0,50,45
501,M,Horseshoe Lake,M1,ON.M1,2018-10-15,,0,85,85
582,M,Lac LaPeche,M10,ON.M10,2012-10-15,,3,80,80
597,M,Lac LaPeche,M10,ON.M10,2012-10-15,,14,80,80
698,M,Lac LaPeche,M10,ON.M10,2012-10-15,,15,20,20
708,M,Lac LaPeche,M10,ON.M10,2012-10-15,,10,130,130
394,M,Lac LaPeche,M10,ON.M10,2012-10-15,,3,20,20
537,M,Lac LaPeche,M10,ON.M10,2012-10-15,,10,57,57
43,M,Lac LaPeche,M10,ON.M10,2012-10-15,,0,25,25
382,M,Lac LaPeche,M10,ON.M10,2012-10-15,,22,215,215
172,M,Lac LaPeche,M10,ON.M10,2012-10-15,,0,26,25
235,M,Lac LaPeche,M10,ON.M10,2012-10-15,,6,5,5
677,M,Lac LaPeche,M10,ON.M10,2012-10-15,,12,20,20
325,M,Lac LaPeche,M10,ON.M10,2012-10-15,,35,540,540
472,M,Lac LaPeche,M10,ON.M10,2012-10-15,,15,150,150
499,M,Lac LaPeche,M10,ON.M10,2012-10-15,,20,110,109
263,M,Lac LaPeche,M10,ON.M10,2012-10-15,,0,65,65
439,M,Lac LaPeche,M10,ON.M10,2012-10-15,,0,6,5
86,M,Lac LaPeche,M10,ON.M10,2012-10-15,,7,65,65
583,M,Lac LaPeche,M10,ON.M10,2012-10-15,,10,25,24
136,M,Lac LaPeche,M10,ON.M10,2012-10-15,,13,175,175
296,M,Lac LaPeche,M10,ON.M10,2012-10-15,,15,46,46
379,M,Lac LaPeche,M10,ON.M10,2012-10-15,,0,55,50
666,M,Lac LaPeche,M10,ON.M10,2012-10-15,,17,180,180
175,M,Lac LaPeche,M10,ON.M10,2012-10-15,,16,145,145
47,M,Kagawong,M15,ON.M15,2010-10-15,,0,25,25
300,M,Kagawong,M15,ON.M15,2010-10-15,,2,150,150
157,M,Kagawong,M15,ON.M15,2010-10-15,,0,35,35
145,M,Kagawong,M15,ON.M15,2010-10-15,,4,14,14
311,M,Kagawong,M15,ON.M15,2010-10-15,,3,40,40
687,M,Kagawong,M15,ON.M15,2010-10-15,,2,110,110
749,M,Kagawong,M15,ON.M15,2010-10-15,,2,45,45
741,M,Kagawong,M15,ON.M15,2010-10-15,,2,14,10
139,M,Kagawong,M15,ON.M15,2010-10-15,,6,12,8
224,M,Kagawong,M15,ON.M15,2010-10-15,,2,25,25
74,M,Kagawong,M15,ON.M15,2010-10-15,,2,100,100
44,M,Kagawong,M15,ON.M15,2010-10-15,,2,55,55
170,M,Kagawong,M15,ON.M15,2010-10-15,,2,115,115
142,M,Kagawong,M15,ON.M15,2010-10-15,,2,100,100
659,M,Kagawong,M15,ON.M15,2010-10-15,,0,100,100
649,M,Kagawong,M15,ON.M15,2010-10-15,,2,9,9
477,M,Kagawong,M15,ON.M15,2010-10-15,,0,30,29
556,M,Kagawong,M15,ON.M15,2010-10-15,,10,120,100
738,M,Kagawong,M15,ON.M15,2010-10-15,,0,23,19
445,M,Kagawong,M15,ON.M15,2010-10-15,,0,55,20
529,M,Kagawong,M15,ON.M15,2010-10-15,,2,25,25
656,M,Kagawong,M15,ON.M15,2010-10-15,,0,70,70
662,M,Kagawong,M15,ON.M15,2010-10-15,,3,30,30
161,M,Kagawong,M15,ON.M15,2010-10-15,,0,200,200
502,M,Kagawong,M15,ON.M15,2010-10-15,,6,80,60
475,M,Kagawong,M15,ON.M15,2010-10-15,,2,50,50
301,M,Kagawong,M15,ON.M15,2010-10-15,,0,100,100
743,M,Kagawong,M15,ON.M15,2010-10-15,,0,30,24
164,M,Kagawong,M15,ON.M15,2010-10-15,,2,80,80
2,M,Corry Lake,M16,ON.M16,2011-10-15,,0,50,50
128,M,Corry Lake,M16,ON.M16,2011-10-15,,3,30,30
158,M,Corry Lake,M16,ON.M16,2011-10-15,,2,20,20
473,M,Corry Lake,M16,ON.M16,2011-10-15,20,2,500,500
588,M,Corry Lake,M16,ON.M16,2011-10-15,,3,15,15
37,M,Corry Lake,M16,ON.M16,2011-10-15,,2,20,20
94,M,Corry Lake,M16,ON.M16,2011-10-15,,8,70,70
75,M,Corry Lake,M16,ON.M16,2011-10-15,,3,13,12
664,M,Corry Lake,M16,ON.M16,2011-10-15,,5,100,95
105,M,Corry Lake,M16,ON.M16,2011-10-15,,5,30,30
541,M,Corry Lake,M16,ON.M16,2011-10-15,,2,8,8
328,M,Corry Lake,M16,ON.M16,2011-10-15,,5,30,30
602,M,Corry Lake,M16,ON.M16,2011-10-15,,3,20,20
212,M,Corry Lake,M16,ON.M16,2011-10-15,,2,10,10
171,M,Corry Lake,M16,ON.M16,2011-10-15,,2,8,5
200,M,Corry Lake,M16,ON.M16,2011-10-15,,4,55,55
93,M,Corry Lake,M16,ON.M16,2011-10-15,,2,15,14
645,M,Corry Lake,M16,ON.M16,2011-10-15,,4,30,30
165,M,Corry Lake,M16,ON.M16,2011-10-15,,0,5,3
361,M,Corry Lake,M16,ON.M16,2011-10-15,,0,24,21
60,M,Corry Lake,M16,ON.M16,2011-10-15,,3,85,85
318,M,Corry Lake,M16,ON.M16,2011-10-15,,0,20,18
492,M,Corry Lake,M16,ON.M16,2011-10-15,,2,100,90
135,M,Corry Lake,M16,ON.M16,2011-10-15,,10,15,15
522,M,Corry Lake,M16,ON.M16,2011-10-15,,2,240,240
182,M,Corry Lake,M16,ON.M16,2011-10-15,,3,55,55
103,M,Corry Lake,M16,ON.M16,2011-10-15,,0,35,34
417,M,Corry Lake,M16,ON.M16,2011-10-15,,2,11,11
503,M,Corry Lake,M16,ON.M16,2011-10-15,,4,30,29
388,P,Samuel de Champlain,D10,ON.D10,2011-10-15,,3,5,3
436,P,Samuel de Champlain,D10,ON.D10,2011-10-15,,3,15,0
80,P,Samuel de Champlain,D10,ON.D10,2011-10-15,,2,35,0
418,P,Samuel de Champlain,D10,ON.D10,2011-10-15,,2,20,0
71,P,Samuel de Champlain,D10,ON.D10,2011-10-15,,3,12,0
415,P,Samuel de Champlain,D10,ON.D10,2011-10-15,,2,10,0
83,P,Samuel de Champlain,D10,ON.D10,2011-10-15,,0,38,10
38,P,Samuel de Champlain,D10,ON.D10,2011-10-15,,0,50,25
526,P,Samuel de Champlain,D10,ON.D10,2011-10-15,,5,10,0
169,P,Samuel de Champlain,D10,ON.D10,2011-10-15,,2,7,0
746,P,Samuel de Champlain,D10,ON.D10,2011-10-15,,2,20,0
260,P,Samuel de Champlain,D10,ON.D10,2011-10-15,,0,6,0
735,P,Samuel de Champlain,D10,ON.D10,2011-10-15,,4,35,0
155,P,Samuel de Champlain,D10,ON.D10,2011-10-15,,0,8,1
442,P,Samuel de Champlain,D10,ON.D10,2011-10-15,,0,15,1
384,P,Samuel de Champlain,D10,ON.D10,2011-10-15,,0,12,7
199,P,Samuel de Champlain,D10,ON.D10,2011-10-15,,0,20,1
625,P,Samuel de Champlain,D10,ON.D10,2011-10-15,,3,10,0
507,P,Samuel de Champlain,D10,ON.D10,2011-10-15,,2,30,10
646,P,Samuel de Champlain,D10,ON.D10,2011-10-15,8,0,10,1
385,P,Samuel de Champlain,D10,ON.D10,2011-10-15,2,0,10,0
196,P,Samuel de Champlain,D10,ON.D10,2011-10-15,50,0,100,0
230,P,Samuel de Champlain,D10,ON.D10,2011-10-15,,7,80,26
353,P,Samuel de Champlain,D10,ON.D10,2011-10-15,36,0,50,25
663,P,Samuel de Champlain,D10,ON.D10,2011-10-15,10,0,25,21
238,P,Samuel de Champlain,D10,ON.D10,2011-10-15,,2,1,1
221,P,Samuel de Champlain,D10,ON.D10,2011-10-15,16,0,11,1
166,P,Samuel de Champlain,D10,ON.D10,2011-10-15,41,0,5,4
227,P,Samuel de Champlain,D10,ON.D10,2011-10-15,14,0,1,1
559,P,Samuel de Champlain,D10,ON.D10,2011-10-15,4,0,9,1
218,P,Samuel de Champlain,D10,ON.D10,2011-10-15,8,0,10,0
704,P,Samuel de Champlain,D10,ON.D10,2011-10-15,9,0,10,1
580,P,Samuel de Champlain,D10,ON.D10,2011-10-15,11,7,32,25
595,P,Ardoch,D8,ON.D8,2010-10-15,,6,95,60
194,P,Ardoch,D8,ON.D8,2010-10-15,,6,16,1
112,P,Ardoch,D8,ON.D8,2010-10-15,20,2,2,2
231,P,Ardoch,D8,ON.D8,2010-10-15,9,0,37,37
191,P,Ardoch,D8,ON.D8,2010-10-15,4,0,50,45
566,P,Ardoch,D8,ON.D8,2010-10-15,,0,19,16
527,P,Ardoch,D8,ON.D8,2010-10-15,,0,53,52
143,P,Ardoch,D8,ON.D8,2010-10-15,12,12,100,90
592,P,Ardoch,D8,ON.D8,2010-10-15,,0,137,117
437,M,Ferguson,M11,ON.M11,2010-10-15,,0,40,0
210,M,Ferguson,M11,ON.M11,2010-10-15,,8,60,12
431,M,Ferguson,M11,ON.M11,2010-10-15,,9,130,125
188,M,Ferguson,M11,ON.M11,2010-10-15,,4,80,20
19,M,Ferguson,M11,ON.M11,2010-10-15,,0,160,5
685,M,Ferguson,M11,ON.M11,2010-10-15,,0,118,95
134,M,Ferguson,M11,ON.M11,2010-10-15,11,7,45,45
236,M,Ferguson,M11,ON.M11,2010-10-15,,4,135,120
146,M,Ferguson,M11,ON.M11,2010-10-15,30,3,75,35
750,M,Ferguson,M11,ON.M11,2010-10-15,20,7,100,2
744,M,Ferguson,M11,ON.M11,2010-10-15,25,0,8,4
573,M,Ferguson,M11,ON.M11,2010-10-15,,3,30,4
116,M,Ferguson,M11,ON.M11,2010-10-15,,4,30,4
16,M,Ferguson,M11,ON.M11,2010-10-15,,4,25,1
131,M,Ferguson,M11,ON.M11,2010-10-15,,0,50,2
226,M,Ferguson,M11,ON.M11,2010-10-15,,0,40,0
586,M,Ferguson,M11,ON.M11,2010-10-15,,3,28,24
125,M,Ferguson,M11,ON.M11,2010-10-15,,5,30,4
491,M,Ferguson,M11,ON.M11,2010-10-15,,3,28,6
533,M,Ferguson,M11,ON.M11,2010-10-15,,8,45,7
589,M,Ferguson,M11,ON.M11,2010-10-15,,4,25,20
596,M,Ferguson,M11,ON.M11,2010-10-15,,5,15,0
408,M,Ferguson,M11,ON.M11,2010-10-15,,3,28,0
101,M,Ferguson,M11,ON.M11,2010-10-15,,0,55,0
383,M,Ferguson,M11,ON.M11,2010-10-15,,3,25,0
440,M,Ferguson,M11,ON.M11,2010-10-15,,3,45,0
393,M,Ferguson,M11,ON.M11,2010-10-15,,5,45,0
355,M,Ferguson,M11,ON.M11,2010-10-15,,2,25,0
399,M,Ferguson,M11,ON.M11,2010-10-15,,6,40,0
428,M,Ferguson,M11,ON.M11,2010-10-15,,5,11,0
319,M,Ferguson,M11,ON.M11,2010-10-15,,5,12,12
354,M,Ferguson,M11,ON.M11,2010-10-15,,3,100,10
167,M,Kagawong,M15,ON.M15,2010-10-15,,4,75,75
532,M,Kagawong,M15,ON.M15,2010-10-15,,0,115,115
535,P,Joes Lake,T13,ON.T13,2009-10-15,15,15,29,13
562,P,Joes Lake,T13,ON.T13,2009-10-15,,15,49,48
652,P,Joes Lake,T13,ON.T13,2009-10-15,,7,60,52
173,P,Joes Lake,T13,ON.T13,2009-10-15,,20,11,10
655,P,Joes Lake,T13,ON.T13,2009-10-15,,10,38,36
233,P,Joes Lake,T13,ON.T13,2009-10-15,,6,19,18
176,P,Joes Lake,T13,ON.T13,2009-10-15,,13,10,10
544,P,Joes Lake,T13,ON.T13,2009-10-15,,7,6,6
205,P,Joes Lake,T13,ON.T13,2009-10-15,,5,8,8
396,P,Joes Lake,T13,ON.T13,2009-10-15,,6,9,1
79,P,Joes Lake,T13,ON.T13,2009-10-15,,12,9,0
714,P,Joes Lake,T13,ON.T13,2009-10-15,,8,8,6
113,P,Joes Lake,T13,ON.T13,2009-10-15,,7,14,0
711,P,Joes Lake,T13,ON.T13,2009-10-15,,10,70,30
154,P,Joes Lake,T13,ON.T13,2009-10-15,,8,45,43
606,P,Joes Lake,T13,ON.T13,2009-10-15,,10,77,77
197,P,Joes Lake,T13,ON.T13,2009-10-15,,10,50,50
22,P,Joes Lake,T13,ON.T13,2009-10-15,,10,55,55
267,P,Joes Lake,T13,ON.T13,2009-10-15,,3,55,55
695,P,Joes Lake,T13,ON.T13,2009-10-15,,12,55,50
92,P,Joes Lake,T13,ON.T13,2009-10-15,,0,20,20
644,P,Joes Lake,T13,ON.T13,2009-10-15,,0,80,0
160,P,Joes Lake,T13,ON.T13,2009-10-15,20,0,20,0
647,P,Joes Lake,T13,ON.T13,2009-10-15,5,0,3,3
208,P,Joes Lake,T13,ON.T13,2009-10-15,,0,3,2
689,P,Joes Lake,T13,ON.T13,2009-10-15,40,0,10,0
50,P,Joes Lake,T13,ON.T13,2009-10-15,,5,15,8
147,P,Joes Lake,T13,ON.T13,2009-10-15,,12,11,0
232,P,Joes Lake,T13,ON.T13,2009-10-15,,0,7,4
264,P,Joes Lake,T13,ON.T13,2009-10-15,,0,5,5
279,P,Joes Lake,T13,ON.T13,2009-10-15,,0,6,2
137,P,Joes Lake,T13,ON.T13,2009-10-15,45,0,12,7
222,P,Joes Lake,T13,ON.T13,2009-10-15,20,0,6,1
480,P,Joes Lake,T13,ON.T13,2009-10-15,20,0,15,8
88,P,Joes Lake,T13,ON.T13,2009-10-15,,12,17,1
99,M,Hindon bog,M6,ON.M6,2024-10-15,,0,20,0
229,M,Round Lake,M5,ON.M5,2024-10-15,,NA,55,50
274,M,Horseshoe Lake,M1,ON.M1,2018-10-15,,NA,68,68
337,M,Holland River,M12,ON.M12,2015-10-15,,6,27,22
568,M,Mud Lake,M3,ON.M3,2016-10-15,,0,7,7