"Envelope_ID","Type","PopName","Pop_ID","PopCode2","Date_collected","Clump_size","Secondary_branches","Flower_num","Fruit_num","Fruit_num_counted","Total_seeds_counted","Seeds_per_fruit","Seed_var","Seed_stdev"
148,"M","Jock River I","M8","ON.M8","13-10-15","40",0,150,150,16,224,14,64.3333333333333,8.02080627701064
609,"M","Jock River I","M8","ON.M8","13-10-15","20",0,30,30,15,173,11.5333333333333,NA,NA
455,"M","Jock River I","M8","ON.M8","13-10-15","20",0,65,65,23,457,19.8695652173913,NA,NA
617,"M","Jock River I","M8","ON.M8","13-10-15","30",0,80,80,21,281,13.3809523809524,NA,NA
421,"M","Jock River I","M8","ON.M8","13-10-15","40",0,70,65,5,82,16.4,18.8,4.33589667773576
15,"M","Jock River I","M8","ON.M8","13-10-15","20",0,45,40,5,90,18,NA,NA
571,"M","Jock River I","M8","ON.M8","13-10-15","30",0,20,20,19,411,21.6315789473684,NA,NA
688,"M","Jock River I","M8","ON.M8","13-10-15","5",12,60,55,5,44,8.8,64.2,8.01249024960405
7,"M","Jock River I","M8","ON.M8","13-10-15","20",0,80,80,12,180,15,NA,NA
41,"M","Jock River I","M8","ON.M8","13-10-15","20",0,90,90,5,85,17,NA,NA
357,"M","Jock River I","M8","ON.M8","13-10-15","20",0,90,88,6,97,16.1666666666667,NA,NA
68,"M","Jock River I","M8","ON.M8","13-10-15","30",0,130,125,5,93,18.6,NA,NA
30,"M","Jock River I","M8","ON.M8","13-10-15","40",0,55,55,6,130,21.6666666666667,NA,NA
1,"M","Jock River I","M8","ON.M8","13-10-15","12",0,14,8,8,41,5.125,1,1
247,"M","Jock River I","M8","ON.M8","13-10-15","30",7,12,12,5,89,17.8,NA,NA
407,"M","Jock River I","M8","ON.M8","13-10-15","25",0,65,65,16,376,23.5,NA,NA
59,"M","Jock River I","M8","ON.M8","13-10-15","12",9,45,45,21,530,25.2380952380952,2,1.4142135623731
261,"M","Jock River I","M8","ON.M8","13-10-15","25",20,20,20,5,52,10.4,37.8,6.14817045957576
67,"M","Jock River I","M8","ON.M8","13-10-15","15",0,45,45,27,563,20.8518518518519,NA,NA
118,"M","Jock River I","M8","ON.M8","13-10-15","15",0,80,80,21,417,19.8571428571429,NA,NA
367,"M","Jock River I","M8","ON.M8","13-10-15",">20",7,100,100,4,33,8.25,46.9166666666667,6.84957419601151
48,"M","Jock River I","M8","ON.M8","13-10-15","20",0,25,25,4,88,22,NA,NA
629,"M","Jock River I","M8","ON.M8","13-10-15","20",0,80,77,5,78,15.6,0.5,0.707106781186548
603,"M","Jock River I","M8","ON.M8","13-10-15","35",0,20,20,5,63,12.6,NA,NA
423,"M","Jock River I","M8","ON.M8","13-10-15","40",0,100,100,5,108,21.6,10.3333333333333,3.21455025366432
450,"M","Jock River I","M8","ON.M8","13-10-15","25",0,90,90,4,83,20.75,2,1.4142135623731
380,"M","Jock River I","M8","ON.M8","13-10-15","30",0,100,99,6,97,16.1666666666667,6.33333333333333,2.51661147842358
642,"M","Jock River I","M8","ON.M8","13-10-15","",0,70,65,8,117,14.625,24.5,4.94974746830583
398,"M","Jevins","M2","ON.M2","25-10-15","",0,44,25,5,42,8.4,14.8,3.84707681233427
304,"M","Jevins","M2","ON.M2","25-10-15","",0,6,3,3,4,1.33333333333333,0.333333333333333,0.577350269189626
237,"M","Jevins","M2","ON.M2","25-10-15","",8,18,5,5,6,1.2,1.7,1.30384048104053
11,"M","Jevins","M2","ON.M2","25-10-15","",0,4,0,4,0,0,0,0
214,"M","Jevins","M2","ON.M2","25-10-15","",0,3,2,2,1,0.5,0.5,0.707106781186548
288,"M","Jevins","M2","ON.M2","25-10-15","",0,21,20,7,21,3,1.66666666666667,1.29099444873581
163,"M","Jevins","M2","ON.M2","25-10-15","",0,10,3,3,9,3,NA,NA
241,"M","Jevins","M2","ON.M2","25-10-15","",0,37,13,6,21,3.5,NA,NA
425,"M","Jevins","M2","ON.M2","25-10-15","",0,25,17,7,21,3,NA,NA
387,"M","Jevins","M2","ON.M2","25-10-15","",0,12,11,5,41,8.2,NA,NA
575,"M","Jevins","M2","ON.M2","25-10-15","",0,6,5,6,22,3.66666666666667,22.6666666666667,4.76095228569523
600,"M","Jevins","M2","ON.M2","25-10-15","",0,9,9,5,30,6,8.33333333333333,2.88675134594813
73,"M","Jevins","M2","ON.M2","25-10-15","",0,11,10,6,29,4.83333333333333,2,1.4142135623731
548,"M","Jevins","M2","ON.M2","25-10-15","",0,21,10,7,62,8.85714285714286,NA,NA
23,"M","Jevins","M2","ON.M2","25-10-15","",0,15,7,4,16,4,NA,NA
465,"M","Jevins","M2","ON.M2","25-10-15","",0,14,14,5,30,6,NA,NA
485,"M","Jevins","M2","ON.M2","25-10-15","",0,33,20,6,42,7,4.5,2.12132034355964
668,"M","Jevins","M2","ON.M2","25-10-15","",0,31,26,6,88,14.6666666666667,NA,NA
405,"M","Jevins","M2","ON.M2","25-10-15","",0,10,10,5,0,0,0,0
411,"M","Jevins","M2","ON.M2","25-10-15","",0,2,0,2,0,0,0,0
351,"M","Jevins","M2","ON.M2","25-10-15","",0,8,2,2,3,1.5,0.5,0.707106781186548
162,"M","Jevins","M2","ON.M2","25-10-15","",0,5,0,3,1,0.333333333333333,0.333333333333333,0.577350269189626
201,"M","Jevins","M2","ON.M2","25-10-15","",0,35,10,10,57,5.7,150.677777777778,12.2750876892093
107,"M","Jevins","M2","ON.M2","25-10-15","",7,21,7,7,79,11.2857142857143,36.3333333333333,6.02771377334171
228,"M","Jevins","M2","ON.M2","25-10-15","",0,1,1,1,8,8,NA,NA
339,"M","Jevins","M2","ON.M2","25-10-15","",0,4,1,4,12,3,12.6666666666667,3.55902608401044
277,"M","Jevins","M2","ON.M2","25-10-15","",7,13,1,3,8,2.66666666666667,21.3333333333333,4.61880215351701
342,"M","Jevins","M2","ON.M2","25-10-15","",0,18,9,11,47,4.27272727272727,3,1.73205080756888
371,"M","Jevins","M2","ON.M2","25-10-15","2",0,2,1,2,2,1,2,1.4142135623731
349,"M","Jevins","M2","ON.M2","25-10-15","",8,7,3,3,11,3.66666666666667,4.33333333333333,2.08166599946613
178,"M","Jevins","M2","ON.M2","25-10-15","",0,9,0,0,0,0,NA,NA
58,"M","Jevins","M2","ON.M2","25-10-15","",0,9,2,2,8,4,32,5.65685424949238
563,"M","Jevins","M2","ON.M2","25-10-15","",0,22,3,3,3,1,1,1
528,"M","Jevins","M2","ON.M2","25-10-15","",0,2,2,2,19,9.5,24.5,4.94974746830583
413,"M","Jevins","M2","ON.M2","25-10-15","",0,4,1,1,2,2,NA,NA
249,"M","Jevins","M2","ON.M2","25-10-15","",6,16,2,2,17,8.5,NA,NA
21,"M","Jevins","M2","ON.M2","25-10-15","",0,8,0,5,5,1,5,2.23606797749979
497,"M","Hindon bog","M6","ON.M6","24-10-15","",0,12,0,12,0,0,0,0
461,"M","Hindon bog","M6","ON.M6","24-10-15","",0,15,0,7,0,0,NA,NA
650,"M","Hindon bog","M6","ON.M6","24-10-15","",0,3,0,0,0,0,NA,NA
638,"M","Hindon bog","M6","ON.M6","24-10-15","",5,2,0,2,0,0,0,0
587,"M","Hindon bog","M6","ON.M6","24-10-15","",0,11,0,5,0,0,0,0
467,"M","Hindon bog","M6","ON.M6","24-10-15","",0,2,0,2,0,0,NA,NA
343,"M","Hindon bog","M6","ON.M6","24-10-15","",6,6,0,6,0,0,NA,NA
255,"M","Hindon bog","M6","ON.M6","24-10-15","",0,3,0,3,0,0,NA,NA
5,"M","Hindon bog","M6","ON.M6","24-10-15","",0,9,0,8,0,0,0,0
552,"M","Hindon bog","M6","ON.M6","24-10-15","",0,12,0,7,0,0,0,0
100,"M","Hindon bog","M6","ON.M6","24-10-15","",0,10,0,5,0,0,0,0
404,"M","Hindon bog","M6","ON.M6","24-10-15","",0,11,0,6,0,0,0,0
219,"M","Hindon bog","M6","ON.M6","24-10-15","",0,4,4,4,0,0,0,0
579,"M","Hindon bog","M6","ON.M6","24-10-15","",0,26,0,7,0,0,0,0
593,"M","Hindon bog","M6","ON.M6","24-10-15","",0,25,14,8,0,0,0,0
324,"M","Hindon bog","M6","ON.M6","24-10-15","",0,13,0,6,0,0,0,0
114,"M","Hindon bog","M6","ON.M6","24-10-15","",0,2,0,2,0,0,0,0
298,"M","Hindon bog","M6","ON.M6","24-10-15","",0,13,0,6,0,0,0,0
243,"M","Hindon bog","M6","ON.M6","24-10-15","",0,19,0,0,0,0,NA,NA
276,"M","Hindon bog","M6","ON.M6","24-10-15","",0,10,0,4,0,0,0,0
111,"M","Hindon bog","M6","ON.M6","24-10-15","",0,19,0,6,0,0,0,0
45,"M","Hindon bog","M6","ON.M6","24-10-15","",0,22,0,6,0,0,0,0
312,"M","Hindon bog","M6","ON.M6","24-10-15","",0,8,0,4,0,0,0,0
193,"M","Hindon bog","M6","ON.M6","24-10-15","",10,42,0,7,0,0,0,0
514,"M","Hindon bog","M6","ON.M6","24-10-15","",0,21,0,1,0,0,NA,NA
530,"M","Hindon bog","M6","ON.M6","24-10-15","",0,11,0,5,0,0,0,0
414,"M","Hindon bog","M6","ON.M6","24-10-15","",0,7,2,2,0,0,0,0
246,"M","Hindon bog","M6","ON.M6","24-10-15","",6,50,45,5,217,43.4,622.8,24.9559612117025
542,"M","Round Lake","M5","ON.M5","24-10-15","",0,9,4,4,16,4,NA,NA
358,"M","Round Lake","M5","ON.M5","24-10-15","",0,33,14,6,16,2.66666666666667,1.33333333333333,1.15470053837925
138,"M","Round Lake","M5","ON.M5","24-10-15","",0,22,13,5,14,2.8,6.33333333333333,2.51661147842358
117,"M","Round Lake","M5","ON.M5","24-10-15","",0,20,15,6,26,4.33333333333333,5.86666666666667,2.42212028327799
12,"M","Round Lake","M5","ON.M5","24-10-15","15",18,50,50,6,29,4.83333333333333,10.5666666666667,3.25064096243597
141,"M","Round Lake","M5","ON.M5","24-10-15","",0,2,2,2,1,0.5,0.5,0.707106781186548
42,"M","Round Lake","M5","ON.M5","24-10-15","",0,11,4,12,6,0.5,0.818181818181818,0.904534033733291
657,"M","Round Lake","M5","ON.M5","24-10-15","",0,12,3,5,5,1,1.5,1.22474487139159
683,"M","Round Lake","M5","ON.M5","24-10-15","",12,120,110,5,9,1.8,24.5,4.94974746830583
623,"M","Round Lake","M5","ON.M5","24-10-15","",0,4,3,4,16,4,32,5.65685424949238
555,"M","Round Lake","M5","ON.M5","24-10-15","",0,15,6,10,30,3,14,3.74165738677394
517,"M","Round Lake","M5","ON.M5","24-10-15","",0,10,8,5,39,7.8,27.2,5.21536192416212
153,"M","Round Lake","M5","ON.M5","24-10-15","",5,105,105,5,17,3.4,NA,NA
540,"M","Round Lake","M5","ON.M5","24-10-15","",0,12,3,5,3,0.6,1.8,1.34164078649987
183,"M","Round Lake","M5","ON.M5","24-10-15","",0,23,15,5,18,3.6,13.3,3.64691650576209
213,"M","Round Lake","M5","ON.M5","24-10-15","",0,3,3,3,5,1.66666666666667,0.333333333333333,0.577350269189626
310,"M","Round Lake","M5","ON.M5","24-10-15","",3,90,85,5,24,4.8,7.7,2.77488738510232
223,"M","Round Lake","M5","ON.M5","24-10-15","",0,20,15,5,41,8.2,0.5,0.707106781186548
144,"M","Round Lake","M5","ON.M5","24-10-15","",0,11,9,5,104,20.8,508.7,22.5543787322994
365,"M","Round Lake","M5","ON.M5","24-10-15","",0,15,7,6,0,0,0,0
244,"M","Round Lake","M5","ON.M5","24-10-15","",0,60,50,5,46,9.2,0.5,0.707106781186548
129,"M","Round Lake","M5","ON.M5","24-10-15","",6,65,50,6,0,0,NA,NA
84,"M","Round Lake","M5","ON.M5","24-10-15","",0,11,7,7,18,2.57142857142857,8.61904761904762,2.93582145558064
273,"M","Round Lake","M5","ON.M5","24-10-15","",6,8,0,5,1,0.2,0.2,0.447213595499958
95,"M","Round Lake","M5","ON.M5","24-10-15","",0,10,6,5,11,2.2,4.7,2.16794833886788
303,"M","Round Lake","M5","ON.M5","24-10-15","3",0,6,0,5,0,0,0,0
333,"M","Round Lake","M5","ON.M5","24-10-15","",0,21,15,5,20,4,4,2
512,"M","Round Lake","M5","ON.M5","24-10-15","",0,20,19,5,24,4.8,2,1.4142135623731
482,"M","Round Lake","M5","ON.M5","24-10-15","",8,15,11,8,36,4.5,56,7.48331477354788
33,"P","Loch Garry","T12","ON.T12","23-10-15","",0,85,80,5,10,2,20,4.47213595499958
334,"P","Loch Garry","T12","ON.T12","23-10-15","",6,190,180,5,0,0,NA,NA
510,"P","Loch Garry","T12","ON.T12","23-10-15","6 to 8",0,12,12,6,0,0,0,0
29,"P","Loch Garry","T12","ON.T12","23-10-15","",5,80,80,5,105,21,NA,NA
77,"P","Loch Garry","T12","ON.T12","23-10-15","",9,230,225,5,63,12.6,91.8,9.58123165360279
104,"P","Loch Garry","T12","ON.T12","23-10-15","",0,85,85,5,50,10,NA,NA
132,"P","Loch Garry","T12","ON.T12","23-10-15","",0,95,95,5,0,0,NA,NA
20,"P","Loch Garry","T12","ON.T12","23-10-15","8",0,28,28,5,15,3,20,4.47213595499958
102,"P","Loch Garry","T12","ON.T12","23-10-15","",0,75,75,5,257,51.4,149.3,12.2188379152847
81,"P","Loch Garry","T12","ON.T12","23-10-15","",5,30,30,6,0,0,NA,NA
209,"P","Loch Garry","T12","ON.T12","23-10-15","7",0,12,11,6,33,5.5,10.7,3.27108544675922
106,"P","Loch Garry","T12","ON.T12","23-10-15","20",8,110,105,5,26,5.2,3,1.73205080756888
126,"P","Loch Garry","T12","ON.T12","23-10-15","",7,50,50,5,41,8.2,NA,NA
133,"P","Loch Garry","T12","ON.T12","23-10-15","4",3,45,45,5,88,17.6,46.3,6.8044103344816
17,"P","Loch Garry","T12","ON.T12","23-10-15","20",0,30,30,5,37,7.4,NA,NA
65,"P","Loch Garry","T12","ON.T12","23-10-15","4",0,65,55,5,24,4.8,3.7,1.92353840616713
69,"P","Loch Garry","T12","ON.T12","23-10-15","20",0,9,9,6,82,13.6666666666667,135.066666666667,11.6218185610801
49,"P","Loch Garry","T12","ON.T12","23-10-15","10",0,12,12,5,61,12.2,NA,NA
315,"P","Loch Garry","T12","ON.T12","23-10-15","10",0,40,38,5,0,0,0,0
124,"P","Loch Garry","T12","ON.T12","23-10-15","10",4,60,60,7,17,2.42857142857143,37.5833333333333,6.13052471924984
26,"P","Loch Garry","T12","ON.T12","23-10-15","4",18,50,50,5,0,0,0,0
513,"P","Loch Garry","T12","ON.T12","23-10-15","5",11,205,205,5,16,3.2,51.2,7.15541752799933
543,"P","Loch Garry","T12","ON.T12","23-10-15","4",0,55,55,6,0,0,0,0
572,"P","Loch Garry","T12","ON.T12","23-10-15","",6,10,10,5,159,31.8,475.2,21.7990825495019
632,"P","Loch Garry","T12","ON.T12","23-10-15","15",0,55,45,5,45,9,83.5,9.13783344124853
368,"P","Loch Garry","T12","ON.T12","23-10-15","6",0,25,20,6,52,8.66666666666667,13.4666666666667,3.66969571853944
3,"P","Loch Garry","T12","ON.T12","23-10-15","",8,200,190,5,42,8.4,NA,NA
34,"P","Loch Garry","T12","ON.T12","23-10-15","",5,60,60,5,263,52.6,373.8,19.3339080374352
186,"P","Loch Garry","T12","ON.T12","23-10-15","",0,45,40,6,120,20,394.333333333333,19.8578280114753
156,"P","Loch Garry","T12","ON.T12","23-10-15","10",8,45,43,5,228,45.6,265.3,16.2880324164707
220,"P","Loch Garry","T12","ON.T12","23-10-15","",11,125,125,6,90,15,NA,NA
410,"P","Pumphouse Marsh","D9","ON.D9","25-10-15","",6,215,215,5,227,45.4,NA,NA
348,"P","Pumphouse Marsh","D9","ON.D9","25-10-15","",0,23,20,6,101,16.8333333333333,NA,NA
330,"P","Pumphouse Marsh","D9","ON.D9","25-10-15","",0,105,105,5,204,40.8,NA,NA
327,"P","Pumphouse Marsh","D9","ON.D9","25-10-15","",10,230,230,5,141,28.2,4,2
150,"P","Pumphouse Marsh","D9","ON.D9","25-10-15","",8,500,500,5,154,30.8,109.7,10.4737767782209
108,"P","Pumphouse Marsh","D9","ON.D9","25-10-15","",14,245,245,5,284,56.8,221.7,14.8895936814945
36,"P","Pumphouse Marsh","D9","ON.D9","25-10-15","",8,130,130,6,464,77.3333333333333,2630.26666666667,51.2861254791846
6,"P","Pumphouse Marsh","D9","ON.D9","25-10-15","",7,195,195,8,352,44,135.714285714286,11.6496474502144
63,"P","Pumphouse Marsh","D9","ON.D9","25-10-15","",14,320,320,7,87,12.4285714285714,159.285714285714,12.620844436317
671,"P","Pumphouse Marsh","D9","ON.D9","25-10-15","",8,139,139,5,264,52.8,1065.7,32.645060882161
608,"P","Pumphouse Marsh","D9","ON.D9","25-10-15","",7,144,144,5,136,27.2,719.7,26.827224977623
516,"P","Pumphouse Marsh","D9","ON.D9","25-10-15","",2,102,102,6,208,34.6666666666667,NA,NA
518,"P","Pumphouse Marsh","D9","ON.D9","25-10-15","",0,115,115,5,153,30.6,NA,NA
309,"P","Pumphouse Marsh","D9","ON.D9","25-10-15","",0,55,55,5,218,43.6,117.8,10.8535708409721
458,"P","Pumphouse Marsh","D9","ON.D9","25-10-15","",0,70,70,4,121,30.25,NA,NA
216,"P","Pumphouse Marsh","D9","ON.D9","25-10-15","",0,105,105,5,91,18.2,0,0
395,"P","Pumphouse Marsh","D9","ON.D9","25-10-15","",0,95,95,6,123,20.5,NA,NA
336,"P","Pumphouse Marsh","D9","ON.D9","25-10-15","",3,90,90,5,167,33.4,NA,NA
252,"P","Pumphouse Marsh","D9","ON.D9","25-10-15","",2,134,134,6,158,26.3333333333333,NA,NA
515,"P","Pumphouse Marsh","D9","ON.D9","25-10-15","",0,70,70,5,79,15.8,127.7,11.3004424692133
605,"P","Pumphouse Marsh","D9","ON.D9","25-10-15","",0,50,50,5,102,20.4,NA,NA
66,"P","Pumphouse Marsh","D9","ON.D9","25-10-15","",4,88,88,4,119,29.75,NA,NA
8,"P","Pumphouse Marsh","D9","ON.D9","25-10-15","",14,280,280,5,165,33,19,4.35889894354067
14,"P","Pumphouse Marsh","D9","ON.D9","25-10-15","",14,345,345,5,155,31,NA,NA
452,"P","Pumphouse Marsh","D9","ON.D9","25-10-15","",16,360,360,5,198,39.6,133.3,11.5455619178973
488,"P","Pumphouse Marsh","D9","ON.D9","25-10-15","",17,490,490,5,110,22,NA,NA
539,"P","Pumphouse Marsh","D9","ON.D9","25-10-15","",14,460,460,4,154,38.5,NA,NA
521,"P","Pumphouse Marsh","D9","ON.D9","25-10-15","",12,215,215,4,132,33,NA,NA
401,"P","Pumphouse Marsh","D9","ON.D9","25-10-15","",0,20,20,5,175,35,1028,32.0624390837628
305,"P","Pumphouse Marsh","D9","ON.D9","25-10-15","",16,210,210,5,7,1.4,9.8,3.13049516849971
321,"P","Pumphouse Marsh","D9","ON.D9","25-10-15","",4,40,40,5,159,31.8,46.2,6.79705818718657
123,"P","Pumphouse Marsh","D9","ON.D9","25-10-15","",10,180,180,5,120,24,NA,NA
306,"P","Pumphouse Marsh","D9","ON.D9","25-10-15","",10,295,295,7,314,44.8571428571429,NA,NA
96,"P","Pumphouse Marsh","D9","ON.D9","25-10-15","",6,65,65,5,128,25.6,NA,NA
346,"P","Bewdley A","D5","ON.D5","30-10-15","",10,330,310,7,95,13.5714285714286,NA,NA
313,"P","Bewdley A","D5","ON.D5","30-10-15","",10,80,80,6,130,21.6666666666667,NA,NA
392,"P","Bewdley A","D5","ON.D5","30-10-15","",12,140,135,5,46,9.2,NA,NA
120,"P","Bewdley A","D5","ON.D5","30-10-15","5",0,87,85,5,76,15.2,NA,NA
524,"P","Bewdley A","D5","ON.D5","30-10-15","",5,215,215,5,152,30.4,176.333333333333,13.2790561913614
614,"P","Bewdley A","D5","ON.D5","30-10-15","",6,187,187,7,72,10.2857142857143,NA,NA
9,"P","Bewdley A","D5","ON.D5","30-10-15","",14,265,265,5,120,24,NA,NA
225,"P","Bewdley A","D5","ON.D5","30-10-15","",17,425,425,5,120,24,NA,NA
159,"P","Bewdley A","D5","ON.D5","30-10-15","",5,85,85,3,21,7,NA,NA
39,"P","Bewdley A","D5","ON.D5","30-10-15","15",7,95,90,4,78,19.5,NA,NA
307,"P","Bewdley A","D5","ON.D5","30-10-15","",8,210,210,4,80,20,NA,NA
519,"P","Bewdley A","D5","ON.D5","30-10-15","15",4,155,155,5,122,24.4,NA,NA
464,"P","Bewdley A","D5","ON.D5","30-10-15","8",21,215,215,5,78,15.6,NA,NA
635,"P","Bewdley A","D5","ON.D5","30-10-15","6",10,285,285,5,38,7.6,NA,NA
545,"P","Bewdley A","D5","ON.D5","30-10-15","3",6,25,25,4,152,38,70.6666666666667,8.40634680861233
578,"P","Bewdley A","D5","ON.D5","30-10-15","20",14,5,5,5,78,15.6,83.8,9.15423399307665
611,"P","Bewdley A","D5","ON.D5","30-10-15","",14,110,110,5,133,26.6,15.8,3.97492138287036
72,"P","Bewdley A","D5","ON.D5","30-10-15","20",9,20,20,5,153,30.6,NA,NA
189,"P","Bewdley A","D5","ON.D5","30-10-15","",10,100,100,6,192,32,NA,NA
97,"P","Bewdley A","D5","ON.D5","30-10-15","",7,30,30,6,151,25.1666666666667,NA,NA
127,"P","Bewdley A","D5","ON.D5","30-10-15","",6,125,125,5,218,43.6,NA,NA
70,"P","Bewdley A","D5","ON.D5","30-10-15","12",0,55,55,5,131,26.2,NA,NA
40,"P","Bewdley A","D5","ON.D5","30-10-15","4",12,5,5,5,20,4,18,4.24264068711928
192,"P","Bewdley A","D5","ON.D5","30-10-15","6",0,35,35,5,27,5.4,9.8,3.13049516849971
168,"P","Bewdley A","D5","ON.D5","30-10-15","12",9,38,38,5,122,24.4,NA,NA
217,"P","Bewdley A","D5","ON.D5","30-10-15","12",10,165,165,6,211,35.1666666666667,200,14.142135623731
250,"P","Bewdley A","D5","ON.D5","30-10-15","",8,155,150,5,54,10.8,NA,NA
554,"P","Bewdley A","D5","ON.D5","30-10-15","6",3,20,18,5,34,6.8,6.7,2.58843582110896
665,"P","Bewdley A","D5","ON.D5","30-10-15","5",19,440,440,6,261,43.5,NA,NA
422,"M","Caledon","M4","ON.M4","25-10-15","",0,5,0,0,0,0,NA,NA
374,"M","Caledon","M4","ON.M4","25-10-15","",0,3,1,3,6,2,12,3.46410161513775
345,"M","Caledon","M4","ON.M4","25-10-15","",0,4,0,0,0,0,NA,NA
234,"M","Caledon","M4","ON.M4","25-10-15","",0,5,0,0,0,0,NA,NA
177,"M","Caledon","M4","ON.M4","25-10-15","",0,4,4,2,0,0,0,0
198,"M","Caledon","M4","ON.M4","25-10-15","",0,22,7,5,41,8.2,29.7,5.44977063737548
87,"M","Caledon","M4","ON.M4","25-10-15","",0,5,0,1,0,0,NA,NA
674,"M","Caledon","M4","ON.M4","25-10-15","",0,15,4,5,3,0.6,1.8,1.34164078649987
641,"M","Caledon","M4","ON.M4","25-10-15","",0,6,0,2,0,0,0,0
54,"M","Caledon","M4","ON.M4","25-10-15","",6,55,25,5,23,4.6,17.3,4.15932686861708
18,"P","Rideau Bird Sanctuary","T17","ON.T16","26-10-15","",0,55,0,0,0,0,NA,NA
581,"P","Rideau Bird Sanctuary","T17","ON.T16","26-10-15","20",0,20,20,2,24,12,NA,NA
130,"P","Rideau Bird Sanctuary","T17","ON.T16","26-10-15","",6,50,50,2,30,15,8,2.82842712474619
174,"P","Rideau Bird Sanctuary","T17","ON.T16","26-10-15","",0,36,36,4,67,16.75,NA,NA
195,"P","Rideau Bird Sanctuary","T17","ON.T16","26-10-15","",0,55,55,6,228,38,129,11.3578166916005
180,"P","Rideau Bird Sanctuary","T17","ON.T16","26-10-15","",8,110,110,5,316,63.2,79,8.88819441731559
78,"P","Rideau Bird Sanctuary","T17","ON.T16","26-10-15","6",0,2,1,2,6,3,8,2.82842712474619
620,"P","Rideau Bird Sanctuary","T17","ON.T16","26-10-15","",3,50,50,4,110,27.5,NA,NA
551,"P","Rideau Bird Sanctuary","T17","ON.T16","26-10-15","15",0,25,25,3,71,23.6666666666667,NA,NA
525,"P","Rideau Bird Sanctuary","T17","ON.T16","26-10-15","10",0,50,50,4,31,7.75,18.9166666666667,4.3493294502333
109,"P","Otty Lake","D7","ON.D7","26-10-15","",10,125,125,4,54,13.5,2,1.4142135623731
389,"P","Otty Lake","D7","ON.D7","26-10-15","1",10,180,180,5,141,28.2,NA,NA
51,"P","Otty Lake","D7","ON.D7","26-10-15","",6,189,189,5,153,30.6,NA,NA
240,"P","Otty Lake","D7","ON.D7","26-10-15","",8,205,205,5,16,3.2,NA,NA
270,"P","Otty Lake","D7","ON.D7","26-10-15","4",0,109,109,5,14,2.8,NA,NA
331,"P","Otty Lake","D7","ON.D7","26-10-15","",0,87,87,5,38,7.6,NA,NA
434,"P","Otty Lake","D7","ON.D7","26-10-15","10",11,295,295,5,35,7,NA,NA
416,"P","Otty Lake","D7","ON.D7","26-10-15","",12,275,275,7,23,3.28571428571429,2,1.4142135623731
302,"P","Otty Lake","D7","ON.D7","26-10-15","",10,80,80,5,42,8.4,8.8,2.96647939483827
717,"P","Otty Lake","D7","ON.D7","26-10-15","",0,25,25,5,27,5.4,2.33333333333333,1.52752523165195
570,"P","Otty Lake","D7","ON.D7","26-10-15","",6,150,150,3,48,16,NA,NA
536,"P","Otty Lake","D7","ON.D7","26-10-15","",8,170,170,4,42,10.5,NA,NA
506,"P","Otty Lake","D7","ON.D7","26-10-15","",8,360,360,5,20,4,NA,NA
242,"P","Otty Lake","D7","ON.D7","26-10-15","",0,95,95,6,25,4.16666666666667,NA,NA
181,"P","Otty Lake","D7","ON.D7","26-10-15","",2,170,170,4,12,3,2,1.4142135623731
4,"P","Otty Lake","D7","ON.D7","26-10-15","",18,140,140,5,24,4.8,NA,NA
476,"P","Otty Lake","D7","ON.D7","26-10-15","",0,115,115,5,29,5.8,NA,NA
89,"P","Otty Lake","D7","ON.D7","26-10-15","",0,35,35,5,109,21.8,NA,NA
716,"P","Otty Lake","D7","ON.D7","26-10-15","",16,305,305,6,34,5.66666666666667,NA,NA
601,"P","Otty Lake","D7","ON.D7","26-10-15","",5,190,190,5,123,24.6,NA,NA
505,"P","Otty Lake","D7","ON.D7","26-10-15","",8,120,120,4,29,7.25,0.5,0.707106781186548
478,"P","Otty Lake","D7","ON.D7","26-10-15","",0,110,110,5,19,3.8,4.5,2.12132034355964
448,"P","Otty Lake","D7","ON.D7","26-10-15","",4,168,168,5,47,9.4,NA,NA
356,"P","Otty Lake","D7","ON.D7","26-10-15","",0,127,127,5,33,6.6,NA,NA
266,"P","Otty Lake","D7","ON.D7","26-10-15","20",11,100,100,5,26,5.2,NA,NA
53,"P","Otty Lake","D7","ON.D7","26-10-15","",6,258,258,5,9,1.8,2.7,1.6431676725155
28,"P","Otty Lake","D7","ON.D7","26-10-15","",10,125,125,5,57,11.4,NA,NA
523,"P","Otty Lake","D7","ON.D7","26-10-15","6",0,30,30,3,33,11,NA,NA
272,"P","Otty Lake","D7","ON.D7","26-10-15","8",0,36,36,4,37,9.25,NA,NA
420,"P","Otty Lake","D7","ON.D7","26-10-15","",5,85,85,5,41,8.2,0,0
390,"P","Otty Lake","D7","ON.D7","26-10-15","",0,165,165,5,50,10,NA,NA
419,"P","Cow Bay QUBS","T6","EO.T6","27-10-15","",0,49,49,4,107,26.75,62.9166666666667,7.9320026895272
479,"P","Cow Bay QUBS","T6","EO.T6","27-10-15","8",0,37,37,4,82,20.5,NA,NA
386,"P","Cow Bay QUBS","T6","EO.T6","27-10-15","",12,258,258,4,123,30.75,NA,NA
360,"P","Cow Bay QUBS","T6","EO.T6","27-10-15","",6,229,229,4,158,39.5,NA,NA
426,"P","Cow Bay QUBS","T6","EO.T6","27-10-15","",0,84,84,5,110,22,NA,NA
747,"P","Cow Bay QUBS","T6","EO.T6","27-10-15","",0,68,68,4,64,16,NA,NA
82,"P","Cow Bay QUBS","T6","EO.T6","27-10-15","",10,82,82,4,86,21.5,NA,NA
10,"P","Cow Bay QUBS","T6","EO.T6","27-10-15","",12,135,135,2,28,14,NA,NA
35,"P","Cow Bay QUBS","T6","EO.T6","27-10-15","",1,105,105,5,71,14.2,NA,NA
185,"P","Cow Bay QUBS","T6","EO.T6","27-10-15","6",8,37,37,6,263,43.8333333333333,NA,NA
98,"P","Cow Bay QUBS","T6","EO.T6","27-10-15","",4,55,55,5,155,31,NA,NA
215,"P","Cow Bay QUBS","T6","EO.T6","27-10-15","",9,150,150,5,186,37.2,NA,NA
275,"P","Cow Bay QUBS","T6","EO.T6","27-10-15","6",0,67,67,5,105,21,NA,NA
308,"P","Cow Bay QUBS","T6","EO.T6","27-10-15","4",0,10,10,5,151,30.2,NA,NA
511,"P","Cow Bay QUBS","T6","EO.T6","27-10-15","",4,115,110,5,177,35.4,NA,NA
509,"P","Cow Bay QUBS","T6","EO.T6","27-10-15","",3,35,35,4,21,5.25,6.91666666666667,2.62995563967658
508,"P","Cow Bay QUBS","T6","EO.T6","27-10-15","",4,100,100,5,88,17.6,NA,NA
359,"P","Cow Bay QUBS","T6","EO.T6","27-10-15","",0,100,100,5,152,30.4,NA,NA
391,"P","Cow Bay QUBS","T6","EO.T6","27-10-15","",6,145,145,5,276,55.2,NA,NA
364,"P","Cow Bay QUBS","T6","EO.T6","27-10-15","",4,70,70,5,142,28.4,NA,NA
520,"P","Cow Bay QUBS","T6","EO.T6","27-10-15","",3,80,80,5,0,0,NA,NA
451,"P","Cow Bay QUBS","T6","EO.T6","27-10-15","",10,185,185,2,28,14,NA,NA
449,"P","Cow Bay QUBS","T6","EO.T6","27-10-15","",4,110,110,4,153,38.25,NA,NA
720,"P","Cow Bay QUBS","T6","EO.T6","27-10-15","",12,195,195,5,100,20,NA,NA
76,"P","Cow Bay QUBS","T6","EO.T6","27-10-15","",4,85,85,5,154,30.8,NA,NA
62,"P","Cow Bay QUBS","T6","EO.T6","27-10-15","",10,140,140,2,71,35.5,NA,NA
211,"P","Cow Bay QUBS","T6","EO.T6","27-10-15","3",0,58,58,3,104,34.6666666666667,NA,NA
121,"P","Cow Bay QUBS","T6","EO.T6","27-10-15","",0,53,53,4,67,16.75,NA,NA
152,"P","Cow Bay QUBS","T6","EO.T6","27-10-15","",3,45,45,5,81,16.2,NA,NA
500,"M","Constance Lake","M9","ON.M9","13-10-15","",9,35,35,5,224,44.8,256.333333333333,16.0104132780304
713,"M","Constance Lake","M9","ON.M9","13-10-15","",4,70,69,5,1,0.2,0.2,0.447213595499958
494,"M","Constance Lake","M9","ON.M9","13-10-15","",6,35,35,5,94,18.8,163.2,12.774975538137
119,"M","Constance Lake","M9","ON.M9","13-10-15","",16,30,30,5,0,0,NA,NA
207,"M","Constance Lake","M9","ON.M9","13-10-15","",13,25,0,5,0,0,0,0
680,"M","Constance Lake","M9","ON.M9","13-10-15","",10,13,13,5,0,0,0,0
25,"M","Constance Lake","M9","ON.M9","13-10-15","",10,40,30,5,2,0.4,0.8,0.894427190999916
149,"M","Constance Lake","M9","ON.M9","13-10-15","",10,80,80,5,5,1,5,2.23606797749979
584,"M","Constance Lake","M9","ON.M9","13-10-15","",9,20,20,6,25,4.16666666666667,53.7666666666667,7.33257571844074
110,"M","Constance Lake","M9","ON.M9","13-10-15","",8,35,30,5,8,1.6,12.8,3.57770876399966
204,"M","Constance Lake","M9","ON.M9","13-10-15","",9,20,20,7,210,30,50,7.07106781186548
258,"M","Constance Lake","M9","ON.M9","13-10-15","",13,3,3,3,41,13.6666666666667,NA,NA
707,"M","Constance Lake","M9","ON.M9","13-10-15","",11,45,20,20,90,4.5,144.75,12.031209415516
13,"M","Constance Lake","M9","ON.M9","13-10-15","",5,7,7,7,71,10.1428571428571,NA,NA
202,"M","Constance Lake","M9","ON.M9","13-10-15","",8,10,7,5,149,29.8,392.2,19.8040399918804
140,"M","Constance Lake","M9","ON.M9","13-10-15","",14,75,75,5,272,54.4,NA,NA
653,"M","Constance Lake","M9","ON.M9","13-10-15","",12,35,30,6,0,0,NA,NA
565,"M","Constance Lake","M9","ON.M9","13-10-15","",14,35,0,0,0,0,NA,NA
628,"M","Constance Lake","M9","ON.M9","13-10-15","",6,15,8,5,0,0,0,0
658,"M","Constance Lake","M9","ON.M9","13-10-15","",12,50,50,7,72,10.2857142857143,138.238095238095,11.7574697634353
122,"M","Constance Lake","M9","ON.M9","13-10-15","",8,21,11,11,0,0,0,0
598,"M","Constance Lake","M9","ON.M9","13-10-15","12",9,75,75,20,0,0,NA,NA
710,"M","Constance Lake","M9","ON.M9","13-10-15","",8,65,63,5,0,0,0,0
686,"M","Constance Lake","M9","ON.M9","13-10-15","3",10,10,8,8,8,1,21.3333333333333,4.61880215351701
316,"M","Constance Lake","M9","ON.M9","13-10-15","",13,35,30,5,30,6,56,7.48331477354788
322,"M","Constance Lake","M9","ON.M9","13-10-15","",18,110,110,5,0,0,0,0
470,"M","Constance Lake","M9","ON.M9","13-10-15","",8,10,10,8,42,5.25,64,8
282,"M","Constance Lake","M9","ON.M9","13-10-15","",10,35,20,5,0,0,0,0
402,"M","Constance Lake","M9","ON.M9","13-10-15","",10,60,60,21,48,2.28571428571429,122.47619047619,11.0668961536734
377,"M","Constance Lake","M9","ON.M9","13-10-15","2",8,15,12,8,1,0.125,0.333333333333333,0.577350269189626
590,"M","Constance Lake","M9","ON.M9","13-10-15","",10,20,8,5,18,3.6,64.8,8.04984471899924
715,"M","Constance Lake","M9","ON.M9","13-10-15","2",12,45,45,13,0,0,NA,NA
269,"M","Mud Lake","M3","ON.M3","16-10-15","6",3,10,8,5,55,11,NA,NA
64,"M","Mud Lake","M3","ON.M3","16-10-15","8",8,195,190,6,215,35.8333333333333,NA,NA
481,"M","Mud Lake","M3","ON.M3","16-10-15","12",7,20,20,5,41,8.2,NA,NA
721,"M","Mud Lake","M3","ON.M3","16-10-15","15",0,10,9,5,49,9.8,39.7,6.30079360080935
722,"M","Mud Lake","M3","ON.M3","16-10-15","15",0,20,15,5,42,8.4,NA,NA
85,"M","Mud Lake","M3","ON.M3","16-10-15","",0,75,60,6,74,12.3333333333333,60.5,7.77817459305202
56,"M","Mud Lake","M3","ON.M3","16-10-15","",0,35,30,5,37,7.4,NA,NA
206,"M","Mud Lake","M3","ON.M3","16-10-15","8",0,6,2,2,3,1.5,NA,NA
239,"M","Mud Lake","M3","ON.M3","16-10-15","8",0,11,0,5,12,2.4,7.3,2.70185121722126
179,"M","Mud Lake","M3","ON.M3","16-10-15","",0,15,10,5,38,7.6,2,1.4142135623731
151,"M","Mud Lake","M3","ON.M3","16-10-15","",0,30,27,5,45,9,NA,NA
115,"M","Mud Lake","M3","ON.M3","16-10-15","",0,55,45,4,43,10.75,NA,NA
538,"M","Mud Lake","M3","ON.M3","16-10-15","",0,5,3,3,0,0,0,0
362,"M","Mud Lake","M3","ON.M3","16-10-15","",0,35,35,5,79,15.8,NA,NA
719,"M","Mud Lake","M3","ON.M3","16-10-15","",1,25,25,5,38,7.6,NA,NA
631,"M","Mud Lake","M3","ON.M3","16-10-15","",0,10,9,5,80,16,NA,NA
203,"M","Mud Lake","M3","ON.M3","16-10-15","",0,4,0,3,0,0,0,0
31,"M","Mud Lake","M3","ON.M3","16-10-15","",0,5,3,5,50,10,69.5,8.33666600026653
718,"M","Mud Lake","M3","ON.M3","16-10-15","",0,11,7,5,60,12,8,2.82842712474619
91,"M","Mud Lake","M3","ON.M3","16-10-15","",0,45,40,5,58,11.6,NA,NA
27,"M","Mud Lake","M3","ON.M3","16-10-15","",0,23,1,5,47,9.4,NA,NA
690,"M","Mud Lake","M3","ON.M3","16-10-15","",0,20,17,5,46,9.2,34.7,5.89067059000926
691,"M","Mud Lake","M3","ON.M3","16-10-15","",0,30,25,5,64,12.8,NA,NA
661,"M","Mud Lake","M3","ON.M3","16-10-15","",0,21,20,5,84,16.8,NA,NA
610,"P","Scugog","D2","ON.D2","26-10-15","",4,75,75,5,70,14,NA,NA
370,"P","Scugog","D2","ON.D2","26-10-15","",2,25,23,5,41,8.2,23.2,4.81663783151692
675,"P","Scugog","D2","ON.D2","26-10-15","5",0,120,120,5,82,16.4,NA,NA
285,"P","Scugog","D2","ON.D2","26-10-15","8",0,50,49,5,90,18,60.5,7.77817459305202
734,"P","Scugog","D2","ON.D2","26-10-15","",3,20,20,5,20,4,22.5,4.74341649025257
256,"P","Scugog","D2","ON.D2","26-10-15","",0,90,90,5,38,7.6,NA,NA
634,"P","Scugog","D2","ON.D2","26-10-15","9",6,65,60,5,51,10.2,15.2,3.89871773792359
427,"P","Scugog","D2","ON.D2","26-10-15","",0,50,50,5,64,12.8,NA,NA
460,"P","Scugog","D2","ON.D2","26-10-15","15",3,40,38,5,58,11.6,16.3,4.03732584763727
253,"P","Scugog","D2","ON.D2","26-10-15","15",8,45,40,5,30,6,14,3.74165738677394
429,"P","Scugog","D2","ON.D2","26-10-15","5",0,25,25,5,54,10.8,20.2,4.49444101084885
462,"P","Scugog","D2","ON.D2","26-10-15","10",0,40,40,4,46,11.5,7,2.64575131106459
626,"P","Scugog","D2","ON.D2","26-10-15","4",3,8,8,5,52,10.4,6.3,2.50998007960223
366,"P","Scugog","D2","ON.D2","26-10-15","",0,15,15,5,45,9,12.5,3.53553390593274
736,"P","Scugog","D2","ON.D2","26-10-15","10",0,30,30,4,57,14.25,32,5.65685424949238
294,"P","Scugog","D2","ON.D2","26-10-15","6",5,65,60,5,68,13.6,10.3,3.20936130717624
373,"P","Scugog","D2","ON.D2","26-10-15","",0,13,13,4,98,24.5,0.5,0.707106781186548
667,"P","Scugog","D2","ON.D2","26-10-15","5",3,45,45,5,55,11,21.5,4.63680924774785
289,"P","Scugog","D2","ON.D2","26-10-15","6",0,65,60,5,70,14,16.5,4.06201920231798
731,"P","Scugog","D2","ON.D2","26-10-15","5",0,30,25,4,28,7,24.6666666666667,4.96655480858378
291,"P","Scugog","D2","ON.D2","26-10-15","4",0,15,15,5,0,0,0,0
733,"P","Scugog","D2","ON.D2","26-10-15","2",0,20,18,5,58,11.6,2,1.4142135623731
648,"P","Scugog","D2","ON.D2","26-10-15","8",6,55,50,5,63,12.6,10.3,3.20936130717624
435,"P","Scugog","D2","ON.D2","26-10-15","6",0,25,25,5,61,12.2,14.7,3.83405790253616
489,"P","Scugog","D2","ON.D2","26-10-15","6",0,60,60,5,0,0,0,0
468,"P","Scugog","D2","ON.D2","26-10-15","5 to 40",0,65,65,5,39,7.8,NA,NA
624,"P","Scugog","D2","ON.D2","26-10-15","3",0,60,60,5,61,12.2,NA,NA
314,"P","Scugog","D2","ON.D2","26-10-15","12",0,60,60,5,198,39.6,70.8,8.41427358718505
678,"P","Scugog","D2","ON.D2","26-10-15","6",9,145,145,5,67,13.4,NA,NA
292,"P","Black River ","T14","ON.T14","15-10-15","",14,20,20,4,111,27.75,150.25,12.2576506721313
372,"P","Black River ","T14","ON.T14","15-10-15","",8,45,45,4,81,20.25,NA,NA
637,"P","Black River ","T14","ON.T14","15-10-15","",0,35,34,5,8,1.6,6.8,2.60768096208106
259,"P","Black River ","T14","ON.T14","15-10-15","",4,75,75,5,3,0.6,1.8,1.34164078649987
699,"P","Black River ","T14","ON.T14","15-10-15","",4,12,10,4,51,12.75,32.25,5.67890834580027
702,"P","Black River ","T14","ON.T14","15-10-15","",10,65,60,6,131,21.8333333333333,142.25,11.9268604418766
696,"P","Black River ","T14","ON.T14","15-10-15","",0,28,26,5,4,0.8,3.2,1.78885438199983
340,"P","Black River ","T14","ON.T14","15-10-15","3",0,55,55,4,94,23.5,121.666666666667,11.0302614051829
651,"P","Black River ","T14","ON.T14","15-10-15","",0,25,10,6,27,4.5,121.5,11.0227038425243
320,"P","Black River ","T14","ON.T14","15-10-15","",20,35,35,5,86,17.2,126.2,11.2338773359869
284,"M","Holland River","M12","ON.M12","15-10-15","",4,45,45,5,0,0,0,0
490,"M","Holland River","M12","ON.M12","15-10-15","",11,20,20,5,38,7.6,NA,NA
463,"M","Holland River","M12","ON.M12","15-10-15","30",0,15,15,5,12,2.4,0.8,0.894427190999916
317,"M","Holland River","M12","ON.M12","15-10-15","",12,365,365,5,26,5.2,7.7,2.77488738510232
280,"M","Holland River","M12","ON.M12","15-10-15","",13,85,85,5,92,18.4,34.8,5.89915248150105
673,"M","Holland River","M12","ON.M12","15-10-15","",13,30,30,5,27,5.4,2.3,1.51657508881031
557,"M","Holland River","M12","ON.M12","15-10-15","",10,60,55,5,13,2.6,1.8,1.34164078649987
560,"M","Holland River","M12","ON.M12","15-10-15","",16,125,125,5,27,5.4,4.3,2.07364413533277
546,"M","Holland River","M12","ON.M12","15-10-15","",14,270,270,5,11,2.2,24.2,4.91934955049954
676,"M","Holland River","M12","ON.M12","15-10-15","",0,70,70,5,49,9.8,NA,NA
549,"M","Holland River","M12","ON.M12","15-10-15","",0,5,5,5,30,6,NA,NA
338,"M","Holland River","M12","ON.M12","15-10-15","",9,230,230,5,76,15.2,40.5,6.36396103067893
558,"M","Holland River","M12","ON.M12","15-10-15","",8,110,110,5,0,0,0,0
341,"M","Holland River","M12","ON.M12","15-10-15","",12,30,30,5,29,5.8,4.7,2.16794833886788
613,"M","Holland River","M12","ON.M12","15-10-15","",0,65,65,5,15,3,NA,NA
323,"M","Holland River","M12","ON.M12","15-10-15","",10,95,95,5,12,2.4,0.3,0.547722557505166
553,"M","Holland River","M12","ON.M12","15-10-15","",10,105,105,5,0,0,NA,NA
550,"M","Holland River","M12","ON.M12","15-10-15","3",0,60,60,6,115,19.1666666666667,NA,NA
616,"M","Holland River","M12","ON.M12","15-10-15","",9,55,55,5,59,11.8,NA,NA
287,"M","Holland River","M12","ON.M12","15-10-15","30",2,21,21,5,23,4.6,3.3,1.81659021245849
697,"M","Holland River","M12","ON.M12","15-10-15","",10,145,145,5,16,3.2,7.2,2.68328157299975
619,"M","Holland River","M12","ON.M12","15-10-15","",0,15,15,5,0,0,0,0
643,"M","Holland River","M12","ON.M12","15-10-15","",4,50,50,5,59,11.8,13.2,3.63318042491699
430,"M","Holland River","M12","ON.M12","15-10-15","",18,65,65,5,68,13.6,NA,NA
290,"M","Holland River","M12","ON.M12","15-10-15","",10,185,185,6,42,7,NA,NA
547,"M","Holland River","M12","ON.M12","15-10-15","",0,55,54,5,152,30.4,100.3,10.0149887668434
700,"M","Barrie","M13","ON.M13","17-10-15","",8,58,58,6,153,25.5,180.5,13.4350288425444
466,"M","Barrie","M13","ON.M13","17-10-15","",0,33,33,5,62,12.4,1,1
493,"M","Barrie","M13","ON.M13","17-10-15","6",0,55,55,7,128,18.2857142857143,72,8.48528137423857
679,"M","Barrie","M13","ON.M13","17-10-15","2",0,30,30,5,110,22,NA,NA
640,"M","Barrie","M13","ON.M13","17-10-15","",6,90,90,5,57,11.4,50,7.07106781186548
281,"M","Barrie","M13","ON.M13","17-10-15","",4,60,60,5,67,13.4,8.3,2.88097205817759
739,"M","Barrie","M13","ON.M13","17-10-15","",0,27,27,5,86,17.2,60.5,7.77817459305202
344,"M","Barrie","M13","ON.M13","17-10-15","",9,33,33,5,101,20.2,22.2,4.7116875957559
737,"M","Barrie","M13","ON.M13","17-10-15","",0,35,32,5,122,24.4,NA,NA
347,"M","Barrie","M13","ON.M13","17-10-15","",0,17,17,5,76,15.2,17.2,4.14728827066554
740,"M","Barrie","M13","ON.M13","17-10-15","",0,35,33,5,84,16.8,34.7,5.89067059000926
446,"M","Barrie","M13","ON.M13","17-10-15","",0,12,12,5,69,13.8,40.5,6.36396103067893
187,"M","Barrie","M13","ON.M13","17-10-15","",0,60,55,6,128,21.3333333333333,NA,NA
469,"M","Barrie","M13","ON.M13","17-10-15","",0,45,44,6,142,23.6666666666667,0.5,0.707106781186548
742,"M","Barrie","M13","ON.M13","17-10-15","",0,18,17,5,85,17,NA,NA
498,"M","Barrie","M13","ON.M13","17-10-15","",0,25,24,5,0,0,0,0
326,"M","Barrie","M13","ON.M13","17-10-15","",0,40,35,5,92,18.4,9.33333333333333,3.05505046330389
561,"M","Barrie","M13","ON.M13","17-10-15","",0,58,58,4,70,17.5,11,3.3166247903554
433,"M","Barrie","M13","ON.M13","17-10-15","",8,100,100,6,129,21.5,13,3.60555127546399
681,"M","Barrie","M13","ON.M13","17-10-15","",0,25,25,5,121,24.2,NA,NA
438,"M","Barrie","M13","ON.M13","17-10-15","",5,140,140,5,129,25.8,NA,NA
654,"M","Barrie","M13","ON.M13","17-10-15","",6,100,100,5,94,18.8,NA,NA
350,"M","Barrie","M13","ON.M13","17-10-15","",0,70,70,6,77,12.8333333333333,56.5666666666667,7.52108148251744
293,"M","Barrie","M13","ON.M13","17-10-15","",0,28,28,5,92,18.4,0.333333333333333,0.577350269189626
375,"M","Barrie","M13","ON.M13","17-10-15","",0,50,47,5,56,11.2,9.2,3.03315017762062
262,"M","Barrie","M13","ON.M13","17-10-15","",0,60,60,5,72,14.4,0,0
622,"M","Barrie","M13","ON.M13","17-10-15","",0,65,65,6,158,26.3333333333333,54.6666666666667,7.39369100427294
732,"M","Barrie","M13","ON.M13","17-10-15","",0,6,6,3,43,14.3333333333333,174.333333333333,13.2035348802256
706,"M","Barrie","M13","ON.M13","17-10-15","",0,75,75,6,135,22.5,NA,NA
295,"M","Barrie","M13","ON.M13","17-10-15","",0,23,23,6,122,20.3333333333333,NA,NA
495,"M","Barrie","M13","ON.M13","17-10-15","",0,40,40,6,121,20.1666666666667,26.9666666666667,5.19294393062997
564,"M","Barrie","M13","ON.M13","17-10-15","",0,7,7,2,29,14.5,60.5,7.77817459305202
265,"M","Barrie","M13","ON.M13","17-10-15","",0,16,15,5,0,0,0,0
682,"M","Lafarce","M14","ON.M14","17-10-15","",0,11,11,5,46,9.2,4.5,2.12132034355964
268,"M","Lafarce","M14","ON.M14","17-10-15","",0,3,3,3,24,8,4,2
684,"M","Lafarce","M14","ON.M14","17-10-15","",0,9,9,5,20,4,18,4.24264068711928
471,"M","Lafarce","M14","ON.M14","17-10-15","",0,17,17,4,33,8.25,NA,NA
660,"M","Lafarce","M14","ON.M14","17-10-15","",0,16,14,5,39,7.8,7.2,2.68328157299975
441,"M","Lafarce","M14","ON.M14","17-10-15","",0,7,2,2,14,7,8,2.82842712474619
627,"M","Lafarce","M14","ON.M14","17-10-15","",0,14,14,5,45,9,2,1.4142135623731
745,"M","Lafarce","M14","ON.M14","17-10-15","",0,27,27,5,45,9,14.3333333333333,3.78593889720018
376,"M","Lafarce","M14","ON.M14","17-10-15","",0,15,15,5,23,4.6,6.3,2.50998007960223
378,"M","Lafarce","M14","ON.M14","17-10-15","",0,4,4,4,28,7,3.33333333333333,1.82574185835055
444,"M","Lafarce","M14","ON.M14","17-10-15","",0,8,8,5,27,5.4,6.8,2.60768096208106
630,"M","Lafarce","M14","ON.M14","17-10-15","",0,14,14,5,33,6.6,3.8,1.94935886896179
567,"M","Lafarce","M14","ON.M14","17-10-15","",0,19,19,4,25,6.25,10.9166666666667,3.30403793359983
329,"M","Lafarce","M14","ON.M14","17-10-15","",0,12,3,3,14,4.66666666666667,4.33333333333333,2.08166599946613
474,"M","Lafarce","M14","ON.M14","17-10-15","",0,14,12,5,50,10,NA,NA
496,"M","Lafarce","M14","ON.M14","17-10-15","",0,16,16,5,43,8.6,4.3,2.07364413533277
55,"M","Lafarce","M14","ON.M14","17-10-15","",0,10,10,5,42,8.4,15.3,3.91152144312159
278,"M","Lafarce","M14","ON.M14","17-10-15","",0,12,10,5,20,4,1.5,1.22474487139159
599,"M","Lafarce","M14","ON.M14","17-10-15","",0,1,1,1,11,11,NA,NA
709,"M","Lafarce","M14","ON.M14","17-10-15","8",0,8,8,4,46,11.5,5.66666666666667,2.38047614284762
693,"M","Lafarce","M14","ON.M14","17-10-15","3",0,40,7,6,30,5,2.4,1.54919333848297
447,"M","Lafarce","M14","ON.M14","17-10-15","",0,9,6,4,19,4.75,NA,NA
271,"M","Lafarce","M14","ON.M14","17-10-15","",0,26,26,6,58,9.66666666666667,11.0666666666667,3.32665998663324
297,"M","Lafarce","M14","ON.M14","17-10-15","",0,23,23,5,33,6.6,7.3,2.70185121722126
381,"M","Lafarce","M14","ON.M14","17-10-15","",0,3,3,3,12,4,7,2.64575131106459
352,"M","Lafarce","M14","ON.M14","17-10-15","",0,15,15,5,44,8.8,4.5,2.12132034355964
748,"M","Lafarce","M14","ON.M14","17-10-15","",0,11,11,6,40,6.66666666666667,3.86666666666667,1.96638416050035
397,"M","Lafarce","M14","ON.M14","17-10-15","",0,5,5,4,33,8.25,16.25,4.03112887414927
585,"M","Lafarce","M14","ON.M14","17-10-15","",0,8,7,4,29,7.25,3.58333333333333,1.89296944860009
577,"M","Horseshoe Lake","M1","ON.M1","18-10-15","",4,117,112,5,109,21.8,41.7,6.45755371638518
534,"M","Horseshoe Lake","M1","ON.M1","18-10-15","",0,35,30,6,86,14.3333333333333,0.666666666666667,0.816496580927726
412,"M","Horseshoe Lake","M1","ON.M1","18-10-15","",0,5,5,4,55,13.75,2.91666666666667,1.70782512765993
52,"M","Horseshoe Lake","M1","ON.M1","18-10-15","",0,95,95,6,71,11.8333333333333,12.9666666666667,3.60092580688171
576,"M","Horseshoe Lake","M1","ON.M1","18-10-15","",0,25,15,5,57,11.4,2.3,1.51657508881031
531,"M","Horseshoe Lake","M1","ON.M1","18-10-15","",0,15,13,5,32,6.4,9.3,3.04959013639538
184,"M","Horseshoe Lake","M1","ON.M1","18-10-15","",0,30,30,7,67,9.57142857142857,4.95238095238095,2.22539456105675
406,"M","Horseshoe Lake","M1","ON.M1","18-10-15","",4,9,0,0,0,0,NA,NA
594,"M","Horseshoe Lake","M1","ON.M1","18-10-15","",0,45,45,6,74,12.3333333333333,13.8666666666667,3.72379734500505
725,"M","Horseshoe Lake","M1","ON.M1","18-10-15","",0,13,10,5,48,9.6,19.8,4.4497190922574
409,"M","Horseshoe Lake","M1","ON.M1","18-10-15","",0,80,80,5,64,12.8,12.7,3.56370593624109
504,"M","Horseshoe Lake","M1","ON.M1","18-10-15","",0,75,75,6,145,24.1666666666667,12.5,3.53553390593274
61,"M","Horseshoe Lake","M1","ON.M1","18-10-15","",0,60,60,8,129,16.125,NA,NA
705,"M","Horseshoe Lake","M1","ON.M1","18-10-15","",0,70,70,7,74,10.5714285714286,15.6190476190476,3.95209408023742
424,"M","Horseshoe Lake","M1","ON.M1","18-10-15","",0,14,14,6,72,12,8,2.82842712474619
403,"M","Horseshoe Lake","M1","ON.M1","18-10-15","",0,60,60,5,84,16.8,22.2,4.7116875957559
46,"M","Horseshoe Lake","M1","ON.M1","18-10-15","",0,55,55,5,84,16.8,29.7,5.44977063737548
701,"M","Horseshoe Lake","M1","ON.M1","18-10-15","",0,70,68,8,144,18,31.7142857142857,5.63154381269344
443,"M","Horseshoe Lake","M1","ON.M1","18-10-15","",0,60,48,6,171,28.5,37,6.08276253029822
728,"M","Horseshoe Lake","M1","ON.M1","18-10-15","",0,45,45,5,93,18.6,4.3,2.07364413533277
245,"M","Horseshoe Lake","M1","ON.M1","18-10-15","",0,25,25,6,114,19,204.8,14.3108350559987
363,"M","Horseshoe Lake","M1","ON.M1","18-10-15","",5,95,90,5,77,15.4,2.8,1.67332005306815
335,"M","Horseshoe Lake","M1","ON.M1","18-10-15","",0,12,12,5,64,12.8,33.7,5.80517010948
712,"M","Horseshoe Lake","M1","ON.M1","18-10-15","",3,28,28,5,94,18.8,NA,NA
591,"M","Horseshoe Lake","M1","ON.M1","18-10-15","",0,14,14,5,80,16,16.5,4.06201920231798
400,"M","Horseshoe Lake","M1","ON.M1","18-10-15","",0,30,30,5,83,16.6,6.33333333333333,2.51661147842358
190,"M","Horseshoe Lake","M1","ON.M1","18-10-15","",0,68,68,5,149,29.8,51.7,7.19027120489902
574,"M","Horseshoe Lake","M1","ON.M1","18-10-15","",0,25,25,5,100,20,60.5,7.77817459305202
694,"M","Horseshoe Lake","M1","ON.M1","18-10-15","",0,50,45,5,57,11.4,10.3,3.20936130717624
501,"M","Horseshoe Lake","M1","ON.M1","18-10-15","",0,85,85,5,85,17,40.5,6.36396103067893
582,"M","Lac LaPeche","M10","ON.M10","12-10-15","",3,80,80,5,32,6.4,1.3,1.14017542509914
597,"M","Lac LaPeche","M10","ON.M10","12-10-15","",14,80,80,5,42,8.4,8.3,2.88097205817759
698,"M","Lac LaPeche","M10","ON.M10","12-10-15","",15,20,20,5,39,7.8,5.2,2.28035085019828
708,"M","Lac LaPeche","M10","ON.M10","12-10-15","",10,130,130,6,44,7.33333333333333,10.2666666666667,3.20416395751944
394,"M","Lac LaPeche","M10","ON.M10","12-10-15","",3,20,20,6,40,6.66666666666667,4.66666666666667,2.16024689946929
537,"M","Lac LaPeche","M10","ON.M10","12-10-15","",10,57,57,5,36,7.2,7.2,2.68328157299975
43,"M","Lac LaPeche","M10","ON.M10","12-10-15","",0,25,25,7,41,5.85714285714286,12.4761904761905,3.53216512583861
382,"M","Lac LaPeche","M10","ON.M10","12-10-15","",22,215,215,5,39,7.8,7.2,2.68328157299975
172,"M","Lac LaPeche","M10","ON.M10","12-10-15","",0,26,25,5,24,4.8,0.2,0.447213595499958
235,"M","Lac LaPeche","M10","ON.M10","12-10-15","",6,5,5,4,26,6.5,6.33333333333333,2.51661147842358
677,"M","Lac LaPeche","M10","ON.M10","12-10-15","",12,20,20,5,42,8.4,5.3,2.30217288664427
325,"M","Lac LaPeche","M10","ON.M10","12-10-15","",35,540,540,25,237,9.48,NA,NA
472,"M","Lac LaPeche","M10","ON.M10","12-10-15","",15,150,150,5,39,7.8,5.2,2.28035085019828
499,"M","Lac LaPeche","M10","ON.M10","12-10-15","",20,110,109,6,52,8.66666666666667,3.86666666666667,1.96638416050035
263,"M","Lac LaPeche","M10","ON.M10","12-10-15","",0,65,65,7,43,6.14285714285714,6.80952380952381,2.60950643025148
439,"M","Lac LaPeche","M10","ON.M10","12-10-15","",0,6,5,6,24,4,1,1
86,"M","Lac LaPeche","M10","ON.M10","12-10-15","",7,65,65,7,65,9.28571428571429,4.5,2.12132034355964
583,"M","Lac LaPeche","M10","ON.M10","12-10-15","",10,25,24,12,83,6.91666666666667,1.33333333333333,1.15470053837925
136,"M","Lac LaPeche","M10","ON.M10","12-10-15","",13,175,175,5,45,9,2.5,1.58113883008419
296,"M","Lac LaPeche","M10","ON.M10","12-10-15","",15,46,46,5,58,11.6,11.3,3.36154726279432
379,"M","Lac LaPeche","M10","ON.M10","12-10-15","",0,55,50,5,28,5.6,9.3,3.04959013639538
666,"M","Lac LaPeche","M10","ON.M10","12-10-15","",17,180,180,5,56,11.2,9.7,3.11448230047949
175,"M","Lac LaPeche","M10","ON.M10","12-10-15","",16,145,145,6,534,89,41336.4,203.31355095025
47,"M","Kagawong","M15","ON.M15","10-10-15","",0,25,25,5,20,4,39.5,6.28490254498827
300,"M","Kagawong","M15","ON.M15","10-10-15","",2,150,150,5,44,8.8,27.7,5.26307894677631
157,"M","Kagawong","M15","ON.M15","10-10-15","",0,35,35,5,82,16.4,8.3,2.88097205817759
145,"M","Kagawong","M15","ON.M15","10-10-15","",4,14,14,5,24,4.8,11.7,3.42052627529741
311,"M","Kagawong","M15","ON.M15","10-10-15","",3,40,40,5,59,11.8,21.7,4.65832587954085
687,"M","Kagawong","M15","ON.M15","10-10-15","",2,110,110,5,62,12.4,20.8,4.56070170039655
749,"M","Kagawong","M15","ON.M15","10-10-15","",2,45,45,5,76,15.2,15.2,3.89871773792359
741,"M","Kagawong","M15","ON.M15","10-10-15","",2,14,10,5,22,4.4,8.8,2.96647939483827
139,"M","Kagawong","M15","ON.M15","10-10-15","",6,12,8,5,48,9.6,22.3,4.72228758124704
224,"M","Kagawong","M15","ON.M15","10-10-15","",2,25,25,5,40,8,15.5,3.93700393700591
74,"M","Kagawong","M15","ON.M15","10-10-15","",2,100,100,5,45,9,36,6
44,"M","Kagawong","M15","ON.M15","10-10-15","",2,55,55,5,73,14.6,53.3,7.30068489937759
170,"M","Kagawong","M15","ON.M15","10-10-15","",2,115,115,5,63,12.6,2.3,1.51657508881031
142,"M","Kagawong","M15","ON.M15","10-10-15","",2,100,100,5,78,15.6,21.3,4.61519230368573
659,"M","Kagawong","M15","ON.M15","10-10-15","",0,100,100,5,54,10.8,13.7,3.70135110466435
649,"M","Kagawong","M15","ON.M15","10-10-15","",2,9,9,5,28,5.6,1.3,1.14017542509914
477,"M","Kagawong","M15","ON.M15","10-10-15","",0,30,29,5,29,5.8,11.7,3.42052627529741
556,"M","Kagawong","M15","ON.M15","10-10-15","",10,120,100,5,28,5.6,12.8,3.57770876399966
738,"M","Kagawong","M15","ON.M15","10-10-15","",0,23,19,5,47,9.4,17.3,4.15932686861708
445,"M","Kagawong","M15","ON.M15","10-10-15","",0,55,20,5,15,3,4.5,2.12132034355964
529,"M","Kagawong","M15","ON.M15","10-10-15","",2,25,25,5,35,7,9.5,3.08220700148449
656,"M","Kagawong","M15","ON.M15","10-10-15","",0,70,70,5,21,4.2,12.7,3.56370593624109
662,"M","Kagawong","M15","ON.M15","10-10-15","",3,30,30,5,30,6,11,3.3166247903554
161,"M","Kagawong","M15","ON.M15","10-10-15","",0,200,200,5,20,4,7,2.64575131106459
502,"M","Kagawong","M15","ON.M15","10-10-15","",6,80,60,6,57,9.5,NA,NA
475,"M","Kagawong","M15","ON.M15","10-10-15","",2,50,50,5,43,8.6,9.3,3.04959013639538
301,"M","Kagawong","M15","ON.M15","10-10-15","",0,100,100,5,14,2.8,4.7,2.16794833886788
743,"M","Kagawong","M15","ON.M15","10-10-15","",0,30,24,5,34,6.8,3.2,1.78885438199983
164,"M","Kagawong","M15","ON.M15","10-10-15","",2,80,80,5,67,13.4,41.3,6.42650760522385
2,"M","Corry Lake","M16","ON.M16","11-10-15","",0,50,50,5,52,10.4,NA,NA
128,"M","Corry Lake","M16","ON.M16","11-10-15","",3,30,30,8,69,8.625,NA,NA
158,"M","Corry Lake","M16","ON.M16","11-10-15","",2,20,20,5,28,5.6,3.3,1.81659021245849
473,"M","Corry Lake","M16","ON.M16","11-10-15","20",2,500,500,14,50,3.57142857142857,NA,NA
588,"M","Corry Lake","M16","ON.M16","11-10-15","",3,15,15,5,21,4.2,3.2,1.78885438199983
37,"M","Corry Lake","M16","ON.M16","11-10-15","",2,20,20,5,51,10.2,NA,NA
94,"M","Corry Lake","M16","ON.M16","11-10-15","",8,70,70,10,108,10.8,NA,NA
75,"M","Corry Lake","M16","ON.M16","11-10-15","",3,13,12,7,42,6,NA,NA
664,"M","Corry Lake","M16","ON.M16","11-10-15","",5,100,95,5,41,8.2,3.7,1.92353840616713
105,"M","Corry Lake","M16","ON.M16","11-10-15","",5,30,30,8,62,7.75,NA,NA
541,"M","Corry Lake","M16","ON.M16","11-10-15","",2,8,8,5,21,4.2,12.7,3.56370593624109
328,"M","Corry Lake","M16","ON.M16","11-10-15","",5,30,30,9,98,10.8888888888889,NA,NA
602,"M","Corry Lake","M16","ON.M16","11-10-15","",3,20,20,10,106,10.6,0.5,0.707106781186548
212,"M","Corry Lake","M16","ON.M16","11-10-15","",2,10,10,6,18,3,NA,NA
171,"M","Corry Lake","M16","ON.M16","11-10-15","",2,8,5,4,4,1,NA,NA
200,"M","Corry Lake","M16","ON.M16","11-10-15","",4,55,55,13,103,7.92307692307692,NA,NA
93,"M","Corry Lake","M16","ON.M16","11-10-15","",2,15,14,5,18,3.6,0,0
645,"M","Corry Lake","M16","ON.M16","11-10-15","",4,30,30,5,21,4.2,0.5,0.707106781186548
165,"M","Corry Lake","M16","ON.M16","11-10-15","",0,5,3,2,14,7,8,2.82842712474619
361,"M","Corry Lake","M16","ON.M16","11-10-15","",0,24,21,7,24,3.42857142857143,0.5,0.707106781186548
60,"M","Corry Lake","M16","ON.M16","11-10-15","",3,85,85,5,6,1.2,1.7,1.30384048104053
318,"M","Corry Lake","M16","ON.M16","11-10-15","",0,20,18,7,45,6.42857142857143,NA,NA
492,"M","Corry Lake","M16","ON.M16","11-10-15","",2,100,90,11,38,3.45454545454545,9.87272727272727,3.14208963473789
135,"M","Corry Lake","M16","ON.M16","11-10-15","",10,15,15,5,16,3.2,15.7,3.96232255123179
522,"M","Corry Lake","M16","ON.M16","11-10-15","",2,240,240,5,7,1.4,NA,NA
182,"M","Corry Lake","M16","ON.M16","11-10-15","",3,55,55,5,21,4.2,NA,NA
103,"M","Corry Lake","M16","ON.M16","11-10-15","",0,35,34,5,20,4,NA,NA
417,"M","Corry Lake","M16","ON.M16","11-10-15","",2,11,11,5,48,9.6,NA,NA
503,"M","Corry Lake","M16","ON.M16","11-10-15","",4,30,29,5,30,6,24.5,4.94974746830583
388,"P","Samuel de Champlain","D10","ON.D10","11-10-15","",3,5,3,3,1,0.333333333333333,0.333333333333333,0.577350269189626
436,"P","Samuel de Champlain","D10","ON.D10","11-10-15","",3,15,0,5,0,0,0,0
80,"P","Samuel de Champlain","D10","ON.D10","11-10-15","",2,35,0,5,0,0,0,0
418,"P","Samuel de Champlain","D10","ON.D10","11-10-15","",2,20,0,5,0,0,0,0
71,"P","Samuel de Champlain","D10","ON.D10","11-10-15","",3,12,0,5,0,0,0,0
415,"P","Samuel de Champlain","D10","ON.D10","11-10-15","",2,10,0,3,0,0,0,0
83,"P","Samuel de Champlain","D10","ON.D10","11-10-15","",0,38,10,5,0,0,0,0
38,"P","Samuel de Champlain","D10","ON.D10","11-10-15","",0,50,25,5,0,0,0,0
526,"P","Samuel de Champlain","D10","ON.D10","11-10-15","",5,10,0,0,0,0,NA,NA
169,"P","Samuel de Champlain","D10","ON.D10","11-10-15","",2,7,0,4,0,0,NA,NA
746,"P","Samuel de Champlain","D10","ON.D10","11-10-15","",2,20,0,0,0,0,NA,NA
260,"P","Samuel de Champlain","D10","ON.D10","11-10-15","",0,6,0,2,0,0,0,0
735,"P","Samuel de Champlain","D10","ON.D10","11-10-15","",4,35,0,5,0,0,0,0
155,"P","Samuel de Champlain","D10","ON.D10","11-10-15","",0,8,1,4,1,0.25,NA,NA
442,"P","Samuel de Champlain","D10","ON.D10","11-10-15","",0,15,1,1,2,2,NA,NA
384,"P","Samuel de Champlain","D10","ON.D10","11-10-15","",0,12,7,5,0,0,0,0
199,"P","Samuel de Champlain","D10","ON.D10","11-10-15","",0,20,1,5,0,0,0,0
625,"P","Samuel de Champlain","D10","ON.D10","11-10-15","",3,10,0,0,0,0,NA,NA
507,"P","Samuel de Champlain","D10","ON.D10","11-10-15","",2,30,10,5,0,0,0,0
646,"P","Samuel de Champlain","D10","ON.D10","11-10-15","8",0,10,1,0,0,0,NA,NA
385,"P","Samuel de Champlain","D10","ON.D10","11-10-15","2",0,10,0,5,0,0,0,0
196,"P","Samuel de Champlain","D10","ON.D10","11-10-15","50",0,100,0,5,2,0.4,0.8,0.894427190999916
230,"P","Samuel de Champlain","D10","ON.D10","11-10-15","",7,80,26,5,0,0,0,0
353,"P","Samuel de Champlain","D10","ON.D10","11-10-15","36",0,50,25,5,2,0.4,0.3,0.547722557505166
663,"P","Samuel de Champlain","D10","ON.D10","11-10-15","10",0,25,21,7,20,2.85714285714286,1.14285714285714,1.0690449676497
238,"P","Samuel de Champlain","D10","ON.D10","11-10-15","",2,1,1,1,3,3,NA,NA
221,"P","Samuel de Champlain","D10","ON.D10","11-10-15","16",0,11,1,5,2,0.4,0.8,0.894427190999916
166,"P","Samuel de Champlain","D10","ON.D10","11-10-15","41",0,5,4,5,2,0.4,0.8,0.894427190999916
227,"P","Samuel de Champlain","D10","ON.D10","11-10-15","14",0,1,1,5,0,0,0,0
559,"P","Samuel de Champlain","D10","ON.D10","11-10-15","4",0,9,1,5,0,0,0,0
218,"P","Samuel de Champlain","D10","ON.D10","11-10-15","8",0,10,0,0,0,0,NA,NA
704,"P","Samuel de Champlain","D10","ON.D10","11-10-15","9",0,10,1,5,0,0,0,0
580,"P","Samuel de Champlain","D10","ON.D10","11-10-15","11",7,32,25,14,7,0.5,1.8,1.34164078649987
595,"P","Ardoch","D8","ON.D8","10-10-15","",6,95,60,5,17,3.4,3.3,1.81659021245849
194,"P","Ardoch","D8","ON.D8","10-10-15","",6,16,1,4,2,0.5,1,1
112,"P","Ardoch","D8","ON.D8","10-10-15","20",2,2,2,2,0,0,0,0
231,"P","Ardoch","D8","ON.D8","10-10-15","9",0,37,37,6,15,2.5,2.25,1.5
191,"P","Ardoch","D8","ON.D8","10-10-15","4",0,50,45,5,2,0.4,0.333333333333333,0.577350269189626
566,"P","Ardoch","D8","ON.D8","10-10-15","",0,19,16,5,5,1,0.5,0.707106781186548
527,"P","Ardoch","D8","ON.D8","10-10-15","",0,53,52,7,32,4.57142857142857,2.33333333333333,1.52752523165195
143,"P","Ardoch","D8","ON.D8","10-10-15","12",12,100,90,5,0,0,NA,NA
592,"P","Ardoch","D8","ON.D8","10-10-15","",0,137,117,5,34,6.8,39.2,6.26099033699941
437,"M","Ferguson","M11","ON.M11","10-10-15","",0,40,0,5,0,0,0,0
210,"M","Ferguson","M11","ON.M11","10-10-15","",8,60,12,5,21,4.2,5.7,2.38746727726266
431,"M","Ferguson","M11","ON.M11","10-10-15","",9,130,125,5,10,2,5.5,2.34520787991171
188,"M","Ferguson","M11","ON.M11","10-10-15","",4,80,20,5,29,5.8,8.2,2.86356421265527
19,"M","Ferguson","M11","ON.M11","10-10-15","",0,160,5,3,4,1.33333333333333,5.33333333333333,2.3094010767585
685,"M","Ferguson","M11","ON.M11","10-10-15","",0,118,95,5,54,10.8,64.7,8.04363102087608
134,"M","Ferguson","M11","ON.M11","10-10-15","11",7,45,45,5,231,46.2,155.7,12.4779806058513
236,"M","Ferguson","M11","ON.M11","10-10-15","",4,135,120,5,248,49.6,158.3,12.5817327900413
146,"M","Ferguson","M11","ON.M11","10-10-15","30",3,75,35,6,0,0,NA,NA
750,"M","Ferguson","M11","ON.M11","10-10-15","20",7,100,2,2,12,6,2,1.4142135623731
744,"M","Ferguson","M11","ON.M11","10-10-15","25",0,8,4,5,12,2.4,5.3,2.30217288664427
573,"M","Ferguson","M11","ON.M11","10-10-15","",3,30,4,4,32,8,22,4.69041575982343
116,"M","Ferguson","M11","ON.M11","10-10-15","",4,30,4,3,13,4.33333333333333,56.3333333333333,7.50555349946514
16,"M","Ferguson","M11","ON.M11","10-10-15","",4,25,1,1,1,1,NA,NA
131,"M","Ferguson","M11","ON.M11","10-10-15","",0,50,2,2,5,2.5,12.5,3.53553390593274
226,"M","Ferguson","M11","ON.M11","10-10-15","",0,40,0,5,4,0.8,1.2,1.09544511501033
586,"M","Ferguson","M11","ON.M11","10-10-15","",3,28,24,5,95,19,NA,NA
125,"M","Ferguson","M11","ON.M11","10-10-15","",5,30,4,4,20,5,11.3333333333333,3.36650164612069
491,"M","Ferguson","M11","ON.M11","10-10-15","",3,28,6,5,50,10,15,3.87298334620742
533,"M","Ferguson","M11","ON.M11","10-10-15","",8,45,7,3,12,4,NA,NA
589,"M","Ferguson","M11","ON.M11","10-10-15","",4,25,20,5,186,37.2,64.7,8.04363102087608
596,"M","Ferguson","M11","ON.M11","10-10-15","",5,15,0,5,0,0,0,0
408,"M","Ferguson","M11","ON.M11","10-10-15","",3,28,0,5,0,0,0,0
101,"M","Ferguson","M11","ON.M11","10-10-15","",0,55,0,5,0,0,NA,NA
383,"M","Ferguson","M11","ON.M11","10-10-15","",3,25,0,5,7,1.4,9.8,3.13049516849971
440,"M","Ferguson","M11","ON.M11","10-10-15","",3,45,0,11,4,0.363636363636364,0.666666666666667,0.816496580927726
393,"M","Ferguson","M11","ON.M11","10-10-15","",5,45,0,5,0,0,0,0
355,"M","Ferguson","M11","ON.M11","10-10-15","",2,25,0,8,13,1.625,3.125,1.76776695296637
399,"M","Ferguson","M11","ON.M11","10-10-15","",6,40,0,0,0,0,NA,NA
428,"M","Ferguson","M11","ON.M11","10-10-15","",5,11,0,0,0,0,NA,NA
319,"M","Ferguson","M11","ON.M11","10-10-15","",5,12,12,5,93,18.6,372.8,19.3080294178355
354,"M","Ferguson","M11","ON.M11","10-10-15","",3,100,10,6,48,8,16,4
167,"M","Kagawong","M15","ON.M15","10-10-15","",4,75,75,5,87,17.4,24.8,4.97995983919549
532,"M","Kagawong","M15","ON.M15","10-10-15","",0,115,115,5,47,9.4,26.8,5.17687164221791
535,"P","Joes Lake","T13","ON.T13","09-10-15","15",15,29,13,6,27,4.5,12.3,3.50713558335004
562,"P","Joes Lake","T13","ON.T13","09-10-15","",15,49,48,5,59,11.8,NA,NA
652,"P","Joes Lake","T13","ON.T13","09-10-15","",7,60,52,7,62,8.85714285714286,330.333333333333,18.1750745069541
173,"P","Joes Lake","T13","ON.T13","09-10-15","",20,11,10,5,188,37.6,250.3,15.8208722894789
655,"P","Joes Lake","T13","ON.T13","09-10-15","",10,38,36,6,60,10,22,4.69041575982343
233,"P","Joes Lake","T13","ON.T13","09-10-15","",6,19,18,5,61,12.2,31,5.56776436283002
176,"P","Joes Lake","T13","ON.T13","09-10-15","",13,10,10,5,223,44.6,480.5,21.920310216783
544,"P","Joes Lake","T13","ON.T13","09-10-15","",7,6,6,5,4,0.8,1.2,1.09544511501033
205,"P","Joes Lake","T13","ON.T13","09-10-15","",5,8,8,5,38,7.6,26.3,5.12835256198323
396,"P","Joes Lake","T13","ON.T13","09-10-15","",6,9,1,9,0,0,NA,NA
79,"P","Joes Lake","T13","ON.T13","09-10-15","",12,9,0,5,63,12.6,303.8,17.4298594371842
714,"P","Joes Lake","T13","ON.T13","09-10-15","",8,8,6,5,28,5.6,17.3,4.15932686861708
113,"P","Joes Lake","T13","ON.T13","09-10-15","",7,14,0,5,1,0.2,0.2,0.447213595499958
711,"P","Joes Lake","T13","ON.T13","09-10-15","",10,70,30,5,0,0,0,0
154,"P","Joes Lake","T13","ON.T13","09-10-15","",8,45,43,5,99,19.8,174.7,13.2174127574197
606,"P","Joes Lake","T13","ON.T13","09-10-15","",10,77,77,5,54,10.8,9.2,3.03315017762062
197,"P","Joes Lake","T13","ON.T13","09-10-15","",10,50,50,5,48,9.6,19.3,4.39317652729776
22,"P","Joes Lake","T13","ON.T13","09-10-15","",10,55,55,5,77,15.4,27.3,5.22494019104525
267,"P","Joes Lake","T13","ON.T13","09-10-15","",3,55,55,5,82,16.4,113.3,10.6442472725881
695,"P","Joes Lake","T13","ON.T13","09-10-15","",12,55,50,5,62,12.4,64.3,8.01872807869178
92,"P","Joes Lake","T13","ON.T13","09-10-15","",0,20,20,5,121,24.2,115.7,10.7563934476199
644,"P","Joes Lake","T13","ON.T13","09-10-15","",0,80,0,5,0,0,NA,NA
160,"P","Joes Lake","T13","ON.T13","09-10-15","20",0,20,0,10,0,0,NA,NA
647,"P","Joes Lake","T13","ON.T13","09-10-15","5",0,3,3,3,19,6.33333333333333,17.3333333333333,4.16333199893227
208,"P","Joes Lake","T13","ON.T13","09-10-15","",0,3,2,2,29,14.5,60.5,7.77817459305202
689,"P","Joes Lake","T13","ON.T13","09-10-15","40",0,10,0,5,14,2.8,10.7,3.27108544675922
50,"P","Joes Lake","T13","ON.T13","09-10-15","",5,15,8,6,30,5,22,4.69041575982343
147,"P","Joes Lake","T13","ON.T13","09-10-15","",12,11,0,5,0,0,0,0
232,"P","Joes Lake","T13","ON.T13","09-10-15","",0,7,4,4,96,24,72.6666666666667,8.52447456836295
264,"P","Joes Lake","T13","ON.T13","09-10-15","",0,5,5,4,7,1.75,4.25,2.06155281280883
279,"P","Joes Lake","T13","ON.T13","09-10-15","",0,6,2,5,2,0.4,0.3,0.547722557505166
137,"P","Joes Lake","T13","ON.T13","09-10-15","45",0,12,7,7,50,7.14285714285714,8.47619047619048,2.911389784311
222,"P","Joes Lake","T13","ON.T13","09-10-15","20",0,6,1,1,11,11,NA,NA
480,"P","Joes Lake","T13","ON.T13","09-10-15","20",0,15,8,8,22,2.75,NA,NA
88,"P","Joes Lake","T13","ON.T13","09-10-15","",12,17,1,6,17,2.83333333333333,3.76666666666667,1.94079021706795
99,"M","Hindon bog","M6","ON.M6","24-10-15","",0,20,0,9,0,0,0,0
229,"M","Round Lake","M5","ON.M5","24-10-15","",NA,55,50,3,6,2,7,2.64575131106459
274,"M","Horseshoe Lake","M1","ON.M1","18-10-15","",NA,68,68,6,88,14.6666666666667,13.0666666666667,3.61478445646026
337,"M","Holland River","M12","ON.M12","15-10-15","",6,27,22,6,21,3.5,0.7,0.836660026534076
568,"M","Mud Lake","M3","ON.M3","16-10-15","",0,7,7,5,65,13,NA,NA
