"Envelope_ID","Type","PopName","Pop_ID","PopCode2","Date_collected","Clump_size","Secondary_branches","Flower_num","Fruit_num","Fruit_num_counted","Total_seeds_counted","Seeds_per_fruit","seed_counted_in_solo_fruit","Seed_var","Seed_stdev","Fertilized_not_viable"
1,"M","Jock River I","M8","ON.M8","2013-10-15","12",0,14,8,8,41,5.125,12,1,1,"Y"
2,"M","Corry Lake","M16","ON.M16","2011-10-15","",0,50,50,5,52,10.4,14,NA,NA,"Y"
3,"P","Loch Garry","T12","ON.T12","2023-10-15","",8,200,190,5,42,8.4,0,NA,NA,"N"
4,"P","Otty Lake","D7","ON.D7","2026-10-15","",18,140,140,5,24,4.8,0,NA,NA,"N"
5,"M","Hindon bog","M6","ON.M6","2024-10-15","",0,9,0,0,0,NA,NA,NA,NA,"N"
6,"P","Pumphouse Marsh","D9","ON.D9","2025-10-15","",7,195,195,8,352,44,352,135.714285714286,11.6496474502144,"N"
7,"M","Jock River I","M8","ON.M8","2013-10-15","20",0,80,80,12,180,15,0,NA,NA,"Y"
8,"P","Pumphouse Marsh","D9","ON.D9","2025-10-15","",14,280,280,5,165,33,165,19,4.35889894354067,"N"
9,"P","Bewdley A","D5","ON.D5","1930-10-15","",14,265,265,5,120,24,12,NA,NA,"N"
10,"P","Cow Bay QUBS","T6","EO.T6","2027-10-15","",12,135,135,2,28,14,0,NA,NA,"N"
11,"M","Jevins","M2","ON.M2","2025-10-15","",0,4,0,0,0,NA,NA,NA,NA,"N"
12,"M","Round Lake","M5","ON.M5","2024-10-15","15",18,50,50,6,29,4.83333333333333,29,6.2,2.48997991959775,"N"
13,"M","Constance Lake","M9","ON.M9","2013-10-15","",5,7,7,7,71,10.1428571428571,0,NA,NA,"N"
14,"P","Pumphouse Marsh","D9","ON.D9","2025-10-15","",14,345,345,5,155,31,0,NA,NA,"N"
15,"M","Jock River I","M8","ON.M8","2013-10-15","20",0,45,40,5,90,18,0,NA,NA,"Y"
16,"M","Ferguson","M11","ON.M11","2010-10-15","",4,25,1,1,1,1,1,NA,NA,"N"
17,"P","Loch Garry","T12","ON.T12","2023-10-15","20",0,30,30,4,37,9.25,0,NA,NA,"N"
18,"P","Rideau Bird Sanctuary","T17","ON.T16","2026-10-15","",0,55,0,0,0,NA,NA,NA,NA,"N"
19,"M","Ferguson","M11","ON.M11","2010-10-15","",0,160,5,1,4,4,4,NA,NA,"N"
20,"P","Loch Garry","T12","ON.T12","2023-10-15","8",0,28,28,3,15,5,15,12.5,3.53553390593274,"Y"
21,"M","Jevins","M2","ON.M2","2025-10-15","",0,8,0,1,5,5,5,NA,NA,"N"
22,"P","Joes Lake","T13","ON.T13","2009-10-15","",10,55,55,5,77,15.4,77,27.3,5.22494019104525,"N"
23,"M","Jevins","M2","ON.M2","2025-10-15","",0,15,7,4,16,4,0,NA,NA,"N"
25,"M","Constance Lake","M9","ON.M9","2013-10-15","",10,40,30,2,2,1,2,NA,NA,"Y"
26,"P","Loch Garry","T12","ON.T12","2023-10-15","4",18,50,50,0,0,NA,NA,NA,NA,"Y"
27,"M","Mud Lake","M3","ON.M3","2016-10-15","",0,23,1,5,47,9.4,0,NA,NA,"N"
28,"P","Otty Lake","D7","ON.D7","2026-10-15","",10,125,125,5,57,11.4,0,NA,NA,"N"
29,"P","Loch Garry","T12","ON.T12","2023-10-15","",5,80,80,4,105,26.25,0,NA,NA,"N"
30,"M","Jock River I","M8","ON.M8","2013-10-15","40",0,55,55,6,130,21.6666666666667,0,NA,NA,"N"
31,"M","Mud Lake","M3","ON.M3","2016-10-15","",0,5,3,4,50,12.5,50,51,7.14142842854285,"N"
33,"P","Loch Garry","T12","ON.T12","2023-10-15","",0,85,80,3,10,3.33333333333333,10,NA,NA,"N"
34,"P","Loch Garry","T12","ON.T12","2023-10-15","",5,60,60,5,263,52.6,263,373.8,19.3339080374352,"N"
35,"P","Cow Bay QUBS","T6","EO.T6","2027-10-15","",1,105,105,5,71,14.2,0,NA,NA,"N"
36,"P","Pumphouse Marsh","D9","ON.D9","2025-10-15","",8,130,130,6,464,77.3333333333333,464,2630.26666666667,51.2861254791846,"N"
37,"M","Corry Lake","M16","ON.M16","2011-10-15","",2,20,20,5,51,10.2,14,NA,NA,"N"
38,"P","Samuel de Champlain","D10","ON.D10","2011-10-15","",0,50,25,0,0,NA,NA,NA,NA,"N"
39,"P","Bewdley A","D5","ON.D5","1930-10-15","15",7,95,90,4,78,19.5,0,NA,NA,"Y"
40,"P","Bewdley A","D5","ON.D5","1930-10-15","4",12,5,5,4,20,5,20,9.33333333333333,3.05505046330389,"N"
41,"M","Jock River I","M8","ON.M8","2013-10-15","20",0,90,90,5,85,17,0,NA,NA,"N"
42,"M","Round Lake","M5","ON.M5","2024-10-15","",0,11,4,9,6,0.666666666666667,6,1,1,"N"
43,"M","Lac LaPeche","M10","ON.M10","2012-10-15","",0,25,25,7,41,5.85714285714286,41,12.4761904761905,3.53216512583861,"Y"
44,"M","Kagawong","M15","ON.M15","2010-10-15","",2,55,55,5,73,14.6,73,53.3,7.30068489937759,"N"
45,"M","Hindon bog","M6","ON.M6","2024-10-15","",0,22,0,0,0,NA,NA,NA,NA,"N"
46,"M","Horseshoe Lake","M1","ON.M1","2018-10-15","",0,55,55,5,84,16.8,84,29.7,5.44977063737548,"Y"
47,"M","Kagawong","M15","ON.M15","2010-10-15","",0,25,25,4,20,5,20,52.3333333333333,7.23417813807023,"N"
48,"M","Jock River I","M8","ON.M8","2013-10-15","20",0,25,25,4,88,22,0,NA,NA,"N"
49,"P","Loch Garry","T12","ON.T12","2023-10-15","10",0,12,12,5,61,12.2,4,NA,NA,"N"
50,"P","Joes Lake","T13","ON.T13","2009-10-15","",5,15,8,6,30,5,30,20,4.47213595499958,"N"
51,"P","Otty Lake","D7","ON.D7","2026-10-15","",6,189,189,5,153,30.6,0,NA,NA,"N"
52,"M","Horseshoe Lake","M1","ON.M1","2018-10-15","",0,95,95,6,71,11.8333333333333,71,12.9666666666667,3.60092580688171,"N"
53,"P","Otty Lake","D7","ON.D7","2026-10-15","",6,258,258,5,9,1.8,9,2.25,1.5,"N"
54,"M","Caledon","M4","ON.M4","2025-10-15","",6,55,25,5,23,4.6,23,14.25,3.77491721763537,"N"
55,"M","Lafarce","M14","ON.M14","2017-10-15","",0,10,10,5,42,8.4,42,15.3,3.91152144312159,"Y"
56,"M","Mud Lake","M3","ON.M3","2016-10-15","",0,35,30,5,37,7.4,0,NA,NA,"N"
58,"M","Jevins","M2","ON.M2","2025-10-15","",0,9,2,2,8,4,8,NA,NA,"N"
59,"M","Jock River I","M8","ON.M8","2013-10-15","12",9,45,45,21,530,25.2380952380952,40,2,1.4142135623731,"Y"
60,"M","Corry Lake","M16","ON.M16","2011-10-15","",3,85,85,5,6,1.2,6,1,1,"Y"
61,"M","Horseshoe Lake","M1","ON.M1","2018-10-15","",0,60,60,8,129,16.125,0,NA,NA,"N"
62,"P","Cow Bay QUBS","T6","EO.T6","2027-10-15","",10,140,140,2,71,35.5,0,NA,NA,"N"
63,"P","Pumphouse Marsh","D9","ON.D9","2025-10-15","",14,320,320,7,87,12.4285714285714,87,48.25,6.9462219947249,"N"
64,"M","Mud Lake","M3","ON.M3","2016-10-15","8",8,195,190,6,215,35.8333333333333,0,NA,NA,"N"
65,"P","Loch Garry","T12","ON.T12","2023-10-15","4",0,65,55,5,24,4.8,24,3.7,1.92353840616713,"N"
66,"P","Pumphouse Marsh","D9","ON.D9","2025-10-15","",4,88,88,4,119,29.75,0,NA,NA,"N"
67,"M","Jock River I","M8","ON.M8","2013-10-15","15",0,45,45,27,563,20.8518518518519,0,NA,NA,"N"
68,"M","Jock River I","M8","ON.M8","2013-10-15","30",0,130,125,5,93,18.6,0,NA,NA,"N"
69,"P","Loch Garry","T12","ON.T12","2023-10-15","20",0,9,9,5,82,16.4,82,38.3333333333333,6.1913918736689,"N"
70,"P","Bewdley A","D5","ON.D5","1930-10-15","12",0,55,55,5,131,26.2,0,NA,NA,"N"
71,"P","Samuel de Champlain","D10","ON.D10","2011-10-15","",3,12,0,0,0,NA,NA,NA,NA,"N"
72,"P","Bewdley A","D5","ON.D5","1930-10-15","20",9,20,20,5,153,30.6,0,NA,NA,"N"
73,"M","Jevins","M2","ON.M2","2025-10-15","",0,11,10,6,29,4.83333333333333,6,2,1.4142135623731,"N"
74,"M","Kagawong","M15","ON.M15","2010-10-15","",2,100,100,5,45,9,45,36,6,"N"
75,"M","Corry Lake","M16","ON.M16","2011-10-15","",3,13,12,6,42,7,0,NA,NA,"N"
76,"P","Cow Bay QUBS","T6","EO.T6","2027-10-15","",4,85,85,5,154,30.8,0,NA,NA,"N"
77,"P","Loch Garry","T12","ON.T12","2023-10-15","",9,230,225,5,63,12.6,63,56.25,7.5,"N"
78,"P","Rideau Bird Sanctuary","T17","ON.T16","2026-10-15","6",0,2,1,2,6,3,6,8,2.82842712474619,"N"
79,"P","Joes Lake","T13","ON.T13","2009-10-15","",12,9,0,5,63,12.6,63,24.5,4.94974746830583,"N"
80,"P","Samuel de Champlain","D10","ON.D10","2011-10-15","",2,35,0,0,0,NA,NA,NA,NA,"N"
81,"P","Loch Garry","T12","ON.T12","2023-10-15","",5,30,30,0,0,NA,NA,NA,NA,"Y"
82,"P","Cow Bay QUBS","T6","EO.T6","2027-10-15","",10,82,82,4,86,21.5,0,NA,NA,"N"
83,"P","Samuel de Champlain","D10","ON.D10","2011-10-15","",0,38,10,0,0,NA,NA,NA,NA,"N"
84,"M","Round Lake","M5","ON.M5","2024-10-15","",0,11,7,6,18,3,18,5.66666666666667,2.38047614284762,"N"
85,"M","Mud Lake","M3","ON.M3","2016-10-15","",0,75,60,6,74,12.3333333333333,11,NA,NA,"N"
86,"M","Lac LaPeche","M10","ON.M10","2012-10-15","",7,65,65,7,65,9.28571428571429,19,4.5,2.12132034355964,"Y"
87,"M","Caledon","M4","ON.M4","2025-10-15","",0,5,0,0,0,NA,NA,NA,NA,"Y"
88,"P","Joes Lake","T13","ON.T13","2009-10-15","",12,17,1,6,17,2.83333333333333,17,2.3,1.51657508881031,"N"
89,"P","Otty Lake","D7","ON.D7","2026-10-15","",0,35,35,5,109,21.8,0,NA,NA,"N"
91,"M","Mud Lake","M3","ON.M3","2016-10-15","",0,45,40,5,58,11.6,0,NA,NA,"N"
92,"P","Joes Lake","T13","ON.T13","2009-10-15","",0,20,20,5,121,24.2,121,115.7,10.7563934476199,"N"
93,"M","Corry Lake","M16","ON.M16","2011-10-15","",2,15,14,5,18,3.6,3,0,0,"N"
94,"M","Corry Lake","M16","ON.M16","2011-10-15","",8,70,70,10,108,10.8,0,NA,NA,"N"
95,"M","Round Lake","M5","ON.M5","2024-10-15","",0,10,6,4,11,2.75,11,4.25,2.06155281280883,"N"
96,"P","Pumphouse Marsh","D9","ON.D9","2025-10-15","",6,65,65,5,128,25.6,20,NA,NA,"N"
97,"P","Bewdley A","D5","ON.D5","1930-10-15","",7,30,30,6,151,25.1666666666667,0,NA,NA,"N"
98,"P","Cow Bay QUBS","T6","EO.T6","2027-10-15","",4,55,55,5,155,31,0,NA,NA,"N"
99,"M","Hindon bog","M6","ON.M6","2024-10-15","",0,20,0,0,0,NA,NA,NA,NA,"N"
100,"M","Hindon bog","M6","ON.M6","2024-10-15","",0,10,0,0,0,NA,NA,NA,NA,"N"
101,"M","Ferguson","M11","ON.M11","2010-10-15","",0,55,0,0,0,NA,NA,NA,NA,"N"
102,"P","Loch Garry","T12","ON.T12","2023-10-15","",0,75,75,5,257,51.4,257,149.3,12.2188379152847,"N"
103,"M","Corry Lake","M16","ON.M16","2011-10-15","",0,35,34,5,20,4,4,NA,NA,"N"
104,"P","Loch Garry","T12","ON.T12","2023-10-15","",0,85,85,5,50,10,21,NA,NA,"Y"
105,"M","Corry Lake","M16","ON.M16","2011-10-15","",5,30,30,8,62,7.75,0,NA,NA,"Y"
106,"P","Loch Garry","T12","ON.T12","2023-10-15","20",8,110,105,5,26,5.2,15,3,1.73205080756888,"N"
107,"M","Jevins","M2","ON.M2","2025-10-15","",7,21,7,7,79,11.2857142857143,20,36.3333333333333,6.02771377334171,"N"
108,"P","Pumphouse Marsh","D9","ON.D9","2025-10-15","",14,245,245,5,284,56.8,284,221.7,14.8895936814945,"N"
109,"P","Otty Lake","D7","ON.D7","2026-10-15","",10,125,125,4,54,13.5,16,2,1.4142135623731,"N"
110,"M","Constance Lake","M9","ON.M9","2013-10-15","",8,35,30,3,8,2.66666666666667,8,NA,NA,"N"
111,"M","Hindon bog","M6","ON.M6","2024-10-15","",0,19,0,0,0,NA,NA,NA,NA,"N"
112,"P","Ardoch","D8","ON.D8","2010-10-15","20",2,2,2,0,0,NA,NA,NA,NA,"N"
113,"P","Joes Lake","T13","ON.T13","2009-10-15","",7,14,0,4,1,0.25,1,NA,NA,"N"
114,"M","Hindon bog","M6","ON.M6","2024-10-15","",0,2,0,0,0,NA,NA,NA,NA,"N"
115,"M","Mud Lake","M3","ON.M3","2016-10-15","",0,55,45,4,43,10.75,0,NA,NA,"N"
116,"M","Ferguson","M11","ON.M11","2010-10-15","",4,30,4,3,13,4.33333333333333,13,NA,NA,"N"
117,"M","Round Lake","M5","ON.M5","2024-10-15","",0,20,15,6,26,4.33333333333333,26,5.86666666666667,2.42212028327799,"N"
118,"M","Jock River I","M8","ON.M8","2013-10-15","15",0,80,80,21,417,19.8571428571429,0,NA,NA,"Y"
119,"M","Constance Lake","M9","ON.M9","2013-10-15","",16,30,30,0,0,NA,NA,NA,NA,"Y"
120,"P","Bewdley A","D5","ON.D5","1930-10-15","5",0,87,85,5,76,15.2,0,NA,NA,"N"
121,"P","Cow Bay QUBS","T6","EO.T6","2027-10-15","",0,53,53,4,67,16.75,0,NA,NA,"N"
122,"M","Constance Lake","M9","ON.M9","2013-10-15","",8,21,11,0,0,NA,NA,NA,NA,"Y"
123,"P","Pumphouse Marsh","D9","ON.D9","2025-10-15","",10,180,180,5,120,24,0,NA,NA,"N"
124,"P","Loch Garry","T12","ON.T12","2023-10-15","10",4,60,60,3,17,5.66666666666667,17,40.5,6.36396103067893,"Y"
125,"M","Ferguson","M11","ON.M11","2010-10-15","",5,30,4,4,20,5,20,11.3333333333333,3.36650164612069,"N"
126,"P","Loch Garry","T12","ON.T12","2023-10-15","",7,50,50,5,41,8.2,0,NA,NA,"N"
127,"P","Bewdley A","D5","ON.D5","1930-10-15","",6,125,125,5,218,43.6,0,NA,NA,"N"
128,"M","Corry Lake","M16","ON.M16","2011-10-15","",3,30,30,8,69,8.625,0,NA,NA,"Y"
129,"M","Round Lake","M5","ON.M5","2024-10-15","",6,65,50,0,0,NA,NA,NA,NA,"Y"
130,"P","Rideau Bird Sanctuary","T17","ON.T16","2026-10-15","",6,50,50,2,30,15,30,8,2.82842712474619,"N"
131,"M","Ferguson","M11","ON.M11","2010-10-15","",0,50,2,1,5,5,5,NA,NA,"N"
132,"P","Loch Garry","T12","ON.T12","2023-10-15","",0,95,95,0,0,NA,NA,NA,NA,"Y"
133,"P","Loch Garry","T12","ON.T12","2023-10-15","4",3,45,45,5,88,17.6,88,46.3,6.8044103344816,"N"
134,"M","Ferguson","M11","ON.M11","2010-10-15","11",7,45,45,5,231,46.2,231,155.7,12.4779806058513,"N"
135,"M","Corry Lake","M16","ON.M16","2011-10-15","",10,15,15,4,16,4,16,14.3333333333333,3.78593889720018,"N"
136,"M","Lac LaPeche","M10","ON.M10","2012-10-15","",13,175,175,5,45,9,45,2.5,1.58113883008419,"Y"
137,"P","Joes Lake","T13","ON.T13","2009-10-15","45",0,12,7,7,50,7.14285714285714,50,8.47619047619048,2.911389784311,"N"
138,"M","Round Lake","M5","ON.M5","2024-10-15","",0,22,13,4,14,3.5,7,4.5,2.12132034355964,"Y"
139,"M","Kagawong","M15","ON.M15","2010-10-15","",6,12,8,5,48,9.6,48,22.3,4.72228758124704,"N"
140,"M","Constance Lake","M9","ON.M9","2013-10-15","",14,75,75,5,272,54.4,0,NA,NA,"N"
141,"M","Round Lake","M5","ON.M5","2024-10-15","",0,2,2,2,1,0.5,1,NA,NA,"N"
142,"M","Kagawong","M15","ON.M15","2010-10-15","",2,100,100,5,78,15.6,78,21.3,4.61519230368573,"N"
143,"P","Ardoch","D8","ON.D8","2010-10-15","12",12,100,90,0,0,NA,NA,NA,NA,"Y"
144,"M","Round Lake","M5","ON.M5","2024-10-15","",0,11,9,5,104,20.8,104,498,22.3159136044214,"N"
145,"M","Kagawong","M15","ON.M15","2010-10-15","",4,14,14,5,24,4.8,24,11.7,3.42052627529741,"N"
146,"M","Ferguson","M11","ON.M11","2010-10-15","30",3,75,35,0,0,NA,NA,NA,NA,"Y"
147,"P","Joes Lake","T13","ON.T13","2009-10-15","",12,11,0,0,0,NA,NA,NA,NA,"Y"
148,"M","Jock River I","M8","ON.M8","2013-10-15","40",0,150,150,16,224,14,49,64.3333333333333,8.02080627701064,"Y"
149,"M","Constance Lake","M9","ON.M9","2013-10-15","",10,80,80,3,5,1.66666666666667,5,NA,NA,"N"
150,"P","Pumphouse Marsh","D9","ON.D9","2025-10-15","",8,500,500,5,154,30.8,154,109.7,10.4737767782209,"N"
151,"M","Mud Lake","M3","ON.M3","2016-10-15","",0,30,27,5,45,9,0,NA,NA,"N"
152,"P","Cow Bay QUBS","T6","EO.T6","2027-10-15","",3,45,45,5,81,16.2,0,NA,NA,"N"
153,"M","Round Lake","M5","ON.M5","2024-10-15","",5,105,105,4,17,4.25,0,NA,NA,"N"
154,"P","Joes Lake","T13","ON.T13","2009-10-15","",8,45,43,5,99,19.8,99,174.7,13.2174127574197,"N"
155,"P","Samuel de Champlain","D10","ON.D10","2011-10-15","",0,8,1,4,1,0.25,1,NA,NA,"N"
156,"P","Loch Garry","T12","ON.T12","2023-10-15","10",8,45,43,5,228,45.6,228,265.3,16.2880324164707,"N"
157,"M","Kagawong","M15","ON.M15","2010-10-15","",0,35,35,5,82,16.4,82,8.3,2.88097205817759,"N"
158,"M","Corry Lake","M16","ON.M16","2011-10-15","",2,20,20,5,28,5.6,28,3.3,1.81659021245849,"N"
159,"P","Bewdley A","D5","ON.D5","1930-10-15","",5,85,85,3,21,7,4,NA,NA,"N"
160,"P","Joes Lake","T13","ON.T13","2009-10-15","20",0,20,0,0,0,NA,NA,NA,NA,"N"
161,"M","Kagawong","M15","ON.M15","2010-10-15","",0,200,200,5,20,4,20,7,2.64575131106459,"N"
162,"M","Jevins","M2","ON.M2","2025-10-15","",0,5,0,1,1,1,1,NA,NA,"N"
163,"M","Jevins","M2","ON.M2","2025-10-15","",0,10,3,2,9,4.5,0,NA,NA,"N"
164,"M","Kagawong","M15","ON.M15","2010-10-15","",2,80,80,5,67,13.4,67,41.3,6.42650760522385,"N"
165,"M","Corry Lake","M16","ON.M16","2011-10-15","",0,5,3,2,14,7,14,8,2.82842712474619,"N"
166,"P","Samuel de Champlain","D10","ON.D10","2011-10-15","41",0,5,4,4,2,0.5,2,NA,NA,"N"
167,"M","Kagawong","M15","ON.M15","2010-10-15","",4,75,75,5,87,17.4,87,24.8,4.97995983919549,"N"
168,"P","Bewdley A","D5","ON.D5","1930-10-15","12",9,38,38,5,122,24.4,3,NA,NA,"N"
169,"P","Samuel de Champlain","D10","ON.D10","2011-10-15","",2,7,0,0,0,NA,NA,NA,NA,"Y"
170,"M","Kagawong","M15","ON.M15","2010-10-15","",2,115,115,5,63,12.6,63,2.3,1.51657508881031,"N"
171,"M","Corry Lake","M16","ON.M16","2011-10-15","",2,8,5,4,4,1,0,NA,NA,"N"
172,"M","Lac LaPeche","M10","ON.M10","2012-10-15","",0,26,25,5,24,4.8,24,0.2,0.447213595499958,"Y"
173,"P","Joes Lake","T13","ON.T13","2009-10-15","",20,11,10,5,188,37.6,188,250.3,15.8208722894789,"N"
174,"P","Rideau Bird Sanctuary","T17","ON.T16","2026-10-15","",0,36,36,4,67,16.75,0,NA,NA,"N"
175,"M","Lac LaPeche","M10","ON.M10","2012-10-15","",16,145,145,6,35,5.83333333333333,35,2.56666666666667,1.60208197875972,"N"
176,"P","Joes Lake","T13","ON.T13","2009-10-15","",13,10,10,5,223,44.6,81,480.5,21.920310216783,"N"
177,"M","Caledon","M4","ON.M4","2025-10-15","",0,4,4,0,0,NA,NA,NA,NA,"N"
178,"M","Jevins","M2","ON.M2","2025-10-15","",0,9,0,0,0,NA,NA,NA,NA,"N"
179,"M","Mud Lake","M3","ON.M3","2016-10-15","",0,15,10,5,38,7.6,4,2,1.4142135623731,"N"
180,"P","Rideau Bird Sanctuary","T17","ON.T16","2026-10-15","",8,110,110,5,316,63.2,189,79,8.88819441731559,"N"
181,"P","Otty Lake","D7","ON.D7","2026-10-15","",2,170,170,4,12,3,12,2,1.4142135623731,"N"
182,"M","Corry Lake","M16","ON.M16","2011-10-15","",3,55,55,5,21,4.2,0,NA,NA,"N"
183,"M","Round Lake","M5","ON.M5","2024-10-15","",0,23,15,5,18,3.6,18,12.3333333333333,3.51188458428425,"N"
184,"M","Horseshoe Lake","M1","ON.M1","2018-10-15","",0,30,30,7,67,9.57142857142857,67,4.95238095238095,2.22539456105675,"Y"
185,"P","Cow Bay QUBS","T6","EO.T6","2027-10-15","6",8,37,37,6,263,43.8333333333333,0,NA,NA,"N"
186,"P","Loch Garry","T12","ON.T12","2023-10-15","",0,45,40,6,120,20,82,394.333333333333,19.8578280114753,"N"
187,"M","Barrie","M13","ON.M13","2017-10-15","",0,60,55,6,128,21.3333333333333,0,NA,NA,"N"
188,"M","Ferguson","M11","ON.M11","2010-10-15","",4,80,20,5,29,5.8,29,8.2,2.86356421265527,"N"
189,"P","Bewdley A","D5","ON.D5","1930-10-15","",10,100,100,6,192,32,170,NA,NA,"N"
190,"M","Horseshoe Lake","M1","ON.M1","2018-10-15","",0,68,68,5,149,29.8,149,51.7,7.19027120489902,"Y"
191,"P","Ardoch","D8","ON.D8","2010-10-15","4",0,50,45,4,2,0.5,2,0,0,"N"
192,"P","Bewdley A","D5","ON.D5","1930-10-15","6",0,35,35,5,27,5.4,27,9.8,3.13049516849971,"N"
193,"M","Hindon bog","M6","ON.M6","2024-10-15","",10,42,0,0,0,NA,NA,NA,NA,"Y"
194,"P","Ardoch","D8","ON.D8","2010-10-15","",6,16,1,2,2,1,2,NA,NA,"Y"
195,"P","Rideau Bird Sanctuary","T17","ON.T16","2026-10-15","",0,55,55,6,228,38,144,129,11.3578166916005,"N"
196,"P","Samuel de Champlain","D10","ON.D10","2011-10-15","50",0,100,0,2,2,1,2,NA,NA,"N"
197,"P","Joes Lake","T13","ON.T13","2009-10-15","",10,50,50,5,48,9.6,48,19.3,4.39317652729776,"Y"
198,"M","Caledon","M4","ON.M4","2025-10-15","",0,22,7,5,41,8.2,41,29.7,5.44977063737548,"N"
199,"P","Samuel de Champlain","D10","ON.D10","2011-10-15","",0,20,1,0,0,NA,NA,NA,NA,"N"
200,"M","Corry Lake","M16","ON.M16","2011-10-15","",4,55,55,13,103,7.92307692307692,0,NA,NA,"Y"
201,"M","Jevins","M2","ON.M2","2025-10-15","",0,35,10,10,57,5.7,57,182.125,13.4953695762658,"N"
202,"M","Constance Lake","M9","ON.M9","2013-10-15","",8,10,7,5,149,29.8,149,152.916666666667,12.3659478676997,"N"
203,"M","Mud Lake","M3","ON.M3","2016-10-15","",0,4,0,0,0,NA,NA,NA,NA,"N"
204,"M","Constance Lake","M9","ON.M9","2013-10-15","",9,20,20,7,210,30,24,50,7.07106781186548,"Y"
205,"P","Joes Lake","T13","ON.T13","2009-10-15","",5,8,8,5,38,7.6,38,26.3,5.12835256198323,"N"
206,"M","Mud Lake","M3","ON.M3","2016-10-15","8",0,6,2,2,3,1.5,0,NA,NA,"N"
207,"M","Constance Lake","M9","ON.M9","2013-10-15","",13,25,0,0,0,NA,NA,NA,NA,"N"
208,"P","Joes Lake","T13","ON.T13","2009-10-15","",0,3,2,2,29,14.5,29,60.5,7.77817459305202,"N"
209,"P","Loch Garry","T12","ON.T12","2023-10-15","7",0,12,11,6,33,5.5,33,10.7,3.27108544675922,"N"
210,"M","Ferguson","M11","ON.M11","2010-10-15","",8,60,12,5,21,4.2,21,5.7,2.38746727726266,"N"
211,"P","Cow Bay QUBS","T6","EO.T6","2027-10-15","3",0,58,58,3,104,34.6666666666667,0,NA,NA,"N"
212,"M","Corry Lake","M16","ON.M16","2011-10-15","",2,10,10,6,18,3,0,NA,NA,"Y"
213,"M","Round Lake","M5","ON.M5","2024-10-15","",0,3,3,3,5,1.66666666666667,5,0.333333333333333,0.577350269189626,"N"
214,"M","Jevins","M2","ON.M2","2025-10-15","",0,3,2,1,1,1,1,NA,NA,"Y"
215,"P","Cow Bay QUBS","T6","EO.T6","2027-10-15","",9,150,150,5,186,37.2,0,NA,NA,"N"
216,"P","Pumphouse Marsh","D9","ON.D9","2025-10-15","",0,105,105,5,91,18.2,42,0,0,"N"
217,"P","Bewdley A","D5","ON.D5","1930-10-15","12",10,165,165,6,211,35.1666666666667,54,200,14.142135623731,"N"
218,"P","Samuel de Champlain","D10","ON.D10","2011-10-15","8",0,10,0,0,0,NA,NA,NA,NA,"Y"
219,"M","Hindon bog","M6","ON.M6","2024-10-15","",0,4,4,0,0,NA,NA,NA,NA,"N"
220,"P","Loch Garry","T12","ON.T12","2023-10-15","",11,125,125,6,90,15,26,NA,NA,"N"
221,"P","Samuel de Champlain","D10","ON.D10","2011-10-15","16",0,11,1,5,2,0.4,2,NA,NA,"N"
222,"P","Joes Lake","T13","ON.T13","2009-10-15","20",0,6,1,1,11,11,11,NA,NA,"N"
223,"M","Round Lake","M5","ON.M5","2024-10-15","",0,20,15,5,41,8.2,7,0.5,0.707106781186548,"N"
224,"M","Kagawong","M15","ON.M15","2010-10-15","",2,25,25,5,40,8,40,15.5,3.93700393700591,"N"
225,"P","Bewdley A","D5","ON.D5","1930-10-15","",17,425,425,5,120,24,0,NA,NA,"N"
226,"M","Ferguson","M11","ON.M11","2010-10-15","",0,40,0,5,4,0.8,4,0,0,"N"
227,"P","Samuel de Champlain","D10","ON.D10","2011-10-15","14",0,1,1,0,0,NA,NA,NA,NA,"N"
228,"M","Jevins","M2","ON.M2","2025-10-15","",0,1,1,1,8,8,8,NA,NA,"N"
229,"M","Round Lake","M5","ON.M5","2024-10-15","",NA,55,50,2,6,3,6,8,2.82842712474619,"N"
230,"P","Samuel de Champlain","D10","ON.D10","2011-10-15","",7,80,26,0,0,NA,NA,NA,NA,"Y"
231,"P","Ardoch","D8","ON.D8","2010-10-15","9",0,37,37,6,15,2.5,11,2.25,1.5,"Y"
232,"P","Joes Lake","T13","ON.T13","2009-10-15","",0,7,4,4,96,24,96,72.6666666666667,8.52447456836295,"Y"
233,"P","Joes Lake","T13","ON.T13","2009-10-15","",6,19,18,5,61,12.2,30,31,5.56776436283002,"N"
234,"M","Caledon","M4","ON.M4","2025-10-15","",0,5,0,0,0,NA,NA,NA,NA,"N"
235,"M","Lac LaPeche","M10","ON.M10","2012-10-15","",6,5,5,4,26,6.5,26,6.33333333333333,2.51661147842358,"Y"
236,"M","Ferguson","M11","ON.M11","2010-10-15","",4,135,120,5,248,49.6,248,158.3,12.5817327900413,"N"
237,"M","Jevins","M2","ON.M2","2025-10-15","",8,18,5,3,6,2,6,1,1,"N"
238,"P","Samuel de Champlain","D10","ON.D10","2011-10-15","",2,1,1,1,3,3,3,NA,NA,"N"
239,"M","Mud Lake","M3","ON.M3","2016-10-15","8",0,11,0,5,12,2.4,12,7.33333333333333,2.70801280154532,"Y"
240,"P","Otty Lake","D7","ON.D7","2026-10-15","",8,205,205,5,16,3.2,0,NA,NA,"N"
241,"M","Jevins","M2","ON.M2","2025-10-15","",0,37,13,6,21,3.5,0,NA,NA,"N"
242,"P","Otty Lake","D7","ON.D7","2026-10-15","",0,95,95,6,25,4.16666666666667,0,NA,NA,"N"
243,"M","Hindon bog","M6","ON.M6","2024-10-15","",0,19,0,0,0,NA,NA,NA,NA,"N"
244,"M","Round Lake","M5","ON.M5","2024-10-15","",0,60,50,5,46,9.2,11,0.5,0.707106781186548,"N"
245,"M","Horseshoe Lake","M1","ON.M1","2018-10-15","",0,25,25,6,114,19,114,204.8,14.3108350559987,"Y"
246,"M","Hindon bog","M6","ON.M6","2024-10-15","",6,50,45,5,217,43.4,217,45.5833333333333,6.7515430335097,"N"
247,"M","Jock River I","M8","ON.M8","2013-10-15","30",7,12,12,5,89,17.8,0,NA,NA,"N"
249,"M","Jevins","M2","ON.M2","2025-10-15","",6,16,2,2,17,8.5,0,NA,NA,"N"
250,"P","Bewdley A","D5","ON.D5","1930-10-15","",8,155,150,5,54,10.8,0,NA,NA,"N"
252,"P","Pumphouse Marsh","D9","ON.D9","2025-10-15","",2,134,134,6,158,26.3333333333333,0,NA,NA,"N"
253,"P","Scugog","D2","ON.D2","2026-10-15","15",8,45,40,5,30,6,30,14,3.74165738677394,"N"
255,"M","Hindon bog","M6","ON.M6","2024-10-15","",0,3,0,0,0,NA,NA,NA,NA,"N"
256,"P","Scugog","D2","ON.D2","2026-10-15","",0,90,90,5,38,7.6,6,NA,NA,"N"
258,"M","Constance Lake","M9","ON.M9","2013-10-15","",13,3,3,3,41,13.6666666666667,0,NA,NA,"Y"
259,"P","Black River ","T14","ON.T14","2015-10-15","",4,75,75,1,3,3,3,NA,NA,"Y"
260,"P","Samuel de Champlain","D10","ON.D10","2011-10-15","",0,6,0,0,0,NA,NA,NA,NA,"N"
261,"M","Jock River I","M8","ON.M8","2013-10-15","25",20,20,20,5,52,10.4,52,37.8,6.14817045957576,"N"
262,"M","Barrie","M13","ON.M13","2017-10-15","",0,60,60,5,72,14.4,30,0,0,"Y"
263,"M","Lac LaPeche","M10","ON.M10","2012-10-15","",0,65,65,7,43,6.14285714285714,43,6.80952380952381,2.60950643025148,"Y"
264,"P","Joes Lake","T13","ON.T13","2009-10-15","",0,5,5,2,7,3.5,7,0.5,0.707106781186548,"N"
265,"M","Barrie","M13","ON.M13","2017-10-15","",0,16,15,0,0,NA,NA,NA,NA,"Y"
266,"P","Otty Lake","D7","ON.D7","2026-10-15","20",11,100,100,5,26,5.2,0,NA,NA,"N"
267,"P","Joes Lake","T13","ON.T13","2009-10-15","",3,55,55,5,82,16.4,82,113.3,10.6442472725881,"Y"
268,"M","Lafarce","M14","ON.M14","2017-10-15","",0,3,3,3,24,8,24,4,2,"Y"
269,"M","Mud Lake","M3","ON.M3","2016-10-15","6",3,10,8,5,55,11,2,NA,NA,"Y"
270,"P","Otty Lake","D7","ON.D7","2026-10-15","4",0,109,109,5,14,2.8,1,NA,NA,"N"
271,"M","Lafarce","M14","ON.M14","2017-10-15","",0,26,26,6,58,9.66666666666667,58,11.0666666666667,3.32665998663324,"Y"
272,"P","Otty Lake","D7","ON.D7","2026-10-15","8",0,36,36,4,37,9.25,4,NA,NA,"N"
273,"M","Round Lake","M5","ON.M5","2024-10-15","",6,8,0,1,1,1,1,NA,NA,"N"
274,"M","Horseshoe Lake","M1","ON.M1","2018-10-15","",NA,68,68,6,88,14.6666666666667,88,13.0666666666667,3.61478445646026,"N"
275,"P","Cow Bay QUBS","T6","EO.T6","2027-10-15","6",0,67,67,5,105,21,0,NA,NA,"N"
276,"M","Hindon bog","M6","ON.M6","2024-10-15","",0,10,0,0,0,NA,NA,NA,NA,"N"
277,"M","Jevins","M2","ON.M2","2025-10-15","",7,13,1,2,8,4,8,NA,NA,"N"
278,"M","Lafarce","M14","ON.M14","2017-10-15","",0,12,10,5,20,4,20,1.5,1.22474487139159,"N"
279,"P","Joes Lake","T13","ON.T13","2009-10-15","",0,6,2,2,2,1,2,0,0,"N"
280,"M","Holland River","M12","ON.M12","2015-10-15","",13,85,85,5,92,18.4,92,34.8,5.89915248150105,"N"
281,"M","Barrie","M13","ON.M13","2017-10-15","",4,60,60,5,67,13.4,67,8.3,2.88097205817759,"Y"
282,"M","Constance Lake","M9","ON.M9","2013-10-15","",10,35,20,0,0,NA,NA,NA,NA,"N"
284,"M","Holland River","M12","ON.M12","2015-10-15","",4,45,45,0,0,NA,NA,NA,NA,"Y"
285,"P","Scugog","D2","ON.D2","2026-10-15","8",0,50,49,5,90,18,33,60.5,7.77817459305202,"N"
287,"M","Holland River","M12","ON.M12","2015-10-15","30",2,21,21,5,23,4.6,23,3.3,1.81659021245849,"N"
288,"M","Jevins","M2","ON.M2","2025-10-15","",0,21,20,7,21,3,21,1.66666666666667,1.29099444873581,"N"
289,"P","Scugog","D2","ON.D2","2026-10-15","6",0,65,60,5,70,14,70,16.5,4.06201920231798,"N"
290,"M","Holland River","M12","ON.M12","2015-10-15","",10,185,185,6,42,7,0,NA,NA,"N"
291,"P","Scugog","D2","ON.D2","2026-10-15","4",0,15,15,0,0,NA,NA,NA,NA,"N"
292,"P","Black River ","T14","ON.T14","2015-10-15","",14,20,20,4,111,27.75,111,150.25,12.2576506721313,"N"
293,"M","Barrie","M13","ON.M13","2017-10-15","",0,28,28,5,92,18.4,56,0.333333333333333,0.577350269189626,"N"
294,"P","Scugog","D2","ON.D2","2026-10-15","6",5,65,60,5,68,13.6,68,10.3,3.20936130717624,"N"
295,"M","Barrie","M13","ON.M13","2017-10-15","",0,23,23,6,122,20.3333333333333,19,NA,NA,"N"
296,"M","Lac LaPeche","M10","ON.M10","2012-10-15","",15,46,46,5,58,11.6,58,11.3,3.36154726279432,"Y"
297,"M","Lafarce","M14","ON.M14","2017-10-15","",0,23,23,5,33,6.6,33,7.3,2.70185121722126,"Y"
298,"M","Hindon bog","M6","ON.M6","2024-10-15","",0,13,0,0,0,NA,NA,NA,NA,"N"
300,"M","Kagawong","M15","ON.M15","2010-10-15","",2,150,150,5,44,8.8,44,27.7,5.26307894677631,"N"
301,"M","Kagawong","M15","ON.M15","2010-10-15","",0,100,100,5,14,2.8,14,4.7,2.16794833886788,"N"
302,"P","Otty Lake","D7","ON.D7","2026-10-15","",10,80,80,5,42,8.4,42,8.8,2.96647939483827,"N"
303,"M","Round Lake","M5","ON.M5","2024-10-15","3",0,6,0,0,0,NA,NA,NA,NA,"N"
304,"M","Jevins","M2","ON.M2","2025-10-15","",0,6,3,3,4,1.33333333333333,4,0.333333333333333,0.577350269189626,"N"
305,"P","Pumphouse Marsh","D9","ON.D9","2025-10-15","",16,210,210,3,7,2.33333333333333,7,NA,NA,"Y"
306,"P","Pumphouse Marsh","D9","ON.D9","2025-10-15","",10,295,295,7,314,44.8571428571429,0,NA,NA,"N"
307,"P","Bewdley A","D5","ON.D5","1930-10-15","",8,210,210,4,80,20,0,NA,NA,"N"
308,"P","Cow Bay QUBS","T6","EO.T6","2027-10-15","4",0,10,10,5,151,30.2,0,NA,NA,"N"
309,"P","Pumphouse Marsh","D9","ON.D9","2025-10-15","",0,55,55,5,218,43.6,218,117.8,10.8535708409721,"N"
310,"M","Round Lake","M5","ON.M5","2024-10-15","",3,90,85,5,24,4.8,24,7.7,2.77488738510232,"N"
311,"M","Kagawong","M15","ON.M15","2010-10-15","",3,40,40,5,59,11.8,59,21.7,4.65832587954085,"N"
312,"M","Hindon bog","M6","ON.M6","2024-10-15","",0,8,0,0,0,NA,NA,NA,NA,"N"
313,"P","Bewdley A","D5","ON.D5","1930-10-15","",10,80,80,6,130,21.6666666666667,0,NA,NA,"N"
314,"P","Scugog","D2","ON.D2","2026-10-15","12",0,60,60,5,198,39.6,198,70.8,8.41427358718505,"N"
315,"P","Loch Garry","T12","ON.T12","2023-10-15","10",0,40,38,0,0,NA,NA,NA,NA,"Y"
316,"M","Constance Lake","M9","ON.M9","2013-10-15","",13,35,30,4,30,7.5,30,52,7.21110255092798,"N"
317,"M","Holland River","M12","ON.M12","2015-10-15","",12,365,365,5,26,5.2,26,7.7,2.77488738510232,"N"
318,"M","Corry Lake","M16","ON.M16","2011-10-15","",0,20,18,7,45,6.42857142857143,0,NA,NA,"Y"
319,"M","Ferguson","M11","ON.M11","2010-10-15","",5,12,12,5,93,18.6,93,169,13,"N"
320,"P","Black River ","T14","ON.T14","2015-10-15","",20,35,35,5,86,17.2,86,126.2,11.2338773359869,"Y"
321,"P","Pumphouse Marsh","D9","ON.D9","2025-10-15","",4,40,40,5,159,31.8,159,46.2,6.79705818718657,"N"
322,"M","Constance Lake","M9","ON.M9","2013-10-15","",18,110,110,0,0,NA,NA,NA,NA,"Y"
323,"M","Holland River","M12","ON.M12","2015-10-15","",10,95,95,5,12,2.4,12,0.3,0.547722557505166,"Y"
324,"M","Hindon bog","M6","ON.M6","2024-10-15","",0,13,0,0,0,NA,NA,NA,NA,"N"
325,"M","Lac LaPeche","M10","ON.M10","2012-10-15","",35,540,540,25,237,9.48,0,NA,NA,"N"
326,"M","Barrie","M13","ON.M13","2017-10-15","",0,40,35,5,92,18.4,59,9.33333333333333,3.05505046330389,"N"
327,"P","Pumphouse Marsh","D9","ON.D9","2025-10-15","",10,230,230,5,141,28.2,78,4,2,"N"
328,"M","Corry Lake","M16","ON.M16","2011-10-15","",5,30,30,9,98,10.8888888888889,0,NA,NA,"Y"
329,"M","Lafarce","M14","ON.M14","2017-10-15","",0,12,3,3,14,4.66666666666667,14,4.33333333333333,2.08166599946613,"N"
330,"P","Pumphouse Marsh","D9","ON.D9","2025-10-15","",0,105,105,5,204,40.8,0,NA,NA,"N"
331,"P","Otty Lake","D7","ON.D7","2026-10-15","",0,87,87,5,38,7.6,0,NA,NA,"N"
333,"M","Round Lake","M5","ON.M5","2024-10-15","",0,21,15,5,20,4,20,4,2,"N"
334,"P","Loch Garry","T12","ON.T12","2023-10-15","",6,190,180,0,0,NA,NA,NA,NA,"Y"
335,"M","Horseshoe Lake","M1","ON.M1","2018-10-15","",0,12,12,5,64,12.8,64,33.7,5.80517010948,"Y"
336,"P","Pumphouse Marsh","D9","ON.D9","2025-10-15","",3,90,90,5,167,33.4,0,NA,NA,"N"
337,"M","Holland River","M12","ON.M12","2015-10-15","",6,27,22,6,21,3.5,21,0.7,0.836660026534076,"Y"
338,"M","Holland River","M12","ON.M12","2015-10-15","",9,230,230,5,76,15.2,33,40.5,6.36396103067893,"N"
339,"M","Jevins","M2","ON.M2","2025-10-15","",0,4,1,4,12,3,12,13,3.60555127546399,"N"
340,"P","Black River ","T14","ON.T14","2015-10-15","3",0,55,55,4,94,23.5,94,121.666666666667,11.0302614051829,"N"
341,"M","Holland River","M12","ON.M12","2015-10-15","",12,30,30,5,29,5.8,29,4.7,2.16794833886788,"N"
342,"M","Jevins","M2","ON.M2","2025-10-15","",0,18,9,10,47,4.7,3,NA,NA,"N"
343,"M","Hindon bog","M6","ON.M6","2024-10-15","",6,6,0,0,0,NA,NA,NA,NA,"N"
344,"M","Barrie","M13","ON.M13","2017-10-15","",9,33,33,5,101,20.2,101,22.2,4.7116875957559,"N"
345,"M","Caledon","M4","ON.M4","2025-10-15","",0,4,0,0,0,NA,NA,NA,NA,"N"
346,"P","Bewdley A","D5","ON.D5","1930-10-15","",10,330,310,7,95,13.5714285714286,0,NA,NA,"N"
347,"M","Barrie","M13","ON.M13","2017-10-15","",0,17,17,5,76,15.2,76,17.2,4.14728827066554,"N"
348,"P","Pumphouse Marsh","D9","ON.D9","2025-10-15","",0,23,20,6,101,16.8333333333333,0,NA,NA,"N"
349,"M","Jevins","M2","ON.M2","2025-10-15","",8,7,3,3,11,3.66666666666667,11,4.33333333333333,2.08166599946613,"N"
350,"M","Barrie","M13","ON.M13","2017-10-15","",0,70,70,6,77,12.8333333333333,77,56.5666666666667,7.52108148251744,"Y"
351,"M","Jevins","M2","ON.M2","2025-10-15","",0,8,2,2,3,1.5,3,0.5,0.707106781186548,"N"
352,"M","Lafarce","M14","ON.M14","2017-10-15","",0,15,15,5,44,8.8,17,4.5,2.12132034355964,"N"
353,"P","Samuel de Champlain","D10","ON.D10","2011-10-15","36",0,50,25,5,2,0.4,2,0,0,"N"
354,"M","Ferguson","M11","ON.M11","2010-10-15","",3,100,10,6,48,8,48,16,4,"N"
355,"M","Ferguson","M11","ON.M11","2010-10-15","",2,25,0,8,13,1.625,13,2.3,1.51657508881031,"N"
356,"P","Otty Lake","D7","ON.D7","2026-10-15","",0,127,127,5,33,6.6,0,NA,NA,"N"
357,"M","Jock River I","M8","ON.M8","2013-10-15","20",0,90,88,6,97,16.1666666666667,0,NA,NA,"N"
358,"M","Round Lake","M5","ON.M5","2024-10-15","",0,33,14,6,16,2.66666666666667,2,NA,NA,"N"
359,"P","Cow Bay QUBS","T6","EO.T6","2027-10-15","",0,100,100,5,152,30.4,0,NA,NA,"N"
360,"P","Cow Bay QUBS","T6","EO.T6","2027-10-15","",6,229,229,4,158,39.5,0,NA,NA,"N"
361,"M","Corry Lake","M16","ON.M16","2011-10-15","",0,24,21,7,24,3.42857142857143,5,0.5,0.707106781186548,"Y"
362,"M","Mud Lake","M3","ON.M3","2016-10-15","",0,35,35,5,79,15.8,0,NA,NA,"N"
363,"M","Horseshoe Lake","M1","ON.M1","2018-10-15","",5,95,90,5,77,15.4,77,2.8,1.67332005306815,"N"
364,"P","Cow Bay QUBS","T6","EO.T6","2027-10-15","",4,70,70,5,142,28.4,0,NA,NA,"Y"
365,"M","Round Lake","M5","ON.M5","2024-10-15","",0,15,7,0,0,NA,NA,NA,NA,"N"
366,"P","Scugog","D2","ON.D2","2026-10-15","",0,15,15,5,45,9,45,12.5,3.53553390593274,"N"
367,"M","Jock River I","M8","ON.M8","2013-10-15",">20",7,100,100,4,33,8.25,33,46.9166666666667,6.84957419601151,"N"
368,"P","Loch Garry","T12","ON.T12","2023-10-15","6",0,25,20,6,52,8.66666666666667,52,13.4666666666667,3.66969571853944,"Y"
370,"P","Scugog","D2","ON.D2","2026-10-15","",2,25,23,5,41,8.2,41,2.91666666666667,1.70782512765993,"N"
371,"M","Jevins","M2","ON.M2","2025-10-15","2",0,2,1,2,2,1,2,NA,NA,"N"
372,"P","Black River ","T14","ON.T14","2015-10-15","",8,45,45,4,81,20.25,0,NA,NA,"Y"
373,"P","Scugog","D2","ON.D2","2026-10-15","",0,13,13,4,98,24.5,55,0.5,0.707106781186548,"N"
374,"M","Caledon","M4","ON.M4","2025-10-15","",0,3,1,1,6,6,6,NA,NA,"N"
375,"M","Barrie","M13","ON.M13","2017-10-15","",0,50,47,5,56,11.2,56,9.2,3.03315017762062,"Y"
376,"M","Lafarce","M14","ON.M14","2017-10-15","",0,15,15,5,23,4.6,23,6.3,2.50998007960223,"N"
377,"M","Constance Lake","M9","ON.M9","2013-10-15","2",8,15,12,0,0,NA,NA,NA,NA,"Y"
378,"M","Lafarce","M14","ON.M14","2017-10-15","",0,4,4,4,28,7,28,3.33333333333333,1.82574185835055,"N"
379,"M","Lac LaPeche","M10","ON.M10","2012-10-15","",0,55,50,5,28,5.6,28,9.3,3.04959013639538,"Y"
380,"M","Jock River I","M8","ON.M8","2013-10-15","30",0,100,99,6,97,16.1666666666667,41,6.33333333333333,2.51661147842358,"N"
381,"M","Lafarce","M14","ON.M14","2017-10-15","",0,3,3,3,12,4,12,7,2.64575131106459,"N"
382,"M","Lac LaPeche","M10","ON.M10","2012-10-15","",22,215,215,5,39,7.8,39,7.2,2.68328157299975,"Y"
383,"M","Ferguson","M11","ON.M11","2010-10-15","",3,25,0,4,7,1.75,7,NA,NA,"N"
384,"P","Samuel de Champlain","D10","ON.D10","2011-10-15","",0,12,7,0,0,NA,NA,NA,NA,"N"
385,"P","Samuel de Champlain","D10","ON.D10","2011-10-15","2",0,10,0,0,0,NA,NA,NA,NA,"N"
386,"P","Cow Bay QUBS","T6","EO.T6","2027-10-15","",12,258,258,4,123,30.75,0,NA,NA,"N"
387,"M","Jevins","M2","ON.M2","2025-10-15","",0,12,11,5,41,8.2,0,NA,NA,"N"
388,"P","Samuel de Champlain","D10","ON.D10","2011-10-15","",3,5,3,2,1,0.5,1,NA,NA,"N"
389,"P","Otty Lake","D7","ON.D7","2026-10-15","1",10,180,180,5,141,28.2,0,NA,NA,"N"
390,"P","Otty Lake","D7","ON.D7","2026-10-15","",0,165,165,5,50,10,0,NA,NA,"N"
391,"P","Cow Bay QUBS","T6","EO.T6","2027-10-15","",6,145,145,5,276,55.2,0,NA,NA,"N"
392,"P","Bewdley A","D5","ON.D5","1930-10-15","",12,140,135,5,46,9.2,0,NA,NA,"N"
393,"M","Ferguson","M11","ON.M11","2010-10-15","",5,45,0,0,0,NA,NA,NA,NA,"N"
394,"M","Lac LaPeche","M10","ON.M10","2012-10-15","",3,20,20,6,40,6.66666666666667,40,4.66666666666667,2.16024689946929,"Y"
395,"P","Pumphouse Marsh","D9","ON.D9","2025-10-15","",0,95,95,6,123,20.5,0,NA,NA,"N"
396,"P","Joes Lake","T13","ON.T13","2009-10-15","",6,9,1,0,0,NA,NA,NA,NA,"N"
397,"M","Lafarce","M14","ON.M14","2017-10-15","",0,5,5,4,33,8.25,33,16.25,4.03112887414927,"N"
398,"M","Jevins","M2","ON.M2","2025-10-15","",0,44,25,5,42,8.4,42,14.8,3.84707681233427,"N"
399,"M","Ferguson","M11","ON.M11","2010-10-15","",6,40,0,0,0,NA,NA,NA,NA,"N"
400,"M","Horseshoe Lake","M1","ON.M1","2018-10-15","",0,30,30,5,83,16.6,52,6.33333333333333,2.51661147842358,"Y"
401,"P","Pumphouse Marsh","D9","ON.D9","2025-10-15","",0,20,20,3,175,58.3333333333333,175,14.3333333333333,3.78593889720018,"N"
402,"M","Constance Lake","M9","ON.M9","2013-10-15","",10,60,60,4,48,12,48,148,12.1655250605964,"Y"
403,"M","Horseshoe Lake","M1","ON.M1","2018-10-15","",0,60,60,5,84,16.8,84,22.2,4.7116875957559,"Y"
404,"M","Hindon bog","M6","ON.M6","2024-10-15","",0,11,0,0,0,NA,NA,NA,NA,"N"
405,"M","Jevins","M2","ON.M2","2025-10-15","",0,10,10,0,0,NA,NA,NA,NA,"Y"
406,"M","Horseshoe Lake","M1","ON.M1","2018-10-15","",4,9,0,0,0,NA,NA,NA,NA,"N"
407,"M","Jock River I","M8","ON.M8","2013-10-15","25",0,65,65,16,376,23.5,0,NA,NA,"N"
408,"M","Ferguson","M11","ON.M11","2010-10-15","",3,28,0,0,0,NA,NA,NA,NA,"N"
409,"M","Horseshoe Lake","M1","ON.M1","2018-10-15","",0,80,80,5,64,12.8,64,12.7,3.56370593624109,"N"
410,"P","Pumphouse Marsh","D9","ON.D9","2025-10-15","",6,215,215,5,227,45.4,0,NA,NA,"N"
411,"M","Jevins","M2","ON.M2","2025-10-15","",0,2,0,0,0,NA,NA,NA,NA,"N"
412,"M","Horseshoe Lake","M1","ON.M1","2018-10-15","",0,5,5,4,55,13.75,55,2.91666666666667,1.70782512765993,"Y"
413,"M","Jevins","M2","ON.M2","2025-10-15","",0,4,1,1,2,2,2,NA,NA,"N"
414,"M","Hindon bog","M6","ON.M6","2024-10-15","",0,7,2,0,0,NA,NA,NA,NA,"N"
415,"P","Samuel de Champlain","D10","ON.D10","2011-10-15","",2,10,0,0,0,NA,NA,NA,NA,"N"
416,"P","Otty Lake","D7","ON.D7","2026-10-15","",12,275,275,7,23,3.28571428571429,6,2,1.4142135623731,"N"
417,"M","Corry Lake","M16","ON.M16","2011-10-15","",2,11,11,5,48,9.6,0,NA,NA,"Y"
418,"P","Samuel de Champlain","D10","ON.D10","2011-10-15","",2,20,0,0,0,NA,NA,NA,NA,"N"
419,"P","Cow Bay QUBS","T6","EO.T6","2027-10-15","",0,49,49,4,107,26.75,107,62.9166666666667,7.9320026895272,"N"
420,"P","Otty Lake","D7","ON.D7","2026-10-15","",5,85,85,5,41,8.2,10,0,0,"N"
421,"M","Jock River I","M8","ON.M8","2013-10-15","40",0,70,65,5,82,16.4,82,18.8,4.33589667773576,"N"
422,"M","Caledon","M4","ON.M4","2025-10-15","",0,5,0,0,0,NA,NA,NA,NA,"N"
423,"M","Jock River I","M8","ON.M8","2013-10-15","40",0,100,100,5,108,21.6,64,10.3333333333333,3.21455025366432,"N"
424,"M","Horseshoe Lake","M1","ON.M1","2018-10-15","",0,14,14,6,72,12,72,8,2.82842712474619,"Y"
425,"M","Jevins","M2","ON.M2","2025-10-15","",0,25,17,7,21,3,1,NA,NA,"N"
426,"P","Cow Bay QUBS","T6","EO.T6","2027-10-15","",0,84,84,5,110,22,0,NA,NA,"N"
427,"P","Scugog","D2","ON.D2","2026-10-15","",0,50,50,5,64,12.8,0,NA,NA,"N"
428,"M","Ferguson","M11","ON.M11","2010-10-15","",5,11,0,0,0,NA,NA,NA,NA,"N"
429,"P","Scugog","D2","ON.D2","2026-10-15","5",0,25,25,5,54,10.8,54,20.2,4.49444101084885,"N"
430,"M","Holland River","M12","ON.M12","2015-10-15","",18,65,65,5,68,13.6,12,NA,NA,"N"
431,"M","Ferguson","M11","ON.M11","2010-10-15","",9,130,125,4,10,2.5,10,4.33333333333333,2.08166599946613,"N"
433,"M","Barrie","M13","ON.M13","2017-10-15","",8,100,100,6,129,21.5,66,13,3.60555127546399,"N"
434,"P","Otty Lake","D7","ON.D7","2026-10-15","10",11,295,295,5,35,7,0,NA,NA,"N"
435,"P","Scugog","D2","ON.D2","2026-10-15","6",0,25,25,5,61,12.2,61,14.7,3.83405790253616,"N"
436,"P","Samuel de Champlain","D10","ON.D10","2011-10-15","",3,15,0,0,0,NA,NA,NA,NA,"N"
437,"M","Ferguson","M11","ON.M11","2010-10-15","",0,40,0,0,0,NA,NA,NA,NA,"N"
438,"M","Barrie","M13","ON.M13","2017-10-15","",5,140,140,5,129,25.8,29,NA,NA,"N"
439,"M","Lac LaPeche","M10","ON.M10","2012-10-15","",0,6,5,5,24,4.8,3,0.5,0.707106781186548,"Y"
440,"M","Ferguson","M11","ON.M11","2010-10-15","",3,45,0,11,4,0.363636363636364,4,0.333333333333333,0.577350269189626,"N"
441,"M","Lafarce","M14","ON.M14","2017-10-15","",0,7,2,2,14,7,14,8,2.82842712474619,"N"
442,"P","Samuel de Champlain","D10","ON.D10","2011-10-15","",0,15,1,1,2,2,2,NA,NA,"N"
443,"M","Horseshoe Lake","M1","ON.M1","2018-10-15","",0,60,48,6,171,28.5,81,37,6.08276253029822,"N"
444,"M","Lafarce","M14","ON.M14","2017-10-15","",0,8,8,5,27,5.4,27,6.8,2.60768096208106,"N"
445,"M","Kagawong","M15","ON.M15","2010-10-15","",0,55,20,5,15,3,15,2.25,1.5,"N"
446,"M","Barrie","M13","ON.M13","2017-10-15","",0,12,12,5,69,13.8,29,40.5,6.36396103067893,"N"
447,"M","Lafarce","M14","ON.M14","2017-10-15","",0,9,6,4,19,4.75,0,NA,NA,"N"
448,"P","Otty Lake","D7","ON.D7","2026-10-15","",4,168,168,5,47,9.4,0,NA,NA,"N"
449,"P","Cow Bay QUBS","T6","EO.T6","2027-10-15","",4,110,110,4,153,38.25,0,NA,NA,"N"
450,"M","Jock River I","M8","ON.M8","2013-10-15","25",0,90,90,4,83,20.75,34,2,1.4142135623731,"N"
451,"P","Cow Bay QUBS","T6","EO.T6","2027-10-15","",10,185,185,2,28,14,0,NA,NA,"N"
452,"P","Pumphouse Marsh","D9","ON.D9","2025-10-15","",16,360,360,5,198,39.6,198,133.3,11.5455619178973,"N"
455,"M","Jock River I","M8","ON.M8","2013-10-15","20",0,65,65,23,457,19.8695652173913,0,NA,NA,"N"
458,"P","Pumphouse Marsh","D9","ON.D9","2025-10-15","",0,70,70,4,121,30.25,0,NA,NA,"N"
460,"P","Scugog","D2","ON.D2","2026-10-15","15",3,40,38,5,58,11.6,58,16.3,4.03732584763727,"N"
461,"M","Hindon bog","M6","ON.M6","2024-10-15","",0,15,0,0,0,NA,NA,NA,NA,"Y"
462,"P","Scugog","D2","ON.D2","2026-10-15","10",0,40,40,4,46,11.5,46,7,2.64575131106459,"N"
463,"M","Holland River","M12","ON.M12","2015-10-15","30",0,15,15,5,12,2.4,12,0.8,0.894427190999916,"N"
464,"P","Bewdley A","D5","ON.D5","1930-10-15","8",21,215,215,5,78,15.6,0,NA,NA,"N"
465,"M","Jevins","M2","ON.M2","2025-10-15","",0,14,14,5,30,6,1,NA,NA,"N"
466,"M","Barrie","M13","ON.M13","2017-10-15","",0,33,33,5,62,12.4,21,1,1,"N"
467,"M","Hindon bog","M6","ON.M6","2024-10-15","",0,2,0,0,0,NA,NA,NA,NA,"N"
468,"P","Scugog","D2","ON.D2","2026-10-15","5 to 40",0,65,65,5,39,7.8,6,NA,NA,"N"
469,"M","Barrie","M13","ON.M13","2017-10-15","",0,45,44,6,142,23.6666666666667,39,0.5,0.707106781186548,"N"
470,"M","Constance Lake","M9","ON.M9","2013-10-15","",8,10,10,6,42,7,42,57.6666666666667,7.59385716659634,"Y"
471,"M","Lafarce","M14","ON.M14","2017-10-15","",0,17,17,4,33,8.25,0,NA,NA,"Y"
472,"M","Lac LaPeche","M10","ON.M10","2012-10-15","",15,150,150,5,39,7.8,39,5.2,2.28035085019828,"Y"
473,"M","Corry Lake","M16","ON.M16","2011-10-15","20",2,500,500,14,50,3.57142857142857,0,NA,NA,"Y"
474,"M","Lafarce","M14","ON.M14","2017-10-15","",0,14,12,5,50,10,6,NA,NA,"N"
475,"M","Kagawong","M15","ON.M15","2010-10-15","",2,50,50,5,43,8.6,43,9.3,3.04959013639538,"N"
476,"P","Otty Lake","D7","ON.D7","2026-10-15","",0,115,115,5,29,5.8,0,NA,NA,"Y"
477,"M","Kagawong","M15","ON.M15","2010-10-15","",0,30,29,5,29,5.8,29,1.58333333333333,1.25830573921179,"N"
478,"P","Otty Lake","D7","ON.D7","2026-10-15","",0,110,110,4,19,4.75,3,NA,NA,"N"
479,"P","Cow Bay QUBS","T6","EO.T6","2027-10-15","8",0,37,37,4,82,20.5,0,NA,NA,"N"
480,"P","Joes Lake","T13","ON.T13","2009-10-15","20",0,15,8,8,22,2.75,0,NA,NA,"N"
481,"M","Mud Lake","M3","ON.M3","2016-10-15","12",7,20,20,5,41,8.2,0,NA,NA,"N"
482,"M","Round Lake","M5","ON.M5","2024-10-15","",8,15,11,8,36,4.5,36,76.6666666666667,8.75595035770913,"N"
485,"M","Jevins","M2","ON.M2","2025-10-15","",0,33,20,6,42,7,13,4.5,2.12132034355964,"N"
488,"P","Pumphouse Marsh","D9","ON.D9","2025-10-15","",17,490,490,5,110,22,0,NA,NA,"N"
489,"P","Scugog","D2","ON.D2","2026-10-15","6",0,60,60,0,0,NA,NA,NA,NA,"Y"
490,"M","Holland River","M12","ON.M12","2015-10-15","",11,20,20,5,38,7.6,0,NA,NA,"N"
491,"M","Ferguson","M11","ON.M11","2010-10-15","",3,28,6,5,50,10,50,15,3.87298334620742,"N"
492,"M","Corry Lake","M16","ON.M16","2011-10-15","",2,100,90,11,38,3.45454545454545,38,3.95238095238095,1.98805959477601,"Y"
493,"M","Barrie","M13","ON.M13","2017-10-15","6",0,55,55,7,128,18.2857142857143,38,72,8.48528137423857,"N"
494,"M","Constance Lake","M9","ON.M9","2013-10-15","",6,35,35,4,94,23.5,94,70.3333333333333,8.38649708360608,"N"
495,"M","Barrie","M13","ON.M13","2017-10-15","",0,40,40,6,121,20.1666666666667,121,26.9666666666667,5.19294393062997,"Y"
496,"M","Lafarce","M14","ON.M14","2017-10-15","",0,16,16,5,43,8.6,43,4.3,2.07364413533277,"Y"
497,"M","Hindon bog","M6","ON.M6","2024-10-15","",0,12,0,0,0,NA,NA,NA,NA,"N"
498,"M","Barrie","M13","ON.M13","2017-10-15","",0,25,24,0,0,NA,NA,NA,NA,"Y"
499,"M","Lac LaPeche","M10","ON.M10","2012-10-15","",20,110,109,6,52,8.66666666666667,52,3.86666666666667,1.96638416050035,"Y"
500,"M","Constance Lake","M9","ON.M9","2013-10-15","",9,35,35,5,224,44.8,92,256.333333333333,16.0104132780304,"N"
501,"M","Horseshoe Lake","M1","ON.M1","2018-10-15","",0,85,85,5,85,17,35,40.5,6.36396103067893,"Y"
502,"M","Kagawong","M15","ON.M15","2010-10-15","",6,80,60,6,57,9.5,0,NA,NA,"N"
503,"M","Corry Lake","M16","ON.M16","2011-10-15","",4,30,29,5,30,6,30,17.6666666666667,4.20317340430616,"Y"
504,"M","Horseshoe Lake","M1","ON.M1","2018-10-15","",0,75,75,6,145,24.1666666666667,51,12.5,3.53553390593274,"N"
505,"P","Otty Lake","D7","ON.D7","2026-10-15","",8,120,120,4,29,7.25,3,0.5,0.707106781186548,"N"
506,"P","Otty Lake","D7","ON.D7","2026-10-15","",8,360,360,4,20,5,0,NA,NA,"Y"
507,"P","Samuel de Champlain","D10","ON.D10","2011-10-15","",2,30,10,0,0,NA,NA,NA,NA,"N"
508,"P","Cow Bay QUBS","T6","EO.T6","2027-10-15","",4,100,100,5,88,17.6,0,NA,NA,"N"
509,"P","Cow Bay QUBS","T6","EO.T6","2027-10-15","",3,35,35,4,21,5.25,21,6.91666666666667,2.62995563967658,"N"
510,"P","Loch Garry","T12","ON.T12","2023-10-15","6 to 8",0,12,12,0,0,NA,NA,NA,NA,"Y"
511,"P","Cow Bay QUBS","T6","EO.T6","2027-10-15","",4,115,110,5,177,35.4,16,NA,NA,"N"
512,"M","Round Lake","M5","ON.M5","2024-10-15","",0,20,19,5,24,4.8,2,NA,NA,"Y"
513,"P","Loch Garry","T12","ON.T12","2023-10-15","5",11,205,205,4,16,4,16,NA,NA,"N"
514,"M","Hindon bog","M6","ON.M6","2024-10-15","",0,21,0,0,0,NA,NA,NA,NA,"N"
515,"P","Pumphouse Marsh","D9","ON.D9","2025-10-15","",0,70,70,5,79,15.8,79,127.7,11.3004424692133,"N"
516,"P","Pumphouse Marsh","D9","ON.D9","2025-10-15","",2,102,102,6,208,34.6666666666667,0,NA,NA,"N"
517,"M","Round Lake","M5","ON.M5","2024-10-15","",0,10,8,5,39,7.8,39,10.9166666666667,3.30403793359983,"N"
518,"P","Pumphouse Marsh","D9","ON.D9","2025-10-15","",0,115,115,5,153,30.6,0,NA,NA,"Y"
519,"P","Bewdley A","D5","ON.D5","1930-10-15","15",4,155,155,5,122,24.4,14,NA,NA,"N"
520,"P","Cow Bay QUBS","T6","EO.T6","2027-10-15","",3,80,80,0,0,NA,NA,NA,NA,"Y"
521,"P","Pumphouse Marsh","D9","ON.D9","2025-10-15","",12,215,215,4,132,33,0,NA,NA,"N"
522,"M","Corry Lake","M16","ON.M16","2011-10-15","",2,240,240,5,7,1.4,0,NA,NA,"N"
523,"P","Otty Lake","D7","ON.D7","2026-10-15","6",0,30,30,3,33,11,0,NA,NA,"N"
524,"P","Bewdley A","D5","ON.D5","1930-10-15","",5,215,215,5,152,30.4,80,176.333333333333,13.2790561913614,"N"
525,"P","Rideau Bird Sanctuary","T17","ON.T16","2026-10-15","10",0,50,50,4,31,7.75,31,18.9166666666667,4.3493294502333,"N"
526,"P","Samuel de Champlain","D10","ON.D10","2011-10-15","",5,10,0,0,0,NA,NA,NA,NA,"N"
527,"P","Ardoch","D8","ON.D8","2010-10-15","",0,53,52,7,32,4.57142857142857,13,2.33333333333333,1.52752523165195,"Y"
528,"M","Jevins","M2","ON.M2","2025-10-15","",0,2,2,2,19,9.5,19,24.5,4.94974746830583,"N"
529,"M","Kagawong","M15","ON.M15","2010-10-15","",2,25,25,5,35,7,35,9.5,3.08220700148449,"N"
530,"M","Hindon bog","M6","ON.M6","2024-10-15","",0,11,0,0,0,NA,NA,NA,NA,"N"
531,"M","Horseshoe Lake","M1","ON.M1","2018-10-15","",0,15,13,5,32,6.4,32,9.3,3.04959013639538,"Y"
532,"M","Kagawong","M15","ON.M15","2010-10-15","",0,115,115,5,47,9.4,47,26.8,5.17687164221791,"N"
533,"M","Ferguson","M11","ON.M11","2010-10-15","",8,45,7,3,12,4,5,NA,NA,"Y"
534,"M","Horseshoe Lake","M1","ON.M1","2018-10-15","",0,35,30,6,86,14.3333333333333,86,0.666666666666667,0.816496580927726,"Y"
535,"P","Joes Lake","T13","ON.T13","2009-10-15","15",15,29,13,6,27,4.5,27,9.3,3.04959013639538,"Y"
536,"P","Otty Lake","D7","ON.D7","2026-10-15","",8,170,170,4,42,10.5,0,NA,NA,"N"
537,"M","Lac LaPeche","M10","ON.M10","2012-10-15","",10,57,57,5,36,7.2,36,7.2,2.68328157299975,"Y"
538,"M","Mud Lake","M3","ON.M3","2016-10-15","",0,5,3,0,0,NA,NA,NA,NA,"N"
539,"P","Pumphouse Marsh","D9","ON.D9","2025-10-15","",14,460,460,4,154,38.5,0,NA,NA,"N"
540,"M","Round Lake","M5","ON.M5","2024-10-15","",0,12,3,1,3,3,3,NA,NA,"N"
541,"M","Corry Lake","M16","ON.M16","2011-10-15","",2,8,8,5,21,4.2,21,12.7,3.56370593624109,"N"
542,"M","Round Lake","M5","ON.M5","2024-10-15","",0,9,4,4,16,4,0,NA,NA,"Y"
543,"P","Loch Garry","T12","ON.T12","2023-10-15","4",0,55,55,0,0,NA,NA,NA,NA,"Y"
544,"P","Joes Lake","T13","ON.T13","2009-10-15","",7,6,6,5,4,0.8,4,0,0,"N"
545,"P","Bewdley A","D5","ON.D5","1930-10-15","3",6,25,25,4,152,38,152,70.6666666666667,8.40634680861233,"N"
546,"M","Holland River","M12","ON.M12","2015-10-15","",14,270,270,4,11,2.75,11,NA,NA,"N"
547,"M","Holland River","M12","ON.M12","2015-10-15","",0,55,54,5,152,30.4,152,100.3,10.0149887668434,"N"
548,"M","Jevins","M2","ON.M2","2025-10-15","",0,21,10,7,62,8.85714285714286,2,NA,NA,"N"
549,"M","Holland River","M12","ON.M12","2015-10-15","",0,5,5,5,30,6,0,NA,NA,"N"
550,"M","Holland River","M12","ON.M12","2015-10-15","3",0,60,60,6,115,19.1666666666667,0,NA,NA,"N"
551,"P","Rideau Bird Sanctuary","T17","ON.T16","2026-10-15","15",0,25,25,3,71,23.6666666666667,0,NA,NA,"Y"
552,"M","Hindon bog","M6","ON.M6","2024-10-15","",0,12,0,0,0,NA,NA,NA,NA,"N"
553,"M","Holland River","M12","ON.M12","2015-10-15","",10,105,105,0,0,NA,NA,NA,NA,"Y"
554,"P","Bewdley A","D5","ON.D5","1930-10-15","6",3,20,18,5,34,6.8,34,6.7,2.58843582110896,"N"
555,"M","Round Lake","M5","ON.M5","2024-10-15","",0,15,6,10,30,3,30,13.2,3.63318042491699,"N"
556,"M","Kagawong","M15","ON.M15","2010-10-15","",10,120,100,5,28,5.6,28,12.8,3.57770876399966,"N"
557,"M","Holland River","M12","ON.M12","2015-10-15","",10,60,55,5,13,2.6,13,1.8,1.34164078649987,"N"
558,"M","Holland River","M12","ON.M12","2015-10-15","",8,110,110,0,0,NA,NA,NA,NA,"Y"
559,"P","Samuel de Champlain","D10","ON.D10","2011-10-15","4",0,9,1,0,0,NA,NA,NA,NA,"Y"
560,"M","Holland River","M12","ON.M12","2015-10-15","",16,125,125,5,27,5.4,27,4.3,2.07364413533277,"N"
561,"M","Barrie","M13","ON.M13","2017-10-15","",0,58,58,4,70,17.5,70,11,3.3166247903554,"Y"
562,"P","Joes Lake","T13","ON.T13","2009-10-15","",15,49,48,5,59,11.8,0,NA,NA,"N"
563,"M","Jevins","M2","ON.M2","2025-10-15","",0,22,3,2,3,1.5,3,0.5,0.707106781186548,"N"
564,"M","Barrie","M13","ON.M13","2017-10-15","",0,7,7,2,29,14.5,29,60.5,7.77817459305202,"Y"
565,"M","Constance Lake","M9","ON.M9","2013-10-15","",14,35,0,0,0,NA,NA,NA,NA,"N"
566,"P","Ardoch","D8","ON.D8","2010-10-15","",0,19,16,5,5,1,5,0.25,0.5,"N"
567,"M","Lafarce","M14","ON.M14","2017-10-15","",0,19,19,4,25,6.25,25,10.9166666666667,3.30403793359983,"Y"
568,"M","Mud Lake","M3","ON.M3","2016-10-15","",0,7,7,5,65,13,0,NA,NA,"Y"
570,"P","Otty Lake","D7","ON.D7","2026-10-15","",6,150,150,3,48,16,0,NA,NA,"N"
571,"M","Jock River I","M8","ON.M8","2013-10-15","30",0,20,20,19,411,21.6315789473684,0,NA,NA,"Y"
572,"P","Loch Garry","T12","ON.T12","2023-10-15","",6,10,10,5,159,31.8,159,212.25,14.5688022843335,"N"
573,"M","Ferguson","M11","ON.M11","2010-10-15","",3,30,4,4,32,8,32,22,4.69041575982343,"N"
574,"M","Horseshoe Lake","M1","ON.M1","2018-10-15","",0,25,25,5,100,20,39,60.5,7.77817459305202,"Y"
575,"M","Jevins","M2","ON.M2","2025-10-15","",0,6,5,6,22,3.66666666666667,22,24.3,4.9295030175465,"N"
576,"M","Horseshoe Lake","M1","ON.M1","2018-10-15","",0,25,15,5,57,11.4,57,2.3,1.51657508881031,"N"
577,"M","Horseshoe Lake","M1","ON.M1","2018-10-15","",4,117,112,5,109,21.8,109,41.7,6.45755371638518,"Y"
578,"P","Bewdley A","D5","ON.D5","1930-10-15","20",14,5,5,5,78,15.6,78,83.8,9.15423399307665,"N"
579,"M","Hindon bog","M6","ON.M6","2024-10-15","",0,26,0,0,0,NA,NA,NA,NA,"N"
580,"P","Samuel de Champlain","D10","ON.D10","2011-10-15","11",7,32,25,14,7,0.5,7,0.333333333333333,0.577350269189626,"Y"
581,"P","Rideau Bird Sanctuary","T17","ON.T16","2026-10-15","20",0,20,20,2,24,12,0,NA,NA,"N"
582,"M","Lac LaPeche","M10","ON.M10","2012-10-15","",3,80,80,5,32,6.4,32,1.3,1.14017542509914,"Y"
583,"M","Lac LaPeche","M10","ON.M10","2012-10-15","",10,25,24,12,83,6.91666666666667,17,1.33333333333333,1.15470053837925,"Y"
584,"M","Constance Lake","M9","ON.M9","2013-10-15","",9,20,20,3,25,8.33333333333333,25,60.5,7.77817459305202,"N"
585,"M","Lafarce","M14","ON.M14","2017-10-15","",0,8,7,4,29,7.25,29,3.58333333333333,1.89296944860009,"N"
586,"M","Ferguson","M11","ON.M11","2010-10-15","",3,28,24,5,95,19,23,NA,NA,"N"
587,"M","Hindon bog","M6","ON.M6","2024-10-15","",0,11,0,0,0,NA,NA,NA,NA,"N"
588,"M","Corry Lake","M16","ON.M16","2011-10-15","",3,15,15,5,21,4.2,21,3.2,1.78885438199983,"N"
589,"M","Ferguson","M11","ON.M11","2010-10-15","",4,25,20,5,186,37.2,186,64.7,8.04363102087608,"N"
590,"M","Constance Lake","M9","ON.M9","2013-10-15","",10,20,8,2,18,9,18,NA,NA,"N"
591,"M","Horseshoe Lake","M1","ON.M1","2018-10-15","",0,14,14,5,80,16,80,16.5,4.06201920231798,"Y"
592,"P","Ardoch","D8","ON.D8","2010-10-15","",0,137,117,5,34,6.8,34,39.2,6.26099033699941,"Y"
593,"M","Hindon bog","M6","ON.M6","2024-10-15","",0,25,14,0,0,NA,NA,NA,NA,"Y"
594,"M","Horseshoe Lake","M1","ON.M1","2018-10-15","",0,45,45,6,74,12.3333333333333,74,13.8666666666667,3.72379734500505,"Y"
595,"P","Ardoch","D8","ON.D8","2010-10-15","",6,95,60,5,17,3.4,17,3.3,1.81659021245849,"N"
596,"M","Ferguson","M11","ON.M11","2010-10-15","",5,15,0,0,0,NA,NA,NA,NA,"N"
597,"M","Lac LaPeche","M10","ON.M10","2012-10-15","",14,80,80,5,42,8.4,42,8.3,2.88097205817759,"Y"
598,"M","Constance Lake","M9","ON.M9","2013-10-15","12",9,75,75,0,0,NA,NA,NA,NA,"Y"
599,"M","Lafarce","M14","ON.M14","2017-10-15","",0,1,1,1,11,11,11,NA,NA,"Y"
600,"M","Jevins","M2","ON.M2","2025-10-15","",0,9,9,5,30,6,11,8.33333333333333,2.88675134594813,"N"
601,"P","Otty Lake","D7","ON.D7","2026-10-15","",5,190,190,5,123,24.6,0,NA,NA,"N"
602,"M","Corry Lake","M16","ON.M16","2011-10-15","",3,20,20,10,106,10.6,5,0.5,0.707106781186548,"Y"
603,"M","Jock River I","M8","ON.M8","2013-10-15","35",0,20,20,5,63,12.6,0,NA,NA,"N"
605,"P","Pumphouse Marsh","D9","ON.D9","2025-10-15","",0,50,50,5,102,20.4,0,NA,NA,"N"
606,"P","Joes Lake","T13","ON.T13","2009-10-15","",10,77,77,5,54,10.8,54,9.2,3.03315017762062,"N"
608,"P","Pumphouse Marsh","D9","ON.D9","2025-10-15","",7,144,144,3,136,45.3333333333333,136,206.333333333333,14.3643076176102,"N"
609,"M","Jock River I","M8","ON.M8","2013-10-15","20",0,30,30,15,173,11.5333333333333,9,NA,NA,"Y"
610,"P","Scugog","D2","ON.D2","2026-10-15","",4,75,75,5,70,14,0,NA,NA,"N"
611,"P","Bewdley A","D5","ON.D5","1930-10-15","",14,110,110,5,133,26.6,133,15.8,3.97492138287036,"N"
613,"M","Holland River","M12","ON.M12","2015-10-15","",0,65,65,5,15,3,0,NA,NA,"N"
614,"P","Bewdley A","D5","ON.D5","1930-10-15","",6,187,187,7,72,10.2857142857143,0,NA,NA,"N"
616,"M","Holland River","M12","ON.M12","2015-10-15","",9,55,55,5,59,11.8,0,NA,NA,"N"
617,"M","Jock River I","M8","ON.M8","2013-10-15","30",0,80,80,21,281,13.3809523809524,0,NA,NA,"N"
619,"M","Holland River","M12","ON.M12","2015-10-15","",0,15,15,0,0,NA,NA,NA,NA,"Y"
620,"P","Rideau Bird Sanctuary","T17","ON.T16","2026-10-15","",3,50,50,4,110,27.5,0,NA,NA,"N"
622,"M","Barrie","M13","ON.M13","2017-10-15","",0,65,65,6,158,26.3333333333333,158,54.6666666666667,7.39369100427294,"Y"
623,"M","Round Lake","M5","ON.M5","2024-10-15","",0,4,3,3,16,5.33333333333333,16,32,5.65685424949238,"N"
624,"P","Scugog","D2","ON.D2","2026-10-15","3",0,60,60,5,61,12.2,0,NA,NA,"N"
625,"P","Samuel de Champlain","D10","ON.D10","2011-10-15","",3,10,0,0,0,NA,NA,NA,NA,"N"
626,"P","Scugog","D2","ON.D2","2026-10-15","4",3,8,8,5,52,10.4,52,6.3,2.50998007960223,"N"
627,"M","Lafarce","M14","ON.M14","2017-10-15","",0,14,14,5,45,9,45,2,1.4142135623731,"Y"
628,"M","Constance Lake","M9","ON.M9","2013-10-15","",6,15,8,0,0,NA,NA,NA,NA,"Y"
629,"M","Jock River I","M8","ON.M8","2013-10-15","20",0,80,77,5,78,15.6,11,0.5,0.707106781186548,"N"
630,"M","Lafarce","M14","ON.M14","2017-10-15","",0,14,14,5,33,6.6,33,3.8,1.94935886896179,"Y"
631,"M","Mud Lake","M3","ON.M3","2016-10-15","",0,10,9,5,80,16,0,NA,NA,"N"
632,"P","Loch Garry","T12","ON.T12","2023-10-15","15",0,55,45,5,45,9,45,77.5833333333333,8.80814017448254,"Y"
634,"P","Scugog","D2","ON.D2","2026-10-15","9",6,65,60,5,51,10.2,51,15.2,3.89871773792359,"N"
635,"P","Bewdley A","D5","ON.D5","1930-10-15","6",10,285,285,5,38,7.6,0,NA,NA,"N"
637,"P","Black River ","T14","ON.T14","2015-10-15","",0,35,34,4,8,2,8,8,2.82842712474619,"Y"
638,"M","Hindon bog","M6","ON.M6","2024-10-15","",5,2,0,0,0,NA,NA,NA,NA,"N"
640,"M","Barrie","M13","ON.M13","2017-10-15","",6,90,90,5,57,11.4,20,50,7.07106781186548,"N"
641,"M","Caledon","M4","ON.M4","2025-10-15","",0,6,0,0,0,NA,NA,NA,NA,"N"
642,"M","Jock River I","M8","ON.M8","2013-10-15","",0,70,65,8,117,14.625,17,24.5,4.94974746830583,"Y"
643,"M","Holland River","M12","ON.M12","2015-10-15","",4,50,50,5,59,11.8,59,13.2,3.63318042491699,"N"
644,"P","Joes Lake","T13","ON.T13","2009-10-15","",0,80,0,0,0,NA,NA,NA,NA,"Y"
645,"M","Corry Lake","M16","ON.M16","2011-10-15","",4,30,30,5,21,4.2,3,0.5,0.707106781186548,"N"
646,"P","Samuel de Champlain","D10","ON.D10","2011-10-15","8",0,10,1,0,0,NA,NA,NA,NA,"N"
647,"P","Joes Lake","T13","ON.T13","2009-10-15","5",0,3,3,3,19,6.33333333333333,19,17.3333333333333,4.16333199893227,"N"
648,"P","Scugog","D2","ON.D2","2026-10-15","8",6,55,50,5,63,12.6,63,10.3,3.20936130717624,"N"
649,"M","Kagawong","M15","ON.M15","2010-10-15","",2,9,9,5,28,5.6,28,1.3,1.14017542509914,"N"
650,"M","Hindon bog","M6","ON.M6","2024-10-15","",0,3,0,0,0,NA,NA,NA,NA,"N"
651,"P","Black River ","T14","ON.T14","2015-10-15","",0,25,10,1,27,27,27,NA,NA,"N"
652,"P","Joes Lake","T13","ON.T13","2009-10-15","",7,60,52,7,62,8.85714285714286,62,330.333333333333,18.1750745069541,"N"
653,"M","Constance Lake","M9","ON.M9","2013-10-15","",12,35,30,0,0,NA,NA,NA,NA,"Y"
654,"M","Barrie","M13","ON.M13","2017-10-15","",6,100,100,5,94,18.8,0,NA,NA,"Y"
655,"P","Joes Lake","T13","ON.T13","2009-10-15","",10,38,36,6,60,10,60,22,4.69041575982343,"N"
656,"M","Kagawong","M15","ON.M15","2010-10-15","",0,70,70,5,21,4.2,21,12.7,3.56370593624109,"N"
657,"M","Round Lake","M5","ON.M5","2024-10-15","",0,12,3,3,5,1.66666666666667,5,1.33333333333333,1.15470053837925,"N"
658,"M","Constance Lake","M9","ON.M9","2013-10-15","",12,50,50,6,72,12,72,133.3,11.5455619178973,"Y"
659,"M","Kagawong","M15","ON.M15","2010-10-15","",0,100,100,5,54,10.8,54,13.7,3.70135110466435,"N"
660,"M","Lafarce","M14","ON.M14","2017-10-15","",0,16,14,5,39,7.8,39,7.2,2.68328157299975,"Y"
661,"M","Mud Lake","M3","ON.M3","2016-10-15","",0,21,20,5,84,16.8,0,NA,NA,"N"
662,"M","Kagawong","M15","ON.M15","2010-10-15","",3,30,30,5,30,6,30,11,3.3166247903554,"N"
663,"P","Samuel de Champlain","D10","ON.D10","2011-10-15","10",0,25,21,7,20,2.85714285714286,20,1.14285714285714,1.0690449676497,"Y"
664,"M","Corry Lake","M16","ON.M16","2011-10-15","",5,100,95,5,41,8.2,41,3.7,1.92353840616713,"N"
665,"P","Bewdley A","D5","ON.D5","1930-10-15","5",19,440,440,6,261,43.5,0,NA,NA,"N"
666,"M","Lac LaPeche","M10","ON.M10","2012-10-15","",17,180,180,5,56,11.2,56,9.7,3.11448230047949,"Y"
667,"P","Scugog","D2","ON.D2","2026-10-15","5",3,45,45,5,55,11,55,21.5,4.63680924774785,"N"
668,"M","Jevins","M2","ON.M2","2025-10-15","",0,31,26,6,88,14.6666666666667,4,NA,NA,"Y"
671,"P","Pumphouse Marsh","D9","ON.D9","2025-10-15","",8,139,139,5,264,52.8,264,259.333333333333,16.1038297722415,"N"
673,"M","Holland River","M12","ON.M12","2015-10-15","",13,30,30,5,27,5.4,27,2.3,1.51657508881031,"N"
674,"M","Caledon","M4","ON.M4","2025-10-15","",0,15,4,3,3,1,3,NA,NA,"N"
675,"P","Scugog","D2","ON.D2","2026-10-15","5",0,120,120,5,82,16.4,0,NA,NA,"N"
676,"M","Holland River","M12","ON.M12","2015-10-15","",0,70,70,5,49,9.8,0,NA,NA,"N"
677,"M","Lac LaPeche","M10","ON.M10","2012-10-15","",12,20,20,5,42,8.4,42,5.3,2.30217288664427,"Y"
678,"P","Scugog","D2","ON.D2","2026-10-15","6",9,145,145,5,67,13.4,12,NA,NA,"N"
679,"M","Barrie","M13","ON.M13","2017-10-15","2",0,30,30,5,110,22,26,NA,NA,"N"
680,"M","Constance Lake","M9","ON.M9","2013-10-15","",10,13,13,0,0,NA,NA,NA,NA,"Y"
681,"M","Barrie","M13","ON.M13","2017-10-15","",0,25,25,5,121,24.2,36,NA,NA,"Y"
682,"M","Lafarce","M14","ON.M14","2017-10-15","",0,11,11,5,46,9.2,15,4.5,2.12132034355964,"N"
683,"M","Round Lake","M5","ON.M5","2024-10-15","",12,120,110,4,9,2.25,7,NA,NA,"N"
684,"M","Lafarce","M14","ON.M14","2017-10-15","",0,9,9,3,20,6.66666666666667,20,9.33333333333333,3.05505046330389,"N"
685,"M","Ferguson","M11","ON.M11","2010-10-15","",0,118,95,5,54,10.8,54,37.6666666666667,6.13731754650732,"Y"
686,"M","Constance Lake","M9","ON.M9","2013-10-15","3",10,10,8,3,8,2.66666666666667,8,NA,NA,"Y"
687,"M","Kagawong","M15","ON.M15","2010-10-15","",2,110,110,5,62,12.4,62,20.8,4.56070170039655,"N"
688,"M","Jock River I","M8","ON.M8","2013-10-15","5",12,60,55,5,44,8.8,44,64.2,8.01249024960405,"N"
689,"P","Joes Lake","T13","ON.T13","2009-10-15","40",0,10,0,5,14,2.8,14,8.33333333333333,2.88675134594813,"N"
690,"M","Mud Lake","M3","ON.M3","2016-10-15","",0,20,17,5,46,9.2,46,34.7,5.89067059000926,"N"
691,"M","Mud Lake","M3","ON.M3","2016-10-15","",0,30,25,5,64,12.8,0,NA,NA,"N"
693,"M","Lafarce","M14","ON.M14","2017-10-15","3",0,40,7,6,30,5,30,2.4,1.54919333848297,"Y"
694,"M","Horseshoe Lake","M1","ON.M1","2018-10-15","",0,50,45,5,57,11.4,57,10.3,3.20936130717624,"Y"
695,"P","Joes Lake","T13","ON.T13","2009-10-15","",12,55,50,5,62,12.4,62,64.3,8.01872807869178,"N"
696,"P","Black River ","T14","ON.T14","2015-10-15","",0,28,26,5,4,0.8,4,NA,NA,"Y"
697,"M","Holland River","M12","ON.M12","2015-10-15","",10,145,145,5,16,3.2,16,7.2,2.68328157299975,"N"
698,"M","Lac LaPeche","M10","ON.M10","2012-10-15","",15,20,20,5,39,7.8,39,5.2,2.28035085019828,"Y"
699,"P","Black River ","T14","ON.T14","2015-10-15","",4,12,10,4,51,12.75,51,32.25,5.67890834580027,"Y"
700,"M","Barrie","M13","ON.M13","2017-10-15","",8,58,58,6,153,25.5,39,180.5,13.4350288425444,"N"
701,"M","Horseshoe Lake","M1","ON.M1","2018-10-15","",0,70,68,8,144,18,144,31.7142857142857,5.63154381269344,"Y"
702,"P","Black River ","T14","ON.T14","2015-10-15","",10,65,60,6,131,21.8333333333333,84,52.6666666666667,7.25718035235908,"Y"
704,"P","Samuel de Champlain","D10","ON.D10","2011-10-15","9",0,10,1,0,0,NA,NA,NA,NA,"N"
705,"M","Horseshoe Lake","M1","ON.M1","2018-10-15","",0,70,70,7,74,10.5714285714286,74,15.6190476190476,3.95209408023742,"N"
706,"M","Barrie","M13","ON.M13","2017-10-15","",0,75,75,6,135,22.5,0,NA,NA,"Y"
707,"M","Constance Lake","M9","ON.M9","2013-10-15","",11,45,20,20,90,4.5,90,11,3.3166247903554,"N"
708,"M","Lac LaPeche","M10","ON.M10","2012-10-15","",10,130,130,6,44,7.33333333333333,44,10.2666666666667,3.20416395751944,"Y"
709,"M","Lafarce","M14","ON.M14","2017-10-15","8",0,8,8,4,46,11.5,46,5.66666666666667,2.38047614284762,"Y"
710,"M","Constance Lake","M9","ON.M9","2013-10-15","",8,65,63,0,0,NA,NA,NA,NA,"Y"
711,"P","Joes Lake","T13","ON.T13","2009-10-15","",10,70,30,0,0,NA,NA,NA,NA,"Y"
712,"M","Horseshoe Lake","M1","ON.M1","2018-10-15","",3,28,28,5,94,18.8,0,NA,NA,"Y"
713,"M","Constance Lake","M9","ON.M9","2013-10-15","",4,70,69,3,1,0.333333333333333,1,NA,NA,"Y"
714,"P","Joes Lake","T13","ON.T13","2009-10-15","",8,8,6,5,28,5.6,28,17.3,4.15932686861708,"N"
715,"M","Constance Lake","M9","ON.M9","2013-10-15","2",12,45,45,0,0,NA,NA,NA,NA,"Y"
716,"P","Otty Lake","D7","ON.D7","2026-10-15","",16,305,305,5,34,6.8,0,NA,NA,"N"
717,"P","Otty Lake","D7","ON.D7","2026-10-15","",0,25,25,5,27,5.4,11,2.33333333333333,1.52752523165195,"N"
718,"M","Mud Lake","M3","ON.M3","2016-10-15","",0,11,7,5,60,12,20,8,2.82842712474619,"N"
719,"M","Mud Lake","M3","ON.M3","2016-10-15","",1,25,25,5,38,7.6,2,NA,NA,"N"
720,"P","Cow Bay QUBS","T6","EO.T6","2027-10-15","",12,195,195,5,100,20,0,NA,NA,"N"
721,"M","Mud Lake","M3","ON.M3","2016-10-15","15",0,10,9,5,49,9.8,49,39.7,6.30079360080935,"N"
722,"M","Mud Lake","M3","ON.M3","2016-10-15","15",0,20,15,5,42,8.4,0,NA,NA,"N"
725,"M","Horseshoe Lake","M1","ON.M1","2018-10-15","",0,13,10,5,48,9.6,48,19.8,4.4497190922574,"Y"
728,"M","Horseshoe Lake","M1","ON.M1","2018-10-15","",0,45,45,5,93,18.6,93,4.3,2.07364413533277,"Y"
731,"P","Scugog","D2","ON.D2","2026-10-15","5",0,30,25,4,28,7,28,4.33333333333333,2.08166599946613,"N"
732,"M","Barrie","M13","ON.M13","2017-10-15","",0,6,6,3,43,14.3333333333333,43,40.5,6.36396103067893,"Y"
733,"P","Scugog","D2","ON.D2","2026-10-15","2",0,20,18,5,58,11.6,24,2,1.4142135623731,"N"
734,"P","Scugog","D2","ON.D2","2026-10-15","",3,20,20,5,20,4,20,23.3333333333333,4.83045891539648,"N"
735,"P","Samuel de Champlain","D10","ON.D10","2011-10-15","",4,35,0,0,0,NA,NA,NA,NA,"N"
736,"P","Scugog","D2","ON.D2","2026-10-15","10",0,30,30,4,57,14.25,24,32,5.65685424949238,"N"
737,"M","Barrie","M13","ON.M13","2017-10-15","",0,35,32,5,122,24.4,0,NA,NA,"Y"
738,"M","Kagawong","M15","ON.M15","2010-10-15","",0,23,19,5,47,9.4,47,17.3,4.15932686861708,"N"
739,"M","Barrie","M13","ON.M13","2017-10-15","",0,27,27,5,86,17.2,19,60.5,7.77817459305202,"N"
740,"M","Barrie","M13","ON.M13","2017-10-15","",0,35,33,5,84,16.8,84,34.7,5.89067059000926,"Y"
741,"M","Kagawong","M15","ON.M15","2010-10-15","",2,14,10,5,22,4.4,22,8.8,2.96647939483827,"N"
742,"M","Barrie","M13","ON.M13","2017-10-15","",0,18,17,5,85,17,0,NA,NA,"N"
743,"M","Kagawong","M15","ON.M15","2010-10-15","",0,30,24,5,34,6.8,34,3.2,1.78885438199983,"N"
744,"M","Ferguson","M11","ON.M11","2010-10-15","25",0,8,4,5,12,2.4,12,4.66666666666667,2.16024689946929,"N"
745,"M","Lafarce","M14","ON.M14","2017-10-15","",0,27,27,5,45,9,23,14.3333333333333,3.78593889720018,"N"
746,"P","Samuel de Champlain","D10","ON.D10","2011-10-15","",2,20,0,0,0,NA,NA,NA,NA,"N"
747,"P","Cow Bay QUBS","T6","EO.T6","2027-10-15","",0,68,68,4,64,16,0,NA,NA,"N"
748,"M","Lafarce","M14","ON.M14","2017-10-15","",0,11,11,6,40,6.66666666666667,40,3.86666666666667,1.96638416050035,"N"
749,"M","Kagawong","M15","ON.M15","2010-10-15","",2,45,45,5,76,15.2,76,15.2,3.89871773792359,"N"
750,"M","Ferguson","M11","ON.M11","2010-10-15","20",7,100,2,2,12,6,12,2,1.4142135623731,"N"
