Date,Pop_ID,PopCode,PopCode2,Site_number,PopName,Prop_stems_flowering,Prop_stems_fruiting,Clump_num,Stems_per_clump_min,Stems_per_clump_max,Total_stems_in_area,Notes
09-10-15,D8,ON.D8,ON.D8,NA,Ardoch,95,95,6,10,15,60,"Found 0 green plants, no full fruit"
09-10-15,D8,ON.D8,ON.D8,NA,Ardoch,95,95,4,5,10,20,
09-10-15,D8,ON.D8,ON.D8,NA,Ardoch,95,95,10,10,15,100,
09-10-15,D8,ON.D8,ON.D8,NA,Ardoch,100,100,20,10,10,200,
09-10-15,D8,ON.D8,ON.D8,NA,Ardoch,100,100,10,15,25,150,
09-10-15,D8,ON.D8,ON.D8,NA,Ardoch,100,100,15,10,15,150,
09-10-15,D8,ON.D8,ON.D8,NA,Ardoch,90,90,13,5,10,65,
09-10-15,D8,ON.D8,ON.D8,NA,Ardoch,0,0,7,5,10,35,
09-10-15,D8,ON.D8,ON.D8,NA,Ardoch,0,0,12,5,10,60,
09-10-15,D8,ON.D8,ON.D8,NA,Ardoch,0,0,33,5,7,165,
09-10-15,D8,ON.D8,ON.D8,NA,Ardoch,10,10,100,3,10,300,
09-10-15,D8,ON.D8,ON.D8,NA,Ardoch,5,5,40,3,8,120,
09-10-15,D8,ON.D8,ON.D8,NA,Ardoch,0,0,8,10,15,80,
09-10-15,T13,ON.T13,ON.T13,1,Joes Lake,60,60,15,5,10,75,
09-10-15,T13,ON.T13,ON.T13,1,Joes Lake,10,10,11,5,30,55,"Found some green plants, Full fruit?"
09-10-15,T13,ON.T13,ON.T13,1,Joes Lake,10,10,13,7,27,91,
09-10-15,T13,ON.T13,ON.T13,2,Joes Lake,10,10,12,3,12,36,
09-10-15,T13,ON.T13,ON.T13,2,Joes Lake,5,5,35,8,25,280,
09-10-15,T13,ON.T13,ON.T13,2,Joes Lake,1,1,12,6,12,72,
09-10-15,T13,ON.T13,ON.T13,2,Joes Lake,1,1,60,5,27,300,
09-10-15,T13,ON.T13,ON.T13,2,Joes Lake,1,1,60,3,15,180,
09-10-15,T13,ON.T13,ON.T13,3,Joes Lake,10,10,100,10,15,1000,
09-10-15,T13,ON.T13,ON.T13,3,Joes Lake,10,10,60,12,15,720,
09-10-15,T13,ON.T13,ON.T13,3,Joes Lake,1,1,50,5,12,250,
09-10-15,T13,ON.T13,ON.T13,3,Joes Lake,5,5,100,5,12,500,
09-10-15,T13,ON.T13,ON.T13,3,Joes Lake,5,5,12,12,25,144,
09-10-15,T13,ON.T13,ON.T13,3,Joes Lake,1,1,2,3,5,6,Green leaves
09-10-15,T13,ON.T13,ON.T13,3,Joes Lake,0,0,5,10,10,50,Green leaves
09-10-15,T13,ON.T13,ON.T13,3,Joes Lake,0,0,1,10,10,10,this plant had green leaves on oct 9 2015
09-10-15,T13,ON.T13,ON.T13,3,Joes Lake,2,2,10,10,10,100,*2 stem W 12 fruit
09-10-15,T13,ON.T13,ON.T13,3,Joes Lake,5,0,20,20,40,400,0 seed
09-10-15,T13,ON.T13,ON.T13,3,Joes Lake,1,0,25,12,40,300,0 seed W fruit
09-10-15,T13,ON.T13,ON.T13,3,Joes Lake,3,0,NA,NA,NA,10,0
09-10-15,T13,ON.T13,ON.T13,3,Joes Lake,10,10,NA,NA,NA,200,
09-10-15,T13,ON.T13,ON.T13,3,Joes Lake,10,10,10,15,30,150,
09-10-15,T13,ON.T13,ON.T13,3,Joes Lake,10,10,NA,NA,NA,100,
09-10-15,T13,ON.T13,ON.T13,3,Joes Lake,80,80,NA,NA,NA,100,
09-10-15,T13,ON.T13,ON.T13,3,Joes Lake,80,80,NA,NA,NA,300,
09-10-15,T13,ON.T13,ON.T13,3,Joes Lake,80,80,NA,NA,NA,200,
09-10-15,T13,ON.T13,ON.T13,3,Joes Lake,10,10,15,7,30,105,
09-10-15,T13,ON.T13,ON.T13,3,Joes Lake,5,5,20,10,30,200,
09-10-15,T13,ON.T13,ON.T13,3,Joes Lake,1,1,10,5,12,50,
09-10-15,T13,ON.T13,ON.T13,3,Joes Lake,1,1,5,7,12,35,
09-10-15,T13,ON.T13,ON.T13,3,Joes Lake,1,1,25,5,12,125,
09-10-15,T13,ON.T13,ON.T13,3,Joes Lake,80,80,NA,NA,NA,100,
09-10-15,T13,ON.T13,ON.T13,3,Joes Lake,80,80,NA,NA,NA,1000,
09-10-15,T13,ON.T13,ON.T13,3,Joes Lake,80,80,12,8,12,96,
09-10-15,M11,ON.M11,ON.M11,NA,Ferguson Lake,100,100,80,4,8,320,Found big black fruits
09-10-15,M11,ON.M11,ON.M11,NA,Ferguson Lake,90,90,30,4,10,120,
09-10-15,M11,ON.M11,ON.M11,NA,Ferguson Lake,90,90,25,5,10,125,mostly small plants
09-10-15,M11,ON.M11,ON.M11,NA,Ferguson Lake,10,10,10,2,10,20,
09-10-15,M11,ON.M11,ON.M11,NA,Ferguson Lake,90,90,16,6,10,96,
09-10-15,M11,ON.M11,ON.M11,NA,Ferguson Lake,90,90,12,20,40,240,"Goop, Green plants"
09-10-15,M11,ON.M11,ON.M11,NA,Ferguson Lake,70,70,20,4,8,80,
09-10-15,M11,ON.M11,ON.M11,NA,Ferguson Lake,90,90,22,4,12,88,
09-10-15,M11,ON.M11,ON.M11,NA,Ferguson Lake,60,60,10,20,40,200,
09-10-15,M11,ON.M11,ON.M11,NA,Ferguson Lake,40,40,17,4,8,68,
09-10-15,M11,ON.M11,ON.M11,NA,Ferguson Lake,80,80,22,4,8,88,
09-10-15,M11,ON.M11,ON.M11,NA,Ferguson Lake,40,40,11,4,8,44,
09-10-15,M11,ON.M11,ON.M11,NA,Ferguson Lake,70,70,19,6,12,114,
09-10-15,M11,ON.M11,ON.M11,NA,Ferguson Lake,90,90,30,20,30,600,
09-10-15,M11,ON.M11,ON.M11,NA,Ferguson Lake,1,1,12,1,4,12,mostly plants from this year
09-10-15,M11,ON.M11,ON.M11,NA,Ferguson Lake,20,20,12,1,4,12,
09-10-15,M11,ON.M11,ON.M11,NA,Ferguson Lake,80,80,5,4,6,20,
09-10-15,M11,ON.M11,ON.M11,NA,Ferguson Lake,20,20,5,2,5,10,
09-10-15,M11,ON.M11,ON.M11,NA,Ferguson Lake,100,100,8,8,25,64,
09-10-15,M11,ON.M11,ON.M11,NA,Ferguson Lake,0,0,7,8,19,56,0 fruit?
09-10-15,M11,ON.M11,ON.M11,NA,Ferguson Lake,60,60,NA,NA,NA,55,
09-10-15,M11,ON.M11,ON.M11,NA,Ferguson Lake,90,90,18,4,10,72,
09-10-15,M11,ON.M11,ON.M11,NA,Ferguson Lake,90,90,12,3,8,36,
09-10-15,M11,ON.M11,ON.M11,NA,Ferguson Lake,80,80,15,3,9,45,
09-10-15,M11,ON.M11,ON.M11,NA,Ferguson Lake,80,80,8,20,40,160,
09-10-15,M11,ON.M11,ON.M11,NA,Ferguson Lake,40,40,9,4,6,36,
09-10-15,M11,ON.M11,ON.M11,NA,Ferguson Lake,1,1,8,4,8,32,
09-10-15,M11,ON.M11,ON.M11,NA,Ferguson Lake,70,70,9,3,5,27,
09-10-15,M11,ON.M11,ON.M11,NA,Ferguson Lake,50,50,4,4,10,16,
09-10-15,M11,ON.M11,ON.M11,NA,Ferguson Lake,90,90,5,20,30,100,
09-10-15,M11,ON.M11,ON.M11,NA,Ferguson Lake,100,100,23,6,12,138,
09-10-15,M11,ON.M11,ON.M11,NA,Ferguson Lake,95,95,NA,NA,NA,50,
09-10-15,M11,ON.M11,ON.M11,NA,Ferguson Lake,60,60,NA,NA,NA,100,
09-10-15,M11,ON.M11,ON.M11,NA,Ferguson Lake,10,10,NA,4,8,100,
10-10-15,NO M1,NO.M1,ON.M15,NA,Kagawong,100,100,9,5,7,45,
10-10-15,NO M1,NO.M1,ON.M15,NA,Kagawong,100,100,8,2,6,16,
10-10-15,NO M1,NO.M1,ON.M15,NA,Kagawong,100,100,12,2,4,24,
10-10-15,NO M1,NO.M1,ON.M15,NA,Kagawong,100,90,NA,NA,NA,150,some withi 0 seed
10-10-15,NO M1,NO.M1,ON.M15,NA,Kagawong,100,100,20,5,10,100,
10-10-15,NO M1,NO.M1,ON.M15,NA,Kagawong,95,95,100,2,4,200,
10-10-15,NO M1,NO.M1,ON.M15,NA,Kagawong,95,95,10,2,6,20,
10-10-15,NO M1,NO.M1,ON.M15,NA,Kagawong,100,100,25,4,12,100,
10-10-15,NO M1,NO.M1,ON.M15,NA,Kagawong,100,100,NA,8,10,200,
10-10-15,NO M1,NO.M1,ON.M15,NA,Kagawong,95,95,NA,4,10,200,
10-10-15,NO M1,NO.M1,ON.M15,NA,Kagawong,100,100,2,5,7,10,
10-10-15,NO M1,NO.M1,ON.M15,NA,Kagawong,90,90,8,6,12,48,
10-10-15,NO M1,NO.M1,ON.M15,NA,Kagawong,95,95,8,8,12,64,
10-10-15,NO M1,NO.M1,ON.M15,NA,Kagawong,95,95,NA,6,15,100,
10-10-15,NO M1,NO.M1,ON.M15,NA,Kagawong,95,95,NA,NA,NA,150,
10-10-15,NO M1,NO.M1,ON.M15,NA,Kagawong,90,90,9,4,6,36,
10-10-15,NO M1,NO.M1,ON.M15,NA,Kagawong,1,1,20,4,8,80,
10-10-15,NO M1,NO.M1,ON.M15,NA,Kagawong,40,40,8,4,8,32,
10-10-15,NO M1,NO.M1,ON.M15,NA,Kagawong,80,80,10,3,8,30,
10-10-15,NO M1,NO.M1,ON.M15,NA,Kagawong,0,0,NA,NA,NA,20,
10-10-15,NO M1,NO.M1,ON.M15,NA,Kagawong,80,80,8,2,4,16,
10-10-15,NO M1,NO.M1,ON.M15,NA,Kagawong,80,80,5,1,3,5,
11-10-15,NO D1,NO.D1,ON.D10,NA,Samuel de Champlain,80,5,15,30,40,450,
11-10-15,NO D1,NO.D1,ON.D10,NA,Samuel de Champlain,5,3,30,10,40,300,
11-10-15,NO D1,NO.D1,ON.D10,NA,Samuel de Champlain,60,35,NA,20,40,200,almost 0 seed per fruit
11-10-15,NO D1,NO.D1,ON.D10,NA,Samuel de Champlain,20,10,NA,NA,NA,250,Some Clumps with 0 flowers
11-10-15,NO D1,NO.D1,ON.D10,NA,Samuel de Champlain,5,1,NA,NA,NA,200,
11-10-15,NO D1,NO.D1,ON.D10,NA,Samuel de Champlain,5,1,NA,NA,NA,150,
11-10-15,NO D1,NO.D1,ON.D10,NA,Samuel de Champlain,5,3,NA,NA,NA,150,
11-10-15,NO D1,NO.D1,ON.D10,NA,Samuel de Champlain,1,1,NA,NA,NA,150,
11-10-15,NO D1,NO.D1,ON.D10,NA,Samuel de Champlain,5,0,NA,NA,NA,200,
11-10-15,NO D1,NO.D1,ON.D10,NA,Samuel de Champlain,5,0,NA,NA,NA,150,
11-10-15,NO D1,NO.D1,ON.D10,NA,Samuel de Champlain,40,1,NA,NA,NA,100,
11-10-15,NO D1,NO.D1,ON.D10,NA,Samuel de Champlain,0,0,NA,NA,NA,100,
11-10-15,NO D1,NO.D1,ON.D10,NA,Samuel de Champlain,5,0,50,4,8,200,
11-10-15,NO D1,NO.D1,ON.D10,NA,Samuel de Champlain,10,1,NA,NA,NA,200,
11-10-15,NO D1,NO.D1,ON.D10,NA,Samuel de Champlain,1,0,NA,NA,NA,100,
11-10-15,NO D1,NO.D1,ON.D10,NA,Samuel de Champlain,5,1,NA,NA,NA,250,
11-10-15,NO D1,NO.D1,ON.D10,NA,Samuel de Champlain,5,1,NA,NA,NA,50,
11-10-15,NO D1,NO.D1,ON.D10,NA,Samuel de Champlain,50,0,NA,NA,NA,300,
11-10-15,NO D1,NO.D1,ON.D10,NA,Samuel de Champlain,5,0,NA,NA,NA,100,
11-10-15,NO D1,NO.D1,ON.D10,NA,Samuel de Champlain,0,0,NA,NA,NA,100,
11-10-15,NO D1,NO.D1,ON.D10,NA,Samuel de Champlain,5,0,NA,20,40,100,
11-10-15,NO D1,NO.D1,ON.D10,NA,Samuel de Champlain,5,0,NA,NA,NA,200,
11-10-15,NO D1,NO.D1,ON.D10,NA,Samuel de Champlain,5,0,NA,NA,NA,200,
11-10-15,NO D1,NO.D1,ON.D10,NA,Samuel de Champlain,0,0,NA,NA,NA,300,
11-10-15,NO D1,NO.D1,ON.D10,NA,Samuel de Champlain,5,1,NA,NA,NA,100,
11-10-15,NO D1,NO.D1,ON.D10,NA,Samuel de Champlain,0,0,NA,NA,NA,200,
11-10-15,NO D1,NO.D1,ON.D10,NA,Samuel de Champlain,5,0,NA,NA,NA,150,
11-10-15,NO D1,NO.D1,ON.D10,NA,Samuel de Champlain,8,0,NA,NA,NA,500,
11-10-15,NO D1,NO.D1,ON.D10,NA,Samuel de Champlain,5,0,NA,NA,NA,200,
11-10-15,NO D1,NO.D1,ON.D10,NA,Samuel de Champlain,5,0,NA,NA,NA,200,
11-10-15,NO D1,NO.D1,ON.D10,NA,Samuel de Champlain,10,0,NA,NA,NA,100,
11-10-15,NO D1,NO.D1,ON.D10,NA,Samuel de Champlain,5,0,NA,NA,NA,250,
11-10-15,NO D1,NO.D1,ON.D10,NA,Samuel de Champlain,5,0,NA,NA,NA,150,
11-10-15,NO D1,NO.D1,ON.D10,NA,Samuel de Champlain,0,0,NA,NA,NA,40,
11-10-15,NO D1,NO.D1,ON.D10,NA,Samuel de Champlain,10,1,8,3,6,24,
11-10-15,NO D1,NO.D1,ON.D10,NA,Samuel de Champlain,40,5,NA,NA,NA,50,
11-10-15,NO D1,NO.D1,ON.D10,NA,Samuel de Champlain,90,40,8,2,8,16,
11-10-15,NO D1,NO.D1,ON.D10,NA,Samuel de Champlain,5,1,NA,NA,NA,500,
11-10-15,NO D1,NO.D1,ON.D10,NA,Samuel de Champlain,80,60,NA,NA,NA,50,
11-10-15,NO D1,NO.D1,ON.D10,NA,Samuel de Champlain,5,1,40,4,8,160,
11-10-15,NO D1,NO.D1,ON.D10,NA,Samuel de Champlain,5,1,20,2,3,40,
11-10-15,NO D1,NO.D1,ON.D10,NA,Samuel de Champlain,5,0,NA,NA,NA,150,
11-10-15,NO D1,NO.D1,ON.D10,NA,Samuel de Champlain,0,0,NA,NA,NA,300,
11-10-15,NO D1,NO.D1,ON.D10,NA,Samuel de Champlain,0,0,100,2,4,200,
11-10-15,NO D1,NO.D1,ON.D10,NA,Samuel de Champlain,0,0,100,2,5,200,
11-10-15,NO D1,NO.D1,ON.D10,NA,Samuel de Champlain,15,0,NA,NA,NA,250,
11-10-15,NO M2,NO.M2,ON.M16,NA,Corry Lake,10,7,10,2,8,20,
11-10-15,NO M2,NO.M2,ON.M16,NA,Corry Lake,60,50,NA,NA,NA,50,
11-10-15,NO M2,NO.M2,ON.M16,NA,Corry Lake,20,18,NA,NA,NA,50,
11-10-15,NO M2,NO.M2,ON.M16,NA,Corry Lake,0,0,5,1,5,5,
11-10-15,NO M2,NO.M2,ON.M16,NA,Corry Lake,100,100,10,2,6,20,
11-10-15,NO M2,NO.M2,ON.M16,NA,Corry Lake,50,50,NA,NA,NA,40,
11-10-15,NO M2,NO.M2,ON.M16,NA,Corry Lake,80,75,NA,NA,NA,100,
11-10-15,NO M2,NO.M2,ON.M16,NA,Corry Lake,5,5,NA,NA,NA,50,
11-10-15,NO M2,NO.M2,ON.M16,NA,Corry Lake,50,50,NA,NA,NA,200,
11-10-15,NO M2,NO.M2,ON.M16,NA,Corry Lake,30,30,NA,NA,NA,100,
11-10-15,NO M2,NO.M2,ON.M16,NA,Corry Lake,30,30,NA,NA,NA,100,
11-10-15,NO M2,NO.M2,ON.M16,NA,Corry Lake,40,40,NA,NA,NA,300,
11-10-15,NO M2,NO.M2,ON.M16,NA,Corry Lake,30,30,NA,NA,NA,100,
11-10-15,NO M2,NO.M2,ON.M16,NA,Corry Lake,100,100,NA,NA,NA,100,
11-10-15,NO M2,NO.M2,ON.M16,NA,Corry Lake,100,100,NA,NA,NA,100,
11-10-15,NO M2,NO.M2,ON.M16,NA,Corry Lake,90,90,NA,NA,NA,150,
11-10-15,NO M2,NO.M2,ON.M16,NA,Corry Lake,90,90,NA,NA,NA,50,
11-10-15,NO M2,NO.M2,ON.M16,NA,Corry Lake,90,90,NA,NA,NA,200,"Clonal plants still green, 5 clumps clonal lants with many secondary branches, 30 stems mostly clonal 2 flowery stems, 100 fruits, 50 stems 50 flower, 50 fruit "
11-10-15,NO M2,NO.M2,ON.M16,NA,Corry Lake,5,5,NA,NA,NA,30,this group of plants is mostly clonal and has many secondary branches
11-10-15,NO M2,NO.M2,ON.M16,NA,Corry Lake,50,50,NA,NA,NA,50,
11-10-15,NO M2,NO.M2,ON.M16,NA,Corry Lake,20,20,5,1,2,5,
11-10-15,NO M2,NO.M2,ON.M16,NA,Corry Lake,1,1,NA,NA,NA,50,
11-10-15,NO M2,NO.M2,ON.M16,NA,Corry Lake,15,10,NA,NA,NA,40,
11-10-15,NO M2,NO.M2,ON.M16,NA,Corry Lake,5,5,NA,NA,NA,20,
11-10-15,NO M2,NO.M2,ON.M16,NA,Corry Lake,80,70,NA,NA,NA,50,
11-10-15,NO M2,NO.M2,ON.M16,NA,Corry Lake,100,100,4,10,12,40,
11-10-15,NO M2,NO.M2,ON.M16,NA,Corry Lake,90,90,5,5,10,25,
11-10-15,NO M2,NO.M2,ON.M16,NA,Corry Lake,90,85,NA,NA,NA,80,
11-10-15,NO M2,NO.M2,ON.M16,NA,Corry Lake,90,85,NA,NA,NA,50,
12-10-15,M10,ON.M10,ON.M10,NA,Lac La Peche,100,100,NA,NA,NA,100,
12-10-15,M10,ON.M10,ON.M10,NA,Lac La Peche,100,100,NA,NA,NA,100,
12-10-15,M10,ON.M10,ON.M10,NA,Lac La Peche,100,100,NA,NA,NA,100,"100 plants, single stems but with 15_20 secondary branches"
13-10-15,M9,ON.M9,ON.M9,NA,Constance Lake ,80,80,NA,NA,NA,20,
13-10-15,M9,ON.M9,ON.M9,NA,Constance Lake ,20,20,NA,NA,NA,30,
13-10-15,M9,ON.M9,ON.M9,NA,Constance Lake ,30,15,NA,NA,NA,10,
13-10-15,M9,ON.M9,ON.M9,NA,Constance Lake ,80,70,NA,NA,NA,5,
13-10-15,M9,ON.M9,ON.M9,NA,Constance Lake ,10,10,10,1,2,10,many secondary branches
13-10-15,M9,ON.M9,ON.M9,NA,Constance Lake ,80,40,NA,NA,NA,25,"single stem, many with secondary branches"
13-10-15,M9,ON.M9,ON.M9,NA,Constance Lake ,30,20,10,1,2,10,many secondary branches
13-10-15,M9,ON.M9,ON.M9,NA,Constance Lake ,5,5,NA,NA,NA,20,"single stem, many with secondary branches"
13-10-15,M9,ON.M9,ON.M9,NA,Constance Lake ,60,55,NA,NA,NA,100,lots of parasite plant
13-10-15,M9,ON.M9,ON.M9,NA,Constance Lake ,80,80,NA,NA,NA,50,lots of parasite plant
13-10-15,M9,ON.M9,ON.M9,NA,Constance Lake ,50,50,NA,NA,NA,60,"lots of parasite plant, lots secondary branches"
13-10-15,M9,ON.M9,ON.M9,NA,Constance Lake ,80,70,NA,NA,NA,25,"lots of parasite plant, lots secondary branches"
13-10-15,M9,ON.M9,ON.M9,NA,Constance Lake ,70,55,NA,NA,NA,30,
13-10-15,M9,ON.M9,ON.M9,NA,Constance Lake ,90,85,NA,NA,NA,20,
13-10-15,M9,ON.M9,ON.M9,NA,Constance Lake ,80,80,NA,NA,NA,20,
13-10-15,M9,ON.M9,ON.M9,NA,Constance Lake ,10,0,NA,NA,NA,10,lots of parasite plant
13-10-15,M9,ON.M9,ON.M9,NA,Constance Lake ,10,10,NA,NA,NA,10,
13-10-15,M9,ON.M9,ON.M9,NA,Constance Lake ,40,40,NA,NA,NA,10,
13-10-15,M9,ON.M9,ON.M9,NA,Constance Lake ,0,0,NA,NA,NA,20,"lots of parasite plant, lots secondary branches"
13-10-15,M9,ON.M9,ON.M9,NA,Constance Lake ,20,10,NA,NA,NA,10,"lots of parasite plant, lots secondary branches"
13-10-15,M9,ON.M9,ON.M9,NA,Constance Lake ,30,0,NA,NA,NA,10,"lots of parasite plant, lots secondary branches"
13-10-15,M9,ON.M9,ON.M9,NA,Constance Lake ,10,10,NA,NA,NA,40,"lots of parasite plant, lots secondary branches"
13-10-15,M9,ON.M9,ON.M9,NA,Constance Lake ,50,50,NA,NA,NA,20,"lots of parasite plant,single stemmed  lots secondary branches"
13-10-15,M9,ON.M9,ON.M9,NA,Constance Lake ,50,50,NA,NA,NA,10,
13-10-15,M9,ON.M9,ON.M9,NA,Constance Lake ,50,30,NA,NA,NA,35,
13-10-15,M9,ON.M9,ON.M9,NA,Constance Lake ,0,0,NA,NA,NA,10,lots of secondary branches
13-10-15,M9,ON.M9,ON.M9,NA,Constance Lake ,5,5,NA,NA,NA,50,lots of secondary branches
13-10-15,M9,ON.M9,ON.M9,NA,Constance Lake ,30,20,NA,NA,NA,15,
13-10-15,M9,ON.M9,ON.M9,NA,Constance Lake ,30,30,NA,NA,NA,15,lots of parasite plant
13-10-15,M9,ON.M9,ON.M9,NA,Constance Lake ,30,30,1,12,12,12,
13-10-15,M9,ON.M9,ON.M9,NA,Constance Lake ,60,40,NA,NA,NA,100,lots of parasite plant
13-10-15,M8,ON.M8,ON.M8,NA,Jock River I,95,95,NA,NA,NA,30,
13-10-15,M8,ON.M8,ON.M8,NA,Jock River I,95,95,NA,NA,NA,40,
13-10-15,M8,ON.M8,ON.M8,NA,Jock River I,95,95,1,NA,NA,20,
13-10-15,M8,ON.M8,ON.M8,NA,Jock River I,100,100,8,12,20,96,
13-10-15,M8,ON.M8,ON.M8,NA,Jock River I,100,100,1,12,12,12,
13-10-15,M8,ON.M8,ON.M8,NA,Jock River I,100,100,1,NA,NA,20,
13-10-15,M8,ON.M8,ON.M8,NA,Jock River I,100,100,NA,NA,NA,50,
13-10-15,M8,ON.M8,ON.M8,NA,Jock River I,100,100,NA,NA,NA,100,
13-10-15,M8,ON.M8,ON.M8,NA,Jock River I,100,100,10,15,20,150,
13-10-15,M8,ON.M8,ON.M8,NA,Jock River I,100,100,2,12,25,24,
13-10-15,M8,ON.M8,ON.M8,NA,Jock River I,95,95,1,25,25,25,
13-10-15,M8,ON.M8,ON.M8,NA,Jock River I,10,10,1,12,12,12,
13-10-15,M8,ON.M8,ON.M8,NA,Jock River I,100,100,NA,NA,NA,100,
13-10-15,M8,ON.M8,ON.M8,NA,Jock River I,100,100,8,20,30,160,
13-10-15,M8,ON.M8,ON.M8,NA,Jock River I,100,100,NA,NA,NA,200,
13-10-15,M8,ON.M8,ON.M8,NA,Jock River I,100,100,NA,NA,NA,80,
13-10-15,M8,ON.M8,ON.M8,NA,Jock River I,90,90,NA,NA,NA,80,
13-10-15,M8,ON.M8,ON.M8,NA,Jock River I,70,70,NA,NA,NA,30,
15-10-15,T14,ON.T14,ON.T14,NA,Black River,10,10,NA,NA,NA,25,
15-10-15,T14,ON.T14,ON.T14,NA,Black River,90,90,14,1,2,14,but one clump with 10 plants
15-10-15,T14,ON.T14,ON.T14,NA,Black River,20,20,NA,NA,NA,10,
16-10-15,D2,ON.D2,ON.D2,NA,Scugog Lake,65,65,NA,NA,NA,50,
16-10-15,D2,ON.D2,ON.D2,NA,Scugog Lake,50,50,NA,NA,NA,20,
16-10-15,D2,ON.D2,ON.D2,NA,Scugog Lake,100,100,NA,NA,NA,10,
16-10-15,D2,ON.D2,ON.D2,NA,Scugog Lake,75,75,NA,NA,NA,50,
16-10-15,D2,ON.D2,ON.D2,NA,Scugog Lake,80,80,NA,NA,NA,20,
16-10-15,D2,ON.D2,ON.D2,NA,Scugog Lake,80,80,NA,NA,NA,20,
16-10-15,D2,ON.D2,ON.D2,NA,Scugog Lake,70,70,NA,NA,NA,20,
16-10-15,D2,ON.D2,ON.D2,NA,Scugog Lake,50,50,NA,NA,NA,20,
16-10-15,D2,ON.D2,ON.D2,NA,Scugog Lake,80,80,NA,NA,NA,10,
16-10-15,D2,ON.D2,ON.D2,NA,Scugog Lake,80,80,NA,NA,NA,200,
16-10-15,D2,ON.D2,ON.D2,NA,Scugog Lake,60,60,NA,NA,NA,20,
16-10-15,D2,ON.D2,ON.D2,NA,Scugog Lake,90,90,NA,NA,NA,25,
16-10-15,D2,ON.D2,ON.D2,NA,Scugog Lake,90,90,NA,NA,NA,150,
16-10-15,D2,ON.D2,ON.D2,NA,Scugog Lake,90,90,NA,NA,NA,30,
16-10-15,D2,ON.D2,ON.D2,NA,Scugog Lake,80,80,NA,NA,NA,500,
16-10-15,D2,ON.D2,ON.D2,NA,Scugog Lake,75,75,NA,NA,NA,150,Parasite in population 
16-10-15,D2,ON.D2,ON.D2,NA,Scugog Lake,90,90,NA,NA,NA,50,
16-10-15,D2,ON.D2,ON.D2,NA,Scugog Lake,90,90,NA,NA,NA,50,
16-10-15,D2,ON.D2,ON.D2,NA,Scugog Lake,90,90,NA,NA,NA,200,
16-10-15,D2,ON.D2,ON.D2,NA,Scugog Lake,90,90,NA,NA,NA,100,
16-10-15,D2,ON.D2,ON.D2,NA,Scugog Lake,60,60,NA,NA,NA,150,
16-10-15,M3,ON.M3,ON.M3,NA,Mud Lake,5,3,12,6,12,72,
16-10-15,M3,ON.M3,ON.M3,NA,Mud Lake,5,3,5,15,20,75,
16-10-15,M3,ON.M3,ON.M3,NA,Mud Lake,70,65,10,6,12,60,
16-10-15,M3,ON.M3,ON.M3,NA,Mud Lake,80,70,14,3,6,42,
16-10-15,M3,ON.M3,ON.M3,NA,Mud Lake,60,60,8,4,12,32,
16-10-15,M3,ON.M3,ON.M3,NA,Mud Lake,40,40,NA,NA,NA,10,
16-10-15,M3,ON.M3,ON.M3,NA,Mud Lake,1,0,NA,NA,NA,10,
16-10-15,M3,ON.M3,ON.M3,NA,Mud Lake,1,0,NA,NA,NA,10,
16-10-15,M3,ON.M3,ON.M3,NA,Mud Lake,0,0,NA,NA,NA,10,
16-10-15,M3,ON.M3,ON.M3,NA,Mud Lake,40,40,NA,NA,NA,100,
16-10-15,M3,ON.M3,ON.M3,NA,Mud Lake,60,60,NA,NA,NA,150,collection from 27 stems all were single stems in clumps of 2-12 clusters
16-10-15,M3,ON.M3,ON.M3,NA,Mud Lake,10,10,NA,NA,NA,150,"raining but saw several hundred more stems 20-50% flowering, no measure decrease in fruit seen"
16-10-15,M3,ON.M3,ON.M3,NA,Mud Lake,40,40,NA,NA,NA,100,"raining but saw several hundred more stems 20-50% flowering, no measure decrease in fruit seen"
16-10-15,M12,ON.M12,ON.M12,NA,West Holland River,100,85,NA,NA,NA,200,few seeds
16-10-15,M12,ON.M12,ON.M12,NA,West Holland River,90,80,NA,NA,NA,100,
16-10-15,M12,ON.M12,ON.M12,NA,West Holland River,100,100,NA,NA,NA,10,"many branches, few seeds"
16-10-15,M12,ON.M12,ON.M12,NA,West Holland River,100,90,NA,NA,NA,200,few seeds
16-10-15,M12,ON.M12,ON.M12,NA,West Holland River,100,100,NA,NA,NA,50,
16-10-15,M12,ON.M12,ON.M12,NA,West Holland River,100,100,NA,NA,NA,100,
16-10-15,M12,ON.M12,ON.M12,NA,West Holland River,95,95,NA,NA,NA,30,
16-10-15,M12,ON.M12,ON.M12,NA,West Holland River,100,100,NA,NA,NA,20,
16-10-15,M12,ON.M12,ON.M12,NA,West Holland River,100,100,NA,NA,NA,100,
16-10-15,M12,ON.M12,ON.M12,NA,West Holland River,95,95,NA,NA,NA,100,
17-10-15,M13,ON.M13,ON.M13,NA,Little Lake,100,100,NA,NA,NA,60,
17-10-15,M13,ON.M13,ON.M13,NA,Little Lake,80,80,NA,NA,NA,80,
17-10-15,M13,ON.M13,ON.M13,NA,Little Lake,70,70,NA,NA,NA,30,
17-10-15,M13,ON.M13,ON.M13,NA,Little Lake,95,95,NA,NA,NA,150,
17-10-15,M13,ON.M13,ON.M13,NA,Little Lake,90,90,NA,NA,NA,100,
17-10-15,M13,ON.M13,ON.M13,NA,Little Lake,90,90,NA,NA,NA,100,
17-10-15,M13,ON.M13,ON.M13,NA,Little Lake,50,50,NA,NA,NA,125,about 80 stems look like this years clones
17-10-15,M13,ON.M13,ON.M13,NA,Little Lake,0,0,NA,NA,NA,80,about 80 stems look like this years clones
17-10-15,M13,ON.M13,ON.M13,NA,Little Lake,85,85,NA,NA,NA,80,
17-10-15,M13,ON.M13,ON.M13,NA,Little Lake,90,90,NA,NA,NA,50,
17-10-15,M13,ON.M13,ON.M13,NA,Little Lake,90,90,NA,NA,NA,150,
17-10-15,M13,ON.M13,ON.M13,NA,Little Lake,80,80,NA,NA,NA,100,
17-10-15,M13,ON.M13,ON.M13,NA,Little Lake,95,95,NA,NA,NA,80,
17-10-15,M13,ON.M13,ON.M13,NA,Little Lake,60,60,NA,NA,NA,50,
17-10-15,M13,ON.M13,ON.M13,NA,Little Lake,40,40,NA,NA,NA,40,
17-10-15,M13,ON.M13,ON.M13,NA,Little Lake,50,50,NA,NA,NA,50,
17-10-15,M13,ON.M13,ON.M13,NA,Little Lake,95,95,NA,NA,NA,200,
17-10-15,M13,ON.M13,ON.M13,NA,Little Lake,20,20,NA,NA,NA,100,
17-10-15,M14,ON.M14,ON.M14,NA,Lafarce Lake,5,1,NA,NA,NA,250,passed 20-40 stems no dried flowers and no fruit
17-10-15,M14,ON.M14,ON.M14,NA,Lafarce Lake,0,0,NA,NA,NA,90,
17-10-15,M14,ON.M14,ON.M14,NA,Lafarce Lake,0,0,NA,NA,NA,20,
17-10-15,M14,ON.M14,ON.M14,NA,Lafarce Lake,0,0,NA,NA,NA,20,
17-10-15,M14,ON.M14,ON.M14,NA,Lafarce Lake,1,1,NA,NA,NA,100,
17-10-15,M14,ON.M14,ON.M14,NA,Lafarce Lake,0,0,NA,NA,NA,100,
17-10-15,M14,ON.M14,ON.M14,NA,Lafarce Lake,1,1,NA,NA,NA,50,
17-10-15,M14,ON.M14,ON.M14,NA,Lafarce Lake,1,1,NA,NA,NA,100,
17-10-15,M14,ON.M14,ON.M14,NA,Lafarce Lake,0,0,NA,NA,NA,100,
17-10-15,M14,ON.M14,ON.M14,NA,Lafarce Lake,0,0,NA,NA,NA,100,
17-10-15,M14,ON.M14,ON.M14,NA,Lafarce Lake,0,0,NA,NA,NA,100,
17-10-15,M14,ON.M14,ON.M14,NA,Lafarce Lake,1,0,2,2,2,4,
17-10-15,M14,ON.M14,ON.M14,NA,Lafarce Lake,0,0,NA,NA,NA,100,
17-10-15,M14,ON.M14,ON.M14,NA,Lafarce Lake,0,0,NA,NA,NA,100,
17-10-15,M14,ON.M14,ON.M14,NA,Lafarce Lake,13,13,NA,NA,NA,30,
17-10-15,M14,ON.M14,ON.M14,NA,Lafarce Lake,1,1,NA,NA,NA,100,
17-10-15,M14,ON.M14,ON.M14,NA,Lafarce Lake,1,1,NA,NA,NA,10,whole population is single stems almost no branching individuals
17-10-15,M14,ON.M14,ON.M14,NA,Lafarce Lake,1,1,NA,NA,NA,500,"<1% of pop has flowers left, most 80% made fruits"
18-10-15,M1,ON.M1,ON.M1,NA,Horseshoe Lake,100,100,NA,NA,NA,200,"Big plants, large single stems in thick clumps 9-12 stems"
18-10-15,M1,ON.M1,ON.M1,NA,Horseshoe Lake,100,100,NA,NA,NA,1000,Big clump one side of clumphas some non-fruited but still 95% flower and 95% fruit
18-10-15,M1,ON.M1,ON.M1,NA,Horseshoe Lake,95,95,NA,NA,NA,1000,"some stalks still greeen, not just clones, offshoots but main stems"
18-10-15,M1,ON.M1,ON.M1,NA,Horseshoe Lake,100,100,NA,NA,NA,500,
18-10-15,M1,ON.M1,ON.M1,NA,Horseshoe Lake,100,100,NA,NA,NA,500,
18-10-15,M1,ON.M1,ON.M1,NA,Horseshoe Lake,100,100,NA,NA,NA,1000,
18-10-15,M1,ON.M1,ON.M1,NA,Horseshoe Lake,100,100,NA,NA,NA,1000,still green
18-10-15,M1,ON.M1,ON.M1,NA,Horseshoe Lake,95,95,NA,NA,NA,500,
18-10-15,M1,ON.M1,ON.M1,NA,Horseshoe Lake,95,95,NA,NA,NA,1000,
23-10-15,T12,ON.T12,ON.T12,NA,Loch Garry,100,100,NA,NA,NA,60,
23-10-15,T12,ON.T12,ON.T12,NA,Loch Garry,95,95,NA,NA,NA,50,
23-10-15,T12,ON.T12,ON.T12,NA,Loch Garry,95,95,NA,NA,NA,50,
23-10-15,T12,ON.T12,ON.T12,NA,Loch Garry,95,95,NA,NA,NA,100,
23-10-15,T12,ON.T12,ON.T12,NA,Loch Garry,90,90,NA,NA,NA,150,
23-10-15,T12,ON.T12,ON.T12,NA,Loch Garry,50,50,NA,NA,NA,200,
23-10-15,T12,ON.T12,ON.T12,NA,Loch Garry,40,40,NA,NA,NA,200,
23-10-15,T12,ON.T12,ON.T12,NA,Loch Garry,95,95,NA,NA,NA,100,
23-10-15,T12,ON.T12,ON.T12,NA,Loch Garry,95,95,NA,NA,NA,50,
23-10-15,T12,ON.T12,ON.T12,NA,Loch Garry,100,100,NA,NA,NA,30,
23-10-15,T12,ON.T12,ON.T12,NA,Loch Garry,95,95,NA,NA,NA,150,
23-10-15,T12,ON.T12,ON.T12,NA,Loch Garry,85,85,NA,NA,NA,50,
23-10-15,T12,ON.T12,ON.T12,NA,Loch Garry,20,20,NA,NA,NA,100,
23-10-15,T12,ON.T12,ON.T12,NA,Loch Garry,85,85,NA,NA,NA,150,
23-10-15,T12,ON.T12,ON.T12,NA,Loch Garry,85,85,NA,NA,NA,150,
23-10-15,T12,ON.T12,ON.T12,NA,Loch Garry,80,80,NA,NA,NA,200,
23-10-15,T12,ON.T12,ON.T12,NA,Loch Garry,40,40,NA,NA,NA,200,parasite
23-10-15,T12,ON.T12,ON.T12,NA,Loch Garry,95,95,NA,NA,NA,150,
23-10-15,T12,ON.T12,ON.T12,NA,Loch Garry,95,95,NA,NA,NA,200,
24-10-15,M5,ON.M5,ON.M5,NA,Round Lake,100,50,NA,NA,NA,2,few thousand stems in round lake most flowering 60-80% and those flowering also 60-80% fruiting 
24-10-15,M5,ON.M5,ON.M5,NA,Round Lake,1,1,NA,NA,NA,10,
24-10-15,M5,ON.M5,ON.M5,NA,Round Lake,1,0.5,NA,NA,NA,20,
24-10-15,M5,ON.M5,ON.M5,NA,Round Lake,5,4,NA,NA,NA,20,
24-10-15,M5,ON.M5,ON.M5,NA,Round Lake,5,3,NA,NA,NA,20,
24-10-15,M5,ON.M5,ON.M5,NA,Round Lake,60,30,NA,NA,NA,20,
24-10-15,M5,ON.M5,ON.M5,NA,Round Lake,10,8,NA,NA,NA,20,
24-10-15,M5,ON.M5,ON.M5,NA,Round Lake,30,0,NA,NA,NA,3,
24-10-15,M5,ON.M5,ON.M5,NA,Round Lake,80,40,NA,NA,NA,20,
24-10-15,M5,ON.M5,ON.M5,NA,Round Lake,100,80,NA,NA,NA,20,
24-10-15,M5,ON.M5,ON.M5,NA,Round Lake,80,75,NA,NA,NA,20,
24-10-15,M5,ON.M5,ON.M5,NA,Round Lake,95,85,NA,NA,NA,30,
24-10-15,M5,ON.M5,ON.M5,NA,Round Lake,70,60,NA,NA,NA,20,
24-10-15,M5,ON.M5,ON.M5,NA,Round Lake,80,70,NA,NA,NA,20,
24-10-15,M5,ON.M5,ON.M5,NA,Round Lake,100,80,NA,NA,NA,50,
24-10-15,M5,ON.M5,ON.M5,NA,Round Lake,80,70,NA,NA,NA,15,
24-10-15,M5,ON.M5,ON.M5,NA,Round Lake,90,90,NA,NA,NA,10,
24-10-15,M5,ON.M5,ON.M5,NA,Round Lake,80,70,NA,NA,NA,50,
24-10-15,M5,ON.M5,ON.M5,NA,Round Lake,75,60,NA,NA,NA,100,
24-10-15,M5,ON.M5,ON.M5,NA,Round Lake,80,70,NA,NA,NA,100,
24-10-15,M5,ON.M5,ON.M5,NA,Round Lake,80,60,NA,NA,NA,100,
24-10-15,M5,ON.M5,ON.M5,NA,Round Lake,100,80,NA,NA,NA,10,
24-10-15,M5,ON.M5,ON.M5,NA,Round Lake,90,80,NA,NA,NA,100,
24-10-15,M6,ON.M6,ON.M6,NA,Hindon bog,15,5,NA,NA,NA,100,"population size is few hundre stems 30% flower, 5% fruiting "
24-10-15,M6,ON.M6,ON.M6,NA,Hindon bog,60,5,NA,NA,NA,20,
24-10-15,M6,ON.M6,ON.M6,NA,Hindon bog,40,0,NA,NA,NA,10,
24-10-15,M6,ON.M6,ON.M6,NA,Hindon bog,5,0,NA,NA,NA,10,
24-10-15,M6,ON.M6,ON.M6,NA,Hindon bog,20,0,NA,NA,NA,40,Those with 0 fruit miht have fruit with very low seed number
25-10-15,M2,ON.M2,ON.M2,NA,Jevins Lake,10,1,NA,NA,NA,200,Right at launch
25-10-15,M2,ON.M2,ON.M2,NA,Jevins Lake,1,0,NA,NA,NA,150,
25-10-15,M2,ON.M2,ON.M2,NA,Jevins Lake,0.5,0.5,NA,NA,NA,1000,
25-10-15,M2,ON.M2,ON.M2,NA,Jevins Lake,0.5,0.5,NA,NA,NA,500,
25-10-15,M2,ON.M2,ON.M2,NA,Jevins Lake,70,70,NA,NA,NA,50,
25-10-15,M2,ON.M2,ON.M2,NA,Jevins Lake,1,1,NA,NA,NA,500,
25-10-15,M2,ON.M2,ON.M2,NA,Jevins Lake,0.5,0.5,NA,NA,NA,200,
25-10-15,M2,ON.M2,ON.M2,NA,Jevins Lake,0,0,NA,NA,NA,100,
25-10-15,M2,ON.M2,ON.M2,NA,Jevins Lake,5,1,NA,NA,NA,200,
25-10-15,M2,ON.M2,ON.M2,NA,Jevins Lake,1,1,NA,NA,NA,200,
25-10-15,M2,ON.M2,ON.M2,NA,Jevins Lake,1,1,NA,NA,NA,100,pop. Size 5000 to 10000. very few flowering and in most with flowers made some fruit. Approximately  60% of flowers made fruit 
25-10-15,D9,ON.D9,ON.D9,NA,Pumphouse Marsh,90,90,NA,NA,NA,300,
25-10-15,D9,ON.D9,ON.D9,NA,Pumphouse Marsh,100,100,NA,NA,NA,200,
25-10-15,D9,ON.D9,ON.D9,NA,Pumphouse Marsh,100,100,NA,NA,NA,200,
25-10-15,D9,ON.D9,ON.D9,NA,Pumphouse Marsh,100,100,NA,NA,NA,150,
25-10-15,D9,ON.D9,ON.D9,NA,Pumphouse Marsh,100,100,NA,NA,NA,500,
25-10-15,D9,ON.D9,ON.D9,NA,Pumphouse Marsh,100,100,NA,NA,NA,500,
25-10-15,D9,ON.D9,ON.D9,NA,Pumphouse Marsh,100,100,NA,NA,NA,200,
25-10-15,D9,ON.D9,ON.D9,NA,Pumphouse Marsh,100,100,NA,NA,NA,200,
25-10-15,D9,ON.D9,ON.D9,NA,Pumphouse Marsh,100,100,NA,NA,NA,200,
25-10-15,D9,ON.D9,ON.D9,NA,Pumphouse Marsh,100,100,NA,NA,NA,200,
25-10-15,D9,ON.D9,ON.D9,NA,Pumphouse Marsh,100,100,NA,NA,NA,200,
25-10-15,D9,ON.D9,ON.D9,NA,Pumphouse Marsh,100,100,NA,NA,NA,500,
25-10-15,D9,ON.D9,ON.D9,NA,Pumphouse Marsh,100,100,NA,NA,NA,200,
26-10-15,D7,ON.D7,ON.D7,NA,Otty Lake,80,80,NA,NA,NA,200,
26-10-15,D7,ON.D7,ON.D7,NA,Otty Lake,100,100,NA,NA,NA,200,
26-10-15,D7,ON.D7,ON.D7,NA,Otty Lake,100,100,NA,NA,NA,200,
26-10-15,D7,ON.D7,ON.D7,NA,Otty Lake,100,100,NA,NA,NA,200,
26-10-15,D7,ON.D7,ON.D7,NA,Otty Lake,100,100,NA,NA,NA,200,
26-10-15,D7,ON.D7,ON.D7,NA,Otty Lake,100,100,NA,NA,NA,200,
26-10-15,D7,ON.D7,ON.D7,NA,Otty Lake,100,100,NA,NA,NA,200,
26-10-15,D7,ON.D7,ON.D7,NA,Otty Lake,100,100,NA,NA,NA,200,
26-10-15,D7,ON.D7,ON.D7,NA,Otty Lake,100,100,NA,NA,NA,200,
26-10-15,D7,ON.D7,ON.D7,NA,Otty Lake,100,100,NA,NA,NA,200,
26-10-15,D7,ON.D7,ON.D7,NA,Otty Lake,100,100,NA,NA,NA,200,
26-10-15,D7,ON.D7,ON.D7,NA,Otty Lake,100,100,NA,NA,NA,60,
26-10-15,D7,ON.D7,ON.D7,NA,Otty Lake,100,100,NA,NA,NA,100,
26-10-15,D7,ON.D7,ON.D7,NA,Otty Lake,100,100,NA,NA,NA,40,
26-10-15,D7,ON.D7,ON.D7,NA,Otty Lake,100,100,NA,NA,NA,10,
26-10-15,D7,ON.D7,ON.D7,NA,Otty Lake,100,100,NA,NA,NA,10,
26-10-15,D7,ON.D7,ON.D7,NA,Otty Lake,100,100,NA,NA,NA,200,
26-10-15,D7,ON.D7,ON.D7,NA,Otty Lake,100,100,NA,NA,NA,500,
26-10-15,T16,ON.T16,ON.T16,NA,Rideau Bird Sanctuary,100,100,NA,NA,NA,50,
26-10-15,T16,ON.T16,ON.T16,NA,Rideau Bird Sanctuary,100,100,NA,NA,NA,20,
26-10-15,T16,ON.T16,ON.T16,NA,Rideau Bird Sanctuary,90,90,NA,NA,NA,40,
26-10-15,T16,ON.T16,ON.T16,NA,Rideau Bird Sanctuary,100,100,NA,NA,NA,50,
26-10-15,T16,ON.T16,ON.T16,NA,Rideau Bird Sanctuary,1,0,NA,NA,NA,6,
27-10-15,T6,ON.T6,ON.T6,NA,Cow Island,100,100,NA,NA,NA,200,
27-10-15,T6,ON.T6,ON.T6,NA,Cow Island,100,100,NA,NA,NA,200,
27-10-15,T6,ON.T6,ON.T6,NA,Cow Island,100,100,NA,NA,NA,200,
27-10-15,T6,ON.T6,ON.T6,NA,Cow Island,100,100,NA,NA,NA,100,
27-10-15,T6,ON.T6,ON.T6,NA,Cow Island,100,100,NA,NA,NA,100,
27-10-15,T6,ON.T6,ON.T6,NA,Cow Island,100,100,NA,NA,NA,100,
27-10-15,T6,ON.T6,ON.T6,NA,Cow Island,100,100,NA,NA,NA,200,
27-10-15,T6,ON.T6,ON.T6,NA,Cow Island,100,100,NA,NA,NA,50,
27-10-15,T6,ON.T6,ON.T6,NA,Cow Island,100,100,NA,NA,NA,10,
27-10-15,T6,ON.T6,ON.T6,NA,Cow Island,100,100,NA,NA,NA,80,
27-10-15,T6,ON.T6,ON.T6,NA,Cow Island,100,100,NA,NA,NA,80,
27-10-15,T6,ON.T6,ON.T6,NA,Cow Island,100,100,NA,NA,NA,20,
27-10-15,T6,ON.T6,ON.T6,NA,Cow Island,100,100,NA,NA,NA,400,
25-10-15,M4,ON.M4,ON.M4,NA,Caledon Lake,5,0,NA,NA,NA,1000,only managed to survey few M 50-100 of the creek saw about 1000 plants pop is likely much bigger. Most stems not flowering 5% flowering and most of those failing to seed
30-10-15,D5,ON.D5,ON.D5,NA,Bewdley A,100,100,NA,NA,NA,20,
30-10-15,D5,ON.D5,ON.D5,NA,Bewdley A,100,100,NA,NA,NA,100,parasite present on some plants
30-10-15,D5,ON.D5,ON.D5,NA,Bewdley A,5,5,NA,NA,NA,100,parasite
30-10-15,D5,ON.D5,ON.D5,NA,Bewdley A,80,80,NA,NA,NA,100,"along shore, loads of parasite fruit. Smallish population, between 1000s maybe. 80% flowrering some places , 0 flower with loads parasite. When flower present nearly 100% fruit"