Envelope_ID,PopName,Pop_ID,PopCode,PopCode2,Date_collected,stems,Clump_size,Flower_number,Fruit_number,Secondary_branches,Notes,Seed number
148,Jock River I,M8,ON.M8,ON.M8,13-10-15,1,40,150,150,0,,
609,Jock River I,M8,ON.M8,ON.M8,13-10-15,1,20,30,30,0,,
455,Jock River I,M8,ON.M8,ON.M8,13-10-15,1,20,65,65,0,,
617,Jock River I,M8,ON.M8,ON.M8,13-10-15,1,30,80,80,0,,
421,Jock River I,M8,ON.M8,ON.M8,13-10-15,1,40,70,65,0,,
15,Jock River I,M8,ON.M8,ON.M8,13-10-15,1,20,45,40,0,,
571,Jock River I,M8,ON.M8,ON.M8,13-10-15,1,30,20,20,0,,
688,Jock River I,M8,ON.M8,ON.M8,13-10-15,1,5,60,55,12,,
7,Jock River I,M8,ON.M8,ON.M8,13-10-15,1,20,80,80,0,,
41,Jock River I,M8,ON.M8,ON.M8,13-10-15,1,20,90,90,0,,
357,Jock River I,M8,ON.M8,ON.M8,13-10-15,1,20,90,88,0,,
68,Jock River I,M8,ON.M8,ON.M8,13-10-15,1,30,130,125,0,,
30,Jock River I,M8,ON.M8,ON.M8,13-10-15,1,40,55,55,0,,
1,Jock River I,M8,ON.M8,ON.M8,13-10-15,1,12,14,8,0,sole stem in 12 with flowers,
247,Jock River I,M8,ON.M8,ON.M8,13-10-15,1,30,12,12,7,,
407,Jock River I,M8,ON.M8,ON.M8,13-10-15,1,25,65,65,0,,
59,Jock River I,M8,ON.M8,ON.M8,13-10-15,1,12,45,45,9,,
261,Jock River I,M8,ON.M8,ON.M8,13-10-15,1,25,20,20,20,large plant and still green ,
67,Jock River I,M8,ON.M8,ON.M8,13-10-15,1,15,45,45,0,,
118,Jock River I,M8,ON.M8,ON.M8,13-10-15,1,15,80,80,0,,
367,Jock River I,M8,ON.M8,ON.M8,13-10-15,1,>20,100,100,7,in large clump with more than 20 stems,
48,Jock River I,M8,ON.M8,ON.M8,13-10-15,1,20,25,25,0,,
629,Jock River I,M8,ON.M8,ON.M8,13-10-15,1,20,80,77,0,,
603,Jock River I,M8,ON.M8,ON.M8,13-10-15,1,35,20,20,0,,
423,Jock River I,M8,ON.M8,ON.M8,13-10-15,1,40,100,100,0,,
450,Jock River I,M8,ON.M8,ON.M8,13-10-15,1,25,90,90,0,,
380,Jock River I,M8,ON.M8,ON.M8,13-10-15,1,30,100,99,0,,
642,Jock River I,M8,ON.M8,ON.M8,13-10-15,1,,70,65,0,,
398,Jevins,M2,ON.M2,ON.M2,25-10-15,1,,44,25,0,plants were interspersed among tall grasses. Estimates of clump size could not be obtained. ,
304,Jevins,M2,ON.M2,ON.M2,25-10-15,1,,6,3,0,,
237,Jevins,M2,ON.M2,ON.M2,25-10-15,1,,18,5,8,these fruits likely have 1 seed so fruit num might need adjusting,
11,Jevins,M2,ON.M2,ON.M2,25-10-15,1,,4,0,0,,
214,Jevins,M2,ON.M2,ON.M2,25-10-15,1,,3,2,0,"1 fruit has 1 seed and other had 2 seeds, both have what looks like aborted seed",
288,Jevins,M2,ON.M2,ON.M2,25-10-15,1,,21,20,0,,
163,Jevins,M2,ON.M2,ON.M2,25-10-15,1,,10,3,0,,
241,Jevins,M2,ON.M2,ON.M2,25-10-15,1,,37,13,0,,
425,Jevins,M2,ON.M2,ON.M2,25-10-15,1,,25,17,0,,
387,Jevins,M2,ON.M2,ON.M2,25-10-15,1,,12,11,0,,
575,Jevins,M2,ON.M2,ON.M2,25-10-15,1,,6,5,0,,
600,Jevins,M2,ON.M2,ON.M2,25-10-15,1,,9,9,0,,
73,Jevins,M2,ON.M2,ON.M2,25-10-15,1,,11,10,0,,
548,Jevins,M2,ON.M2,ON.M2,25-10-15,1,,21,10,0,,
23,Jevins,M2,ON.M2,ON.M2,25-10-15,1,,15,7,0,,
465,Jevins,M2,ON.M2,ON.M2,25-10-15,1,,14,14,0,,
485,Jevins,M2,ON.M2,ON.M2,25-10-15,1,,33,20,0,,
668,Jevins,M2,ON.M2,ON.M2,25-10-15,1,,31,26,0,,
405,Jevins,M2,ON.M2,ON.M2,25-10-15,1,,10,10,0,possible that 10 fruit may be all aborted. Needs to be checked,
411,Jevins,M2,ON.M2,ON.M2,25-10-15,1,,2,0,0,,
351,Jevins,M2,ON.M2,ON.M2,25-10-15,1,,8,2,0,,
162,Jevins,M2,ON.M2,ON.M2,25-10-15,1,,5,0,0,,
201,Jevins,M2,ON.M2,ON.M2,25-10-15,1,,35,10,0,,
107,Jevins,M2,ON.M2,ON.M2,25-10-15,1,,21,7,7,,
228,Jevins,M2,ON.M2,ON.M2,25-10-15,1,,1,1,0,,
339,Jevins,M2,ON.M2,ON.M2,25-10-15,1,,4,1,0,,
277,Jevins,M2,ON.M2,ON.M2,25-10-15,1,,13,1,7,,
342,Jevins,M2,ON.M2,ON.M2,25-10-15,1,,18,9,0,,
371,Jevins,M2,ON.M2,ON.M2,25-10-15,2,2,2,1,0,,
349,Jevins,M2,ON.M2,ON.M2,25-10-15,1,,7,3,8,,
178,Jevins,M2,ON.M2,ON.M2,25-10-15,1,,9,0,0,,
58,Jevins,M2,ON.M2,ON.M2,25-10-15,2,,9,2,0,,
563,Jevins,M2,ON.M2,ON.M2,25-10-15,1,,22,3,0,,
528,Jevins,M2,ON.M2,ON.M2,25-10-15,1,,2,2,0,,
413,Jevins,M2,ON.M2,ON.M2,25-10-15,1,,4,1,0,,
249,Jevins,M2,ON.M2,ON.M2,25-10-15,1,,16,2,6,,
21,Jevins,M2,ON.M2,ON.M2,25-10-15,1,,8,0,0,,
497,Hindon bog,M6,ON.M6,ON.M6,24-10-15,1,,12,0,0,,
461,Hindon bog,M6,ON.M6,ON.M6,24-10-15,1,,15,0,0,,
650,Hindon bog,M6,ON.M6,ON.M6,24-10-15,1,,3,0,0,,
638,Hindon bog,M6,ON.M6,ON.M6,24-10-15,1,,2,0,5,,
587,Hindon bog,M6,ON.M6,ON.M6,24-10-15,1,,11,0,0,,
467,Hindon bog,M6,ON.M6,ON.M6,24-10-15,1,,2,0,0,,
343,Hindon bog,M6,ON.M6,ON.M6,24-10-15,1,,6,0,6,,
255,Hindon bog,M6,ON.M6,ON.M6,24-10-15,1,,3,0,0,,
5,Hindon bog,M6,ON.M6,ON.M6,24-10-15,1,,9,0,0,,
552,Hindon bog,M6,ON.M6,ON.M6,24-10-15,1,,12,0,0,,
100,Hindon bog,M6,ON.M6,ON.M6,24-10-15,1,,10,0,0,,
404,Hindon bog,M6,ON.M6,ON.M6,24-10-15,1,,11,0,0,,
90,Hindon bog,M6,ON.M6,ON.M6,24-10-15,1,,20,0,0,,
219,Hindon bog,M6,ON.M6,ON.M6,24-10-15,1,,4,4,0,,
579,Hindon bog,M6,ON.M6,ON.M6,24-10-15,1,,26,0,0,,
593,Hindon bog,M6,ON.M6,ON.M6,24-10-15,1,,25,14,0,,
324,Hindon bog,M6,ON.M6,ON.M6,24-10-15,1,,13,0,0,,
114,Hindon bog,M6,ON.M6,ON.M6,24-10-15,1,,2,0,0,,
298,Hindon bog,M6,ON.M6,ON.M6,24-10-15,1,,13,0,0,,
243,Hindon bog,M6,ON.M6,ON.M6,24-10-15,1,,19,0,0,,
276,Hindon bog,M6,ON.M6,ON.M6,24-10-15,1,,10,0,0,,
111,Hindon bog,M6,ON.M6,ON.M6,24-10-15,1,,19,0,0,,
45,Hindon bog,M6,ON.M6,ON.M6,24-10-15,1,,22,0,0,,
312,Hindon bog,M6,ON.M6,ON.M6,24-10-15,1,,8,0,0,,
193,Hindon bog,M6,ON.M6,ON.M6,24-10-15,1,,42,0,10,,
514,Hindon bog,M6,ON.M6,ON.M6,24-10-15,1,,21,0,0,,
530,Hindon bog,M6,ON.M6,ON.M6,24-10-15,1,,11,0,0,,
414,Hindon bog,M6,ON.M6,ON.M6,24-10-15,1,,7,2,0,,
246,Hindon bog,M6,ON.M6,ON.M6,24-10-15,1,,50,45,6,,
542,Round Lake,M5,ON.M5,ON.M5,24-10-15,1,,9,4,0,pop size is few thousand stems 60-80% flowering and 60=80% fruiting,
358,Round Lake,M5,ON.M5,ON.M5,24-10-15,1,,33,14,0,,
138,Round Lake,M5,ON.M5,ON.M5,24-10-15,1,,22,13,0,,
117,Round Lake,M5,ON.M5,ON.M5,24-10-15,1,,20,15,0,,
12,Round Lake,M5,ON.M5,ON.M5,24-10-15,1,15,50,50,18,,
141,Round Lake,M5,ON.M5,ON.M5,24-10-15,1,,2,2,0,,
42,Round Lake,M5,ON.M5,ON.M5,24-10-15,1,,11,4,0,,
657,Round Lake,M5,ON.M5,ON.M5,24-10-15,1,,12,3,0,,
683,Round Lake,M5,ON.M5,ON.M5,24-10-15,1,,120,110,12,,
623,Round Lake,M5,ON.M5,ON.M5,24-10-15,1,,4,3,0,,
555,Round Lake,M5,ON.M5,ON.M5,24-10-15,1,,15,6,0,,
517,Round Lake,M5,ON.M5,ON.M5,24-10-15,1,,10,8,0,,
153,Round Lake,M5,ON.M5,ON.M5,24-10-15,1,,105,105,5,big secondary branches,
540,Round Lake,M5,ON.M5,ON.M5,24-10-15,1,,12,3,0,,
183,Round Lake,M5,ON.M5,ON.M5,24-10-15,1,,23,15,0,,
213,Round Lake,M5,ON.M5,ON.M5,24-10-15,1,,3,3,0,,
310,Round Lake,M5,ON.M5,ON.M5,24-10-15,1,,90,85,3,,
299,Round Lake,M5,ON.M5,ON.M5,24-10-15,1,,55,50,9,,
223,Round Lake,M5,ON.M5,ON.M5,24-10-15,1,,20,15,0,,
144,Round Lake,M5,ON.M5,ON.M5,24-10-15,1,,11,9,0,,
365,Round Lake,M5,ON.M5,ON.M5,24-10-15,1,,15,7,0,,
244,Round Lake,M5,ON.M5,ON.M5,24-10-15,1,,60,50,0,,
129,Round Lake,M5,ON.M5,ON.M5,24-10-15,1,,65,50,6,ALL LATE ABORTED SEEDS,
84,Round Lake,M5,ON.M5,ON.M5,24-10-15,1,,11,7,0,,
273,Round Lake,M5,ON.M5,ON.M5,24-10-15,1,,8,0,6,,
95,Round Lake,M5,ON.M5,ON.M5,24-10-15,1,,10,6,0,,
303,Round Lake,M5,ON.M5,ON.M5,24-10-15,1,3,6,0,0,Only 1 stem in this clump with flowers in this bunch,
333,Round Lake,M5,ON.M5,ON.M5,24-10-15,1,,21,15,0,,
512,Round Lake,M5,ON.M5,ON.M5,24-10-15,1,,20,19,0,,
482,Round Lake,M5,ON.M5,ON.M5,24-10-15,1,,15,11,8,,
33,Loch Garry,T12,ON.T12,ON.T12,23-10-15,1,,85,80,0,parasites in population. Cuscuta americana,
334,Loch Garry,T12,ON.T12,ON.T12,23-10-15,1,,190,180,6,LATE ABORTED SEEDS,
510,Loch Garry,T12,ON.T12,ON.T12,23-10-15,1,6 to 8,12,12,0,,
29,Loch Garry,T12,ON.T12,ON.T12,23-10-15,1,,80,80,5,,
77,Loch Garry,T12,ON.T12,ON.T12,23-10-15,1,,230,225,9,,
104,Loch Garry,T12,ON.T12,ON.T12,23-10-15,1,,85,85,0,,
132,Loch Garry,T12,ON.T12,ON.T12,23-10-15,stema,,60,60,0,2 stems. This is first,
132,Loch Garry,T12,ON.T12,ON.T12,23-10-15,stemb,,35,35,0,2 stems this is second,
20,Loch Garry,T12,ON.T12,ON.T12,23-10-15,1,8,28,28,0,,
102,Loch Garry,T12,ON.T12,ON.T12,23-10-15,1,,75,75,0,,
90,Loch Garry,T12,ON.T12,ON.T12,23-10-15,1,5,210,20,14,,
81,Loch Garry,T12,ON.T12,ON.T12,23-10-15,1,,30,30,5,,
209,Loch Garry,T12,ON.T12,ON.T12,23-10-15,1,7,12,11,0,,
106,Loch Garry,T12,ON.T12,ON.T12,23-10-15,1,20,110,105,8,,
126,Loch Garry,T12,ON.T12,ON.T12,23-10-15,1,,50,50,7,,
133,Loch Garry,T12,ON.T12,ON.T12,23-10-15,1,4,45,45,3,,
17,Loch Garry,T12,ON.T12,ON.T12,23-10-15,1,20,30,30,0,,
65,Loch Garry,T12,ON.T12,ON.T12,23-10-15,1,4,65,55,0,,
69,Loch Garry,T12,ON.T12,ON.T12,23-10-15,1,20,9,9,0,,
49,Loch Garry,T12,ON.T12,ON.T12,23-10-15,1,10,12,12,0,parasite on plant,
315,Loch Garry,T12,ON.T12,ON.T12,23-10-15,1,10,40,38,0,,
124,Loch Garry,T12,ON.T12,ON.T12,23-10-15,1,10,60,60,4,parasite on plant,
26,Loch Garry,T12,ON.T12,ON.T12,23-10-15,1,4,50,50,18,,
513,Loch Garry,T12,ON.T12,ON.T12,23-10-15,1,5,205,205,11,,
543,Loch Garry,T12,ON.T12,ON.T12,23-10-15,1,4,55,55,0,ALL LATE ABORTED SEEDS,
572,Loch Garry,T12,ON.T12,ON.T12,23-10-15,1,,10,10,6,,
632,Loch Garry,T12,ON.T12,ON.T12,23-10-15,1,15,55,45,0,,
368,Loch Garry,T12,ON.T12,ON.T12,23-10-15,1,6,25,20,0,,
3,Loch Garry,T12,ON.T12,ON.T12,23-10-15,1,,200,190,8,,
34,Loch Garry,T12,ON.T12,ON.T12,23-10-15,1,,60,60,5,,
186,Loch Garry,T12,ON.T12,ON.T12,23-10-15,1,,45,40,0,,
156,Loch Garry,T12,ON.T12,ON.T12,23-10-15,1,10,45,43,8,,
220,Loch Garry,T12,ON.T12,ON.T12,23-10-15,1,,125,125,11,,
410,Pumphouse Marsh,D9,ON.D9,ON.D9,25-10-15,1,,215,215,6,plants were interspersed among tall grasses. Estimates of clump size could not be obtained. ,
348,Pumphouse Marsh,D9,ON.D9,ON.D9,25-10-15,1,,23,20,0,,
330,Pumphouse Marsh,D9,ON.D9,ON.D9,25-10-15,1,,105,105,0,,
327,Pumphouse Marsh,D9,ON.D9,ON.D9,25-10-15,1,,230,230,10,,
150,Pumphouse Marsh,D9,ON.D9,ON.D9,25-10-15,1,,500,500,8,,
108,Pumphouse Marsh,D9,ON.D9,ON.D9,25-10-15,1,,245,245,14,,
36,Pumphouse Marsh,D9,ON.D9,ON.D9,25-10-15,1,,130,130,8,,
6,Pumphouse Marsh,D9,ON.D9,ON.D9,25-10-15,1,,195,195,7,,
63,Pumphouse Marsh,D9,ON.D9,ON.D9,25-10-15,1,,320,320,14,,
671,Pumphouse Marsh,D9,ON.D9,ON.D9,25-10-15,1,,139,139,8,small secondary branches,
608,Pumphouse Marsh,D9,ON.D9,ON.D9,25-10-15,1,,144,144,7,,
516,Pumphouse Marsh,D9,ON.D9,ON.D9,25-10-15,1,,102,102,2,,
518,Pumphouse Marsh,D9,ON.D9,ON.D9,25-10-15,1,,115,115,0,,
309,Pumphouse Marsh,D9,ON.D9,ON.D9,25-10-15,1,,55,55,0,,
458,Pumphouse Marsh,D9,ON.D9,ON.D9,25-10-15,1,,70,70,0,,
216,Pumphouse Marsh,D9,ON.D9,ON.D9,25-10-15,1,,105,105,0,,
395,Pumphouse Marsh,D9,ON.D9,ON.D9,25-10-15,1,,95,95,0,,
336,Pumphouse Marsh,D9,ON.D9,ON.D9,25-10-15,1,,90,90,3,,
252,Pumphouse Marsh,D9,ON.D9,ON.D9,25-10-15,1,,134,134,2,,
515,Pumphouse Marsh,D9,ON.D9,ON.D9,25-10-15,1,,70,70,0,,
569,Pumphouse Marsh,D9,ON.D9,ON.D9,25-10-15,1,,175,175,4,,
605,Pumphouse Marsh,D9,ON.D9,ON.D9,25-10-15,1,,50,50,0,,
66,Pumphouse Marsh,D9,ON.D9,ON.D9,25-10-15,1,,88,88,4,,
8,Pumphouse Marsh,D9,ON.D9,ON.D9,25-10-15,1,,280,280,14,,
14,Pumphouse Marsh,D9,ON.D9,ON.D9,25-10-15,1,,345,345,14,,
452,Pumphouse Marsh,D9,ON.D9,ON.D9,25-10-15,1,,360,360,16,,
488,Pumphouse Marsh,D9,ON.D9,ON.D9,25-10-15,1,,490,490,17,,
539,Pumphouse Marsh,D9,ON.D9,ON.D9,25-10-15,1,,460,460,14,,
521,Pumphouse Marsh,D9,ON.D9,ON.D9,25-10-15,1,,215,215,12,,
401,Pumphouse Marsh,D9,ON.D9,ON.D9,25-10-15,1,,20,20,0,,
305,Pumphouse Marsh,D9,ON.D9,ON.D9,25-10-15,1,,210,210,16,,
321,Pumphouse Marsh,D9,ON.D9,ON.D9,25-10-15,1,,40,40,4,,
123,Pumphouse Marsh,D9,ON.D9,ON.D9,25-10-15,1,,180,180,10,,
306,Pumphouse Marsh,D9,ON.D9,ON.D9,25-10-15,1,,295,295,10,,
96,Pumphouse Marsh,D9,ON.D9,ON.D9,25-10-15,1,,65,65,6,,
346,Bewdley A,D5,ON.D5,ON.D5,30-10-15,stema,,300,280,10,2 stems this is first,parasites in population. Cuscuta americana
346,Bewdley A,D5,ON.D5,ON.D5,30-10-15,stemb,,30,30,0,2 stems this is second,
313,Bewdley A,D5,ON.D5,ON.D5,30-10-15,1,,80,80,10,parasite on plant,
392,Bewdley A,D5,ON.D5,ON.D5,30-10-15,1,,140,135,12,,
120,Bewdley A,D5,ON.D5,ON.D5,30-10-15,1,5,87,85,0,,
524,Bewdley A,D5,ON.D5,ON.D5,30-10-15,stema,,115,115,5,2 stems this is first,
524,Bewdley A,D5,ON.D5,ON.D5,30-10-15,stemb,,100,100,0,2 stems this is second,
614,Bewdley A,D5,ON.D5,ON.D5,30-10-15,1,,187,187,6,,
9,Bewdley A,D5,ON.D5,ON.D5,30-10-15,1,,265,265,14,,
225,Bewdley A,D5,ON.D5,ON.D5,30-10-15,1,,425,425,17,,
159,Bewdley A,D5,ON.D5,ON.D5,30-10-15,1,,85,85,5,,
39,Bewdley A,D5,ON.D5,ON.D5,30-10-15,1,15,95,90,7,small fruit,
307,Bewdley A,D5,ON.D5,ON.D5,30-10-15,stema,,165,165,8,,
307,Bewdley A,D5,ON.D5,ON.D5,30-10-15,stemb,,45,45,4,,
519,Bewdley A,D5,ON.D5,ON.D5,30-10-15,1,15,155,155,4,,
464,Bewdley A,D5,ON.D5,ON.D5,30-10-15,1,8,215,215,21,,
635,Bewdley A,D5,ON.D5,ON.D5,30-10-15,1,6,285,285,10,,
545,Bewdley A,D5,ON.D5,ON.D5,30-10-15,1,3,25,25,6,Only 2 of the secondary branches have flowers,
578,Bewdley A,D5,ON.D5,ON.D5,30-10-15,1,20,5,5,14,parasite on plant,
611,Bewdley A,D5,ON.D5,ON.D5,30-10-15,1,,110,110,14,6 secondary branches with flowers,
72,Bewdley A,D5,ON.D5,ON.D5,30-10-15,1,20,20,20,9,Only 2 secondary branches with flowers,
189,Bewdley A,D5,ON.D5,ON.D5,30-10-15,1,,100,100,10,,
97,Bewdley A,D5,ON.D5,ON.D5,30-10-15,1,,30,30,7,parasite on plant,
127,Bewdley A,D5,ON.D5,ON.D5,30-10-15,1,,125,125,6,,
70,Bewdley A,D5,ON.D5,ON.D5,30-10-15,1,12,55,55,0,parasite on plant,
40,Bewdley A,D5,ON.D5,ON.D5,30-10-15,1,4,5,5,12,this is the sole stem with flowers. Parasite on plants,
192,Bewdley A,D5,ON.D5,ON.D5,30-10-15,1,6,35,35,0,this is the only flowering stem in the clump and only one not smothered by parasite,
168,Bewdley A,D5,ON.D5,ON.D5,30-10-15,1,12,38,38,9,,
217,Bewdley A,D5,ON.D5,ON.D5,30-10-15,1,12,165,165,10,,
250,Bewdley A,D5,ON.D5,ON.D5,30-10-15,1,,155,150,8,parasite on plant,
554,Bewdley A,D5,ON.D5,ON.D5,30-10-15,1,6,20,18,3,,
665,Bewdley A,D5,ON.D5,ON.D5,30-10-15,stema,5,420,420,19,,
665,Bewdley A,D5,ON.D5,ON.D5,30-10-15,stemb,,20,20,4,stem looks broken,
422,Caledon,M4,ON.M4,ON.M4,25-10-15,1,,5,0,0,,
374,Caledon,M4,ON.M4,ON.M4,25-10-15,1,,3,1,0,,
345,Caledon,M4,ON.M4,ON.M4,25-10-15,1,,4,0,0,,
234,Caledon,M4,ON.M4,ON.M4,25-10-15,1,,5,0,0,,
177,Caledon,M4,ON.M4,ON.M4,25-10-15,1,,4,4,0,,
198,Caledon,M4,ON.M4,ON.M4,25-10-15,1,,22,7,0,check seeds in fruit,
87,Caledon,M4,ON.M4,ON.M4,25-10-15,1,,5,0,0,,
674,Caledon,M4,ON.M4,ON.M4,25-10-15,1,,15,4,0,,
641,Caledon,M4,ON.M4,ON.M4,25-10-15,1,,6,0,0,,
54,Caledon,M4,ON.M4,ON.M4,25-10-15,1,,55,25,6,,
18,Rideau Bird Sanctuary,T17,ON.T16,ON.T16,26-10-15,1,,55,0,0,although I have an envelope it is empty. I don't know where those fruits disappeared,
581,Rideau Bird Sanctuary,T17,ON.T16,ON.T16,26-10-15,1,20,20,20,0,,
130,Rideau Bird Sanctuary,T17,ON.T16,ON.T16,26-10-15,1,,50,50,6,,
174,Rideau Bird Sanctuary,T17,ON.T16,ON.T16,26-10-15,1,,36,36,0,,
195,Rideau Bird Sanctuary,T17,ON.T16,ON.T16,26-10-15,1,,55,55,0,,
180,Rideau Bird Sanctuary,T17,ON.T16,ON.T16,26-10-15,1,,110,110,8,,
78,Rideau Bird Sanctuary,T17,ON.T16,ON.T16,26-10-15,1,6,2,1,0,this is the only flowering stem in the clump,
620,Rideau Bird Sanctuary,T17,ON.T16,ON.T16,26-10-15,1,,50,50,3,,
551,Rideau Bird Sanctuary,T17,ON.T16,ON.T16,26-10-15,1,15,25,25,0,,
525,Rideau Bird Sanctuary,T17,ON.T16,ON.T16,26-10-15,1,10,50,50,0,,
109,Otty Lake,D7,ON.D7,ON.D7,26-10-15,1,,125,125,10,,
389,Otty Lake,D7,ON.D7,ON.D7,26-10-15,1,1,180,180,10,,
51,Otty Lake,D7,ON.D7,ON.D7,26-10-15,1,,189,189,6,,
240,Otty Lake,D7,ON.D7,ON.D7,26-10-15,1,,205,205,8,,
270,Otty Lake,D7,ON.D7,ON.D7,26-10-15,1,4,109,109,0,,
331,Otty Lake,D7,ON.D7,ON.D7,26-10-15,1,,87,87,0,,
434,Otty Lake,D7,ON.D7,ON.D7,26-10-15,1,10,295,295,11,,
416,Otty Lake,D7,ON.D7,ON.D7,26-10-15,1,,275,275,12,,
302,Otty Lake,D7,ON.D7,ON.D7,26-10-15,1,,80,80,10,,
717,Otty Lake,D7,ON.D7,ON.D7,26-10-15,1,,25,25,0,,
570,Otty Lake,D7,ON.D7,ON.D7,26-10-15,1,,150,150,6,,
536,Otty Lake,D7,ON.D7,ON.D7,26-10-15,1,,170,170,8,,
506,Otty Lake,D7,ON.D7,ON.D7,26-10-15,1,,360,360,8,,
242,Otty Lake,D7,ON.D7,ON.D7,26-10-15,1,,95,95,0,,
181,Otty Lake,D7,ON.D7,ON.D7,26-10-15,1,,170,170,2,,
4,Otty Lake,D7,ON.D7,ON.D7,26-10-15,1,,140,140,18,,
476,Otty Lake,D7,ON.D7,ON.D7,26-10-15,1,,115,115,0,,
89,Otty Lake,D7,ON.D7,ON.D7,26-10-15,1,,35,35,0,solo stem,
716,Otty Lake,D7,ON.D7,ON.D7,26-10-15,1,,305,305,16,,
601,Otty Lake,D7,ON.D7,ON.D7,26-10-15,1,,190,190,5,,
505,Otty Lake,D7,ON.D7,ON.D7,26-10-15,1,,120,120,8,,
478,Otty Lake,D7,ON.D7,ON.D7,26-10-15,1,,110,110,0,,
448,Otty Lake,D7,ON.D7,ON.D7,26-10-15,1,,168,168,4,,
356,Otty Lake,D7,ON.D7,ON.D7,26-10-15,1,,127,127,0,,
266,Otty Lake,D7,ON.D7,ON.D7,26-10-15,1,20,100,100,11,,
53,Otty Lake,D7,ON.D7,ON.D7,26-10-15,1,,258,258,6,,
28,Otty Lake,D7,ON.D7,ON.D7,26-10-15,1,,125,125,10,,
523,Otty Lake,D7,ON.D7,ON.D7,26-10-15,1,6,30,30,0,,
272,Otty Lake,D7,ON.D7,ON.D7,26-10-15,1,8,36,36,0,,
420,Otty Lake,D7,ON.D7,ON.D7,26-10-15,1,,85,85,5,,
390,Otty Lake,D7,ON.D7,ON.D7,26-10-15,stema,,85,85,0,collected this stem,
390,Otty Lake,D7,ON.D7,ON.D7,26-10-15,stemb,,80,80,0,,
419,Cow Bay QUBS,T6,ON.T6,EO.T6,27-10-15,stema,,39,39,0,,
419,Cow Bay QUBS,T6,ON.T6,EO.T6,27-10-15,stemb,,10,10,0,,
479,Cow Bay QUBS,T6,ON.T6,EO.T6,27-10-15,1,8,37,37,0,,
386,Cow Bay QUBS,T6,ON.T6,EO.T6,27-10-15,1,,258,258,12,,
360,Cow Bay QUBS,T6,ON.T6,EO.T6,27-10-15,1,,229,229,6,,
426,Cow Bay QUBS,T6,ON.T6,EO.T6,27-10-15,stema,,47,47,0,,
426,Cow Bay QUBS,T6,ON.T6,EO.T6,27-10-15,stemb,,37,37,0,,
747,Cow Bay QUBS,T6,ON.T6,EO.T6,27-10-15,1,,68,68,0,,
82,Cow Bay QUBS,T6,ON.T6,EO.T6,27-10-15,1,,82,82,10,,
10,Cow Bay QUBS,T6,ON.T6,EO.T6,27-10-15,1,,135,135,12,,
35,Cow Bay QUBS,T6,ON.T6,EO.T6,27-10-15,1,,105,105,1,,
185,Cow Bay QUBS,T6,ON.T6,EO.T6,27-10-15,1,6,37,37,8,these are 8 smallish branches with 0 flowers,
98,Cow Bay QUBS,T6,ON.T6,EO.T6,27-10-15,1,,55,55,4,,
215,Cow Bay QUBS,T6,ON.T6,EO.T6,27-10-15,1,,150,150,9,,
275,Cow Bay QUBS,T6,ON.T6,EO.T6,27-10-15,1,6,67,67,0,,
308,Cow Bay QUBS,T6,ON.T6,EO.T6,27-10-15,1,4,10,10,0,,
511,Cow Bay QUBS,T6,ON.T6,EO.T6,27-10-15,1,,115,110,4,,
509,Cow Bay QUBS,T6,ON.T6,EO.T6,27-10-15,1,,35,35,3,,
508,Cow Bay QUBS,T6,ON.T6,EO.T6,27-10-15,1,,100,100,4,,
359,Cow Bay QUBS,T6,ON.T6,EO.T6,27-10-15,1,,100,100,0,,
391,Cow Bay QUBS,T6,ON.T6,EO.T6,27-10-15,1,,145,145,6,,
364,Cow Bay QUBS,T6,ON.T6,EO.T6,27-10-15,1,,70,70,4,,
520,Cow Bay QUBS,T6,ON.T6,EO.T6,27-10-15,1,,80,80,3,,
451,Cow Bay QUBS,T6,ON.T6,EO.T6,27-10-15,1,,185,185,10,,
449,Cow Bay QUBS,T6,ON.T6,EO.T6,27-10-15,1,,110,110,4,,
720,Cow Bay QUBS,T6,ON.T6,EO.T6,27-10-15,1,,195,195,12,,
76,Cow Bay QUBS,T6,ON.T6,EO.T6,27-10-15,1,,85,85,4,,
62,Cow Bay QUBS,T6,ON.T6,EO.T6,27-10-15,1,,140,140,10,,
211,Cow Bay QUBS,T6,ON.T6,EO.T6,27-10-15,1,3,58,58,0,,
121,Cow Bay QUBS,T6,ON.T6,EO.T6,27-10-15,1,,53,53,0,,
152,Cow Bay QUBS,T6,ON.T6,EO.T6,27-10-15,1,,45,45,3,,
332,Cow Bay QUBS,T6,ON.T6,EO.T6,27-10-15,1,,50,50,0,,
500,Constance Lake,M9,ON.M9,ON.M9,13-10-15,1,,35,35,9,Only 1 branch had flowers,
713,Constance Lake,M9,ON.M9,ON.M9,13-10-15,1,,70,69,4,2 branches made flowers,
494,Constance Lake,M9,ON.M9,ON.M9,13-10-15,1,,35,35,6,,
119,Constance Lake,M9,ON.M9,ON.M9,13-10-15,1,,30,30,16,,
207,Constance Lake,M9,ON.M9,ON.M9,13-10-15,1,,25,0,13,,
680,Constance Lake,M9,ON.M9,ON.M9,13-10-15,1,,13,13,10,,
25,Constance Lake,M9,ON.M9,ON.M9,13-10-15,stema,,40,30,10,ALL LATE ABORTED SEEDS,
25,Constance Lake,M9,ON.M9,ON.M9,13-10-15,stemb,,0,0,20,,
149,Constance Lake,M9,ON.M9,ON.M9,13-10-15,1,,80,80,10,,
584,Constance Lake,M9,ON.M9,ON.M9,13-10-15,1,,20,20,9,,
110,Constance Lake,M9,ON.M9,ON.M9,13-10-15,1,,35,30,8,,
204,Constance Lake,M9,ON.M9,ON.M9,13-10-15,1,,20,20,9,parasite on plant,
258,Constance Lake,M9,ON.M9,ON.M9,13-10-15,1,,3,3,13,,
707,Constance Lake,M9,ON.M9,ON.M9,13-10-15,1,,45,20,11,,
13,Constance Lake,M9,ON.M9,ON.M9,13-10-15,1,,7,7,5,,
202,Constance Lake,M9,ON.M9,ON.M9,13-10-15,1,,10,7,8,,
140,Constance Lake,M9,ON.M9,ON.M9,13-10-15,1,,75,75,14,,
653,Constance Lake,M9,ON.M9,ON.M9,13-10-15,1,,35,30,12,ALL LATE ABORTED SEEDS,
565,Constance Lake,M9,ON.M9,ON.M9,13-10-15,1,,35,0,14,,
628,Constance Lake,M9,ON.M9,ON.M9,13-10-15,1,,15,8,6,,
658,Constance Lake,M9,ON.M9,ON.M9,13-10-15,1,,50,50,12,,
122,Constance Lake,M9,ON.M9,ON.M9,13-10-15,1,,21,11,8,ALL LATE ABORTED SEEDS,
598,Constance Lake,M9,ON.M9,ON.M9,13-10-15,1,12,75,75,9,ALL LATE ABORTED SEEDS,
710,Constance Lake,M9,ON.M9,ON.M9,13-10-15,1,,65,63,8,,
686,Constance Lake,M9,ON.M9,ON.M9,13-10-15,1,3,10,8,10,3 ramets each with 10 secondary branches loads of parasite on plants,
316,Constance Lake,M9,ON.M9,ON.M9,13-10-15,1,,35,30,13,,
322,Constance Lake,M9,ON.M9,ON.M9,13-10-15,1,,110,110,18,,
470,Constance Lake,M9,ON.M9,ON.M9,13-10-15,1,,10,10,8,,
282,Constance Lake,M9,ON.M9,ON.M9,13-10-15,1,,35,20,10,,
402,Constance Lake,M9,ON.M9,ON.M9,13-10-15,1,,60,60,10,,
377,Constance Lake,M9,ON.M9,ON.M9,13-10-15,1,2,15,12,8,,
590,Constance Lake,M9,ON.M9,ON.M9,13-10-15,1,,20,8,10,,
715,Constance Lake,M9,ON.M9,ON.M9,13-10-15,stema,2,45,45,12,2 stems the second stem has 9 secondary branches and 0 flowers,
715,Constance Lake,M9,ON.M9,ON.M9,13-10-15,stemb,,0,0,9,,
269,Mud Lake,M3,ON.M3,ON.M3,16-10-15,1,6,10,8,3,,
64,Mud Lake,M3,ON.M3,ON.M3,16-10-15,1,8,195,190,8,,
481,Mud Lake,M3,ON.M3,ON.M3,16-10-15,1,12,20,20,7,,
721,Mud Lake,M3,ON.M3,ON.M3,16-10-15,1,15,10,9,0,,
722,Mud Lake,M3,ON.M3,ON.M3,16-10-15,1,15,20,15,0,,
85,Mud Lake,M3,ON.M3,ON.M3,16-10-15,1,,75,60,0,,
56,Mud Lake,M3,ON.M3,ON.M3,16-10-15,1,,35,30,0,,
206,Mud Lake,M3,ON.M3,ON.M3,16-10-15,1,8,6,2,0,fruit1 has 3 seeds fruit2 1,4
239,Mud Lake,M3,ON.M3,ON.M3,16-10-15,1,8,11,0,0,might be all aborted fruit,
179,Mud Lake,M3,ON.M3,ON.M3,16-10-15,1,,15,10,0,,
151,Mud Lake,M3,ON.M3,ON.M3,16-10-15,1,,30,27,0,,
115,Mud Lake,M3,ON.M3,ON.M3,16-10-15,1,,55,45,0,,
24,Mud Lake,M3,ON.M3,ON.M3,16-10-15,1,,30,25,0,,
538,Mud Lake,M3,ON.M3,ON.M3,16-10-15,1,,5,3,0,,
362,Mud Lake,M3,ON.M3,ON.M3,16-10-15,1,,35,35,0,,
719,Mud Lake,M3,ON.M3,ON.M3,16-10-15,1,,25,25,1,,
569,Mud Lake,M3,ON.M3,ON.M3,16-10-15,1,,7,7,0,,
631,Mud Lake,M3,ON.M3,ON.M3,16-10-15,1,,10,9,0,,
203,Mud Lake,M3,ON.M3,ON.M3,16-10-15,1,,4,0,0,,
31,Mud Lake,M3,ON.M3,ON.M3,16-10-15,1,,5,3,0,,
718,Mud Lake,M3,ON.M3,ON.M3,16-10-15,1,,11,7,0,,
91,Mud Lake,M3,ON.M3,ON.M3,16-10-15,1,,45,40,0,,
27,Mud Lake,M3,ON.M3,ON.M3,16-10-15,1,,23,1,0,1 fruit with 6 seeds,
690,Mud Lake,M3,ON.M3,ON.M3,16-10-15,1,,20,17,0,,
691,Mud Lake,M3,ON.M3,ON.M3,16-10-15,1,,30,25,0,,
661,Mud Lake,M3,ON.M3,ON.M3,16-10-15,1,,21,20,0,,
610,Scugog,D2,ON.D2,ON.D2,26-10-15,1,,75,75,4,,
370,Scugog,D2,ON.D2,ON.D2,26-10-15,1,,25,23,2,,
675,Scugog,D2,ON.D2,ON.D2,26-10-15,1,5,120,120,0,,
285,Scugog,D2,ON.D2,ON.D2,26-10-15,1,8,50,49,0,,
734,Scugog,D2,ON.D2,ON.D2,26-10-15,1,,20,20,3,,
256,Scugog,D2,ON.D2,ON.D2,26-10-15,1,,90,90,0,,
634,Scugog,D2,ON.D2,ON.D2,26-10-15,1,9,65,60,6,,
427,Scugog,D2,ON.D2,ON.D2,26-10-15,1,,50,50,0,,
460,Scugog,D2,ON.D2,ON.D2,26-10-15,1,15,40,38,3,,
253,Scugog,D2,ON.D2,ON.D2,26-10-15,1,15,45,40,8,,
429,Scugog,D2,ON.D2,ON.D2,26-10-15,1,5,25,25,0,,
462,Scugog,D2,ON.D2,ON.D2,26-10-15,1,10,40,40,0,,
626,Scugog,D2,ON.D2,ON.D2,26-10-15,1,4,8,8,3,,
366,Scugog,D2,ON.D2,ON.D2,26-10-15,1,,15,15,0,,
736,Scugog,D2,ON.D2,ON.D2,26-10-15,1,10,30,30,0,,
294,Scugog,D2,ON.D2,ON.D2,26-10-15,1,6,65,60,5,,
373,Scugog,D2,ON.D2,ON.D2,26-10-15,1,,13,13,0,,
667,Scugog,D2,ON.D2,ON.D2,26-10-15,1,5,45,45,3,,
289,Scugog,D2,ON.D2,ON.D2,26-10-15,1,6,65,60,0,,
731,Scugog,D2,ON.D2,ON.D2,26-10-15,1,5,30,25,0,,
291,Scugog,D2,ON.D2,ON.D2,26-10-15,1,4,15,15,0,,
733,Scugog,D2,ON.D2,ON.D2,26-10-15,1,2,20,18,0,,
648,Scugog,D2,ON.D2,ON.D2,26-10-15,1,8,55,50,6,,
435,Scugog,D2,ON.D2,ON.D2,26-10-15,1,6,25,25,0,,
489,Scugog,D2,ON.D2,ON.D2,26-10-15,1,6,60,60,0,,
468,Scugog,D2,ON.D2,ON.D2,26-10-15,1,5 to 40,65,65,0,,
624,Scugog,D2,ON.D2,ON.D2,26-10-15,1,3,60,60,0,,
314,Scugog,D2,ON.D2,ON.D2,26-10-15,1,12,60,60,0,,
678,Scugog,D2,ON.D2,ON.D2,26-10-15,1,6,145,145,9,,
292,Black River ,T14,ON.T14,ON.T14,15-10-15,1,,20,20,14,,
372,Black River ,T14,ON.T14,ON.T14,15-10-15,1,,45,45,8,,
637,Black River ,T14,ON.T14,ON.T14,15-10-15,1,,35,34,0,,
259,Black River ,T14,ON.T14,ON.T14,15-10-15,1,,75,75,4,,
699,Black River ,T14,ON.T14,ON.T14,15-10-15,1,,12,10,4,,
702,Black River ,T14,ON.T14,ON.T14,15-10-15,1,,65,60,10,ALL LATE ABORTED SEEDS,
696,Black River ,T14,ON.T14,ON.T14,15-10-15,1,,28,26,0,,
340,Black River ,T14,ON.T14,ON.T14,15-10-15,1,3,55,55,0,,
651,Black River ,T14,ON.T14,ON.T14,15-10-15,1,,25,10,0,,
320,Black River ,T14,ON.T14,ON.T14,15-10-15,1,,35,35,20,,
284,Holland River,M12,ON.M12,ON.M12,15-10-15,1,,45,45,4,,
490,Holland River,M12,ON.M12,ON.M12,15-10-15,1,,20,20,11,,
332,Holland River,M12,ON.M12,ON.M12,15-10-15,1,,27,22,6,,
463,Holland River,M12,ON.M12,ON.M12,15-10-15,1,30,15,15,0,,
317,Holland River,M12,ON.M12,ON.M12,15-10-15,1,,365,365,12,,
280,Holland River,M12,ON.M12,ON.M12,15-10-15,1,,85,85,13,,
673,Holland River,M12,ON.M12,ON.M12,15-10-15,1,,30,30,13,,
557,Holland River,M12,ON.M12,ON.M12,15-10-15,1,,60,55,10,,
560,Holland River,M12,ON.M12,ON.M12,15-10-15,1,,125,125,16,,
546,Holland River,M12,ON.M12,ON.M12,15-10-15,1,,270,270,14,,
676,Holland River,M12,ON.M12,ON.M12,15-10-15,1,,70,70,0,,
549,Holland River,M12,ON.M12,ON.M12,15-10-15,1,,5,5,0,,
338,Holland River,M12,ON.M12,ON.M12,15-10-15,1,,230,230,9,,
558,Holland River,M12,ON.M12,ON.M12,15-10-15,1,,110,110,8,,
341,Holland River,M12,ON.M12,ON.M12,15-10-15,1,,30,30,12,,
613,Holland River,M12,ON.M12,ON.M12,15-10-15,1,,65,65,0,,
323,Holland River,M12,ON.M12,ON.M12,15-10-15,1,,95,95,10,,
553,Holland River,M12,ON.M12,ON.M12,15-10-15,1,,105,105,10,,
550,Holland River,M12,ON.M12,ON.M12,15-10-15,1,3,60,60,0,,
616,Holland River,M12,ON.M12,ON.M12,15-10-15,1,,55,55,9,,
287,Holland River,M12,ON.M12,ON.M12,15-10-15,1,30,21,21,2,,
697,Holland River,M12,ON.M12,ON.M12,15-10-15,1,,145,145,10,,
619,Holland River,M12,ON.M12,ON.M12,15-10-15,1,,15,15,0,,
643,Holland River,M12,ON.M12,ON.M12,15-10-15,1,,50,50,4,,
430,Holland River,M12,ON.M12,ON.M12,15-10-15,1,,65,65,18,,
290,Holland River,M12,ON.M12,ON.M12,15-10-15,1,,185,185,10,,
547,Holland River,M12,ON.M12,ON.M12,15-10-15,1,,55,54,0,,
700,Barrie,M13,ON.M13,ON.M13,17-10-15,1,,58,58,8,,
466,Barrie,M13,ON.M13,ON.M13,17-10-15,1,,33,33,0,,
493,Barrie,M13,ON.M13,ON.M13,17-10-15,1,6,55,55,0,,
679,Barrie,M13,ON.M13,ON.M13,17-10-15,1,2,30,30,0,,
640,Barrie,M13,ON.M13,ON.M13,17-10-15,1,,90,90,6,,
281,Barrie,M13,ON.M13,ON.M13,17-10-15,1,,60,60,4,,
739,Barrie,M13,ON.M13,ON.M13,17-10-15,stema,,11,11,0,,
739,Barrie,M13,ON.M13,ON.M13,17-10-15,stemb,,16,16,0,,
344,Barrie,M13,ON.M13,ON.M13,17-10-15,1,,33,33,9,,
737,Barrie,M13,ON.M13,ON.M13,17-10-15,1,,35,32,0,,
347,Barrie,M13,ON.M13,ON.M13,17-10-15,1,,17,17,0,,
740,Barrie,M13,ON.M13,ON.M13,17-10-15,1,,35,33,0,,
446,Barrie,M13,ON.M13,ON.M13,17-10-15,1,,12,12,0,,
187,Barrie,M13,ON.M13,ON.M13,17-10-15,1,,60,55,0,,
469,Barrie,M13,ON.M13,ON.M13,17-10-15,1,,45,44,0,,
742,Barrie,M13,ON.M13,ON.M13,17-10-15,1,,18,17,0,,
498,Barrie,M13,ON.M13,ON.M13,17-10-15,1,,25,24,0,,FEW LATE ABORTED SEEDS 
326,Barrie,M13,ON.M13,ON.M13,17-10-15,1,,40,35,0,,
561,Barrie,M13,ON.M13,ON.M13,17-10-15,1,,58,58,0,,
433,Barrie,M13,ON.M13,ON.M13,17-10-15,1,,100,100,8,,
681,Barrie,M13,ON.M13,ON.M13,17-10-15,1,,25,25,0,,
438,Barrie,M13,ON.M13,ON.M13,17-10-15,1,,140,140,5,,
654,Barrie,M13,ON.M13,ON.M13,17-10-15,1,,100,100,6,,
350,Barrie,M13,ON.M13,ON.M13,17-10-15,1,,70,70,0,,
293,Barrie,M13,ON.M13,ON.M13,17-10-15,1,,28,28,0,,
375,Barrie,M13,ON.M13,ON.M13,17-10-15,1,,50,47,0,,
262,Barrie,M13,ON.M13,ON.M13,17-10-15,1,,60,60,0,,
622,Barrie,M13,ON.M13,ON.M13,17-10-15,1,,65,65,0,,
732,Barrie,M13,ON.M13,ON.M13,17-10-15,1,,6,6,0,,
706,Barrie,M13,ON.M13,ON.M13,17-10-15,1,,75,75,0,,
295,Barrie,M13,ON.M13,ON.M13,17-10-15,1,,23,23,0,,
495,Barrie,M13,ON.M13,ON.M13,17-10-15,1,,40,40,0,,
564,Barrie,M13,ON.M13,ON.M13,17-10-15,1,,7,7,0,,
265,Barrie,M13,ON.M13,ON.M13,17-10-15,1,,16,15,0,,
682,Lafarce,M14,ON.M14,ON.M14,17-10-15,1,,11,11,0,,
268,Lafarce,M14,ON.M14,ON.M14,17-10-15,1,,3,3,0,,
684,Lafarce,M14,ON.M14,ON.M14,17-10-15,1,,9,9,0,,
471,Lafarce,M14,ON.M14,ON.M14,17-10-15,1,,17,17,0,,
660,Lafarce,M14,ON.M14,ON.M14,17-10-15,1,,16,14,0,,
441,Lafarce,M14,ON.M14,ON.M14,17-10-15,1,,7,2,0,,
627,Lafarce,M14,ON.M14,ON.M14,17-10-15,1,,14,14,0,,
745,Lafarce,M14,ON.M14,ON.M14,17-10-15,1,,27,27,0,,
376,Lafarce,M14,ON.M14,ON.M14,17-10-15,1,,15,15,0,,
378,Lafarce,M14,ON.M14,ON.M14,17-10-15,1,,4,4,0,,
444,Lafarce,M14,ON.M14,ON.M14,17-10-15,1,,8,8,0,,
630,Lafarce,M14,ON.M14,ON.M14,17-10-15,1,,14,14,0,,
567,Lafarce,M14,ON.M14,ON.M14,17-10-15,1,,19,19,0,,
329,Lafarce,M14,ON.M14,ON.M14,17-10-15,1,,12,3,0,,
474,Lafarce,M14,ON.M14,ON.M14,17-10-15,1,,14,12,0,,
496,Lafarce,M14,ON.M14,ON.M14,17-10-15,1,,16,16,0,,
55,Lafarce,M14,ON.M14,ON.M14,17-10-15,1,,10,10,0,,
278,Lafarce,M14,ON.M14,ON.M14,17-10-15,1,,12,10,0,,
599,Lafarce,M14,ON.M14,ON.M14,17-10-15,1,,1,1,0,,
709,Lafarce,M14,ON.M14,ON.M14,17-10-15,1,8,8,8,0,,
693,Lafarce,M14,ON.M14,ON.M14,17-10-15,1,3,40,7,0,,
447,Lafarce,M14,ON.M14,ON.M14,17-10-15,1,,9,6,0,,
271,Lafarce,M14,ON.M14,ON.M14,17-10-15,1,,26,26,0,,
297,Lafarce,M14,ON.M14,ON.M14,17-10-15,1,,23,23,0,,
381,Lafarce,M14,ON.M14,ON.M14,17-10-15,1,,3,3,0,,
352,Lafarce,M14,ON.M14,ON.M14,17-10-15,1,,15,15,0,,
748,Lafarce,M14,ON.M14,ON.M14,17-10-15,1,,11,11,0,"might have few seeds, 2 fruithave 1-3 seeds",
397,Lafarce,M14,ON.M14,ON.M14,17-10-15,1,,5,5,0,,
585,Lafarce,M14,ON.M14,ON.M14,17-10-15,1,,8,7,0,,
577,Horseshoe Lake,M1,ON.M1,ON.M1,18-10-15,1,,117,112,4,,
534,Horseshoe Lake,M1,ON.M1,ON.M1,18-10-15,1,,35,30,0,,
412,Horseshoe Lake,M1,ON.M1,ON.M1,18-10-15,1,,5,5,0,,
52,Horseshoe Lake,M1,ON.M1,ON.M1,18-10-15,1,,95,95,0,,
576,Horseshoe Lake,M1,ON.M1,ON.M1,18-10-15,1,,25,15,0,,
531,Horseshoe Lake,M1,ON.M1,ON.M1,18-10-15,1,,15,13,0,,
184,Horseshoe Lake,M1,ON.M1,ON.M1,18-10-15,1,,30,30,0,,
406,Horseshoe Lake,M1,ON.M1,ON.M1,18-10-15,1,,9,0,4,,
594,Horseshoe Lake,M1,ON.M1,ON.M1,18-10-15,1,,45,45,0,,
725,Horseshoe Lake,M1,ON.M1,ON.M1,18-10-15,1,,13,10,0,,
409,Horseshoe Lake,M1,ON.M1,ON.M1,18-10-15,1,,80,80,0,,
504,Horseshoe Lake,M1,ON.M1,ON.M1,18-10-15,1,,75,75,0,,
61,Horseshoe Lake,M1,ON.M1,ON.M1,18-10-15,1,,60,60,0,,
705,Horseshoe Lake,M1,ON.M1,ON.M1,18-10-15,1,,70,70,0,,
424,Horseshoe Lake,M1,ON.M1,ON.M1,18-10-15,1,,14,14,0,,
403,Horseshoe Lake,M1,ON.M1,ON.M1,18-10-15,1,,60,60,0,,
46,Horseshoe Lake,M1,ON.M1,ON.M1,18-10-15,1,,55,55,0,,
701,Horseshoe Lake,M1,ON.M1,ON.M1,18-10-15,1,,70,68,0,,
443,Horseshoe Lake,M1,ON.M1,ON.M1,18-10-15,1,,60,48,0,,
728,Horseshoe Lake,M1,ON.M1,ON.M1,18-10-15,1,,45,45,0,,
245,Horseshoe Lake,M1,ON.M1,ON.M1,18-10-15,1,,25,25,0,,
363,Horseshoe Lake,M1,ON.M1,ON.M1,18-10-15,1,,95,90,5,,
335,Horseshoe Lake,M1,ON.M1,ON.M1,18-10-15,1,,12,12,0,,
712,Horseshoe Lake,M1,ON.M1,ON.M1,18-10-15,1,,28,28,3,,
591,Horseshoe Lake,M1,ON.M1,ON.M1,18-10-15,1,,14,14,0,,
400,Horseshoe Lake,M1,ON.M1,ON.M1,18-10-15,1,,30,30,0,,
190,Horseshoe Lake,M1,ON.M1,ON.M1,18-10-15,1,,68,68,0,,
574,Horseshoe Lake,M1,ON.M1,ON.M1,18-10-15,1,,25,25,0,,
694,Horseshoe Lake,M1,ON.M1,ON.M1,18-10-15,2,,50,45,0,Only 1 stem flowering,
24,Horseshoe Lake,M1,ON.M1,ON.M1,18-10-15,1,,68,68,0,,
501,Horseshoe Lake,M1,ON.M1,ON.M1,18-10-15,2,,85,85,0,Only 1 stem flowering,
582,Lac LaPeche,M10,ON.M10,ON.M10,12-10-15,1,,80,80,3,,
597,Lac LaPeche,M10,ON.M10,ON.M10,12-10-15,1,,80,80,14,,
698,Lac LaPeche,M10,ON.M10,ON.M10,12-10-15,1,,20,20,15,,
708,Lac LaPeche,M10,ON.M10,ON.M10,12-10-15,2,,130,130,10,,
394,Lac LaPeche,M10,ON.M10,ON.M10,12-10-15,1,,20,20,3,,
537,Lac LaPeche,M10,ON.M10,ON.M10,12-10-15,1,,57,57,10,,
43,Lac LaPeche,M10,ON.M10,ON.M10,12-10-15,1,,25,25,0,,
382,Lac LaPeche,M10,ON.M10,ON.M10,12-10-15,1,,215,215,22,,
172,Lac LaPeche,M10,ON.M10,ON.M10,12-10-15,1,,26,25,0,,
235,Lac LaPeche,M10,ON.M10,ON.M10,12-10-15,1,,5,5,6,,
677,Lac LaPeche,M10,ON.M10,ON.M10,12-10-15,1,,20,20,12,,
325,Lac LaPeche,M10,ON.M10,ON.M10,12-10-15,1,,540,540,35,,
472,Lac LaPeche,M10,ON.M10,ON.M10,12-10-15,1,,150,150,15,,
499,Lac LaPeche,M10,ON.M10,ON.M10,12-10-15,1,,110,109,20,,
263,Lac LaPeche,M10,ON.M10,ON.M10,12-10-15,1,,65,65,0,,
439,Lac LaPeche,M10,ON.M10,ON.M10,12-10-15,1,,6,5,0,,
86,Lac LaPeche,M10,ON.M10,ON.M10,12-10-15,1,,65,65,7,,
583,Lac LaPeche,M10,ON.M10,ON.M10,12-10-15,1,,25,24,10,,
136,Lac LaPeche,M10,ON.M10,ON.M10,12-10-15,1,,175,175,13,,
296,Lac LaPeche,M10,ON.M10,ON.M10,12-10-15,1,,46,46,15,no flowers on secondary branches,
379,Lac LaPeche,M10,ON.M10,ON.M10,12-10-15,1,,55,50,0,,
666,Lac LaPeche,M10,ON.M10,ON.M10,12-10-15,1,,180,180,17,,
175,Lac LaPeche,M10,ON.M10,ON.M10,12-10-15,1,,145,145,16,,
47,Kagawong,M15,NO.M1,ON.M15,10-10-15,1,,25,25,0,,
300,Kagawong,M15,NO.M1,ON.M15,10-10-15,1,,150,150,2,,
157,Kagawong,M15,NO.M1,ON.M15,10-10-15,1,,35,35,0,,
145,Kagawong,M15,NO.M1,ON.M15,10-10-15,1,,14,14,4,2 branches have flowers,
311,Kagawong,M15,NO.M1,ON.M15,10-10-15,1,,40,40,3,,
687,Kagawong,M15,NO.M1,ON.M15,10-10-15,1,,110,110,2,,
749,Kagawong,M15,NO.M1,ON.M15,10-10-15,1,,45,45,2,,
741,Kagawong,M15,NO.M1,ON.M15,10-10-15,1,,14,10,2,,
139,Kagawong,M15,NO.M1,ON.M15,10-10-15,1,,12,8,6,2 branches with fruit,
224,Kagawong,M15,NO.M1,ON.M15,10-10-15,1,,25,25,2,,
74,Kagawong,M15,NO.M1,ON.M15,10-10-15,1,,100,100,2,,
44,Kagawong,M15,NO.M1,ON.M15,10-10-15,1,,55,55,2,,
170,Kagawong,M15,NO.M1,ON.M15,10-10-15,1,,115,115,2,,
142,Kagawong,M15,NO.M1,ON.M15,10-10-15,1,,100,100,2,,
659,Kagawong,M15,NO.M1,ON.M15,10-10-15,1,,100,100,0,very few seeds,
649,Kagawong,M15,NO.M1,ON.M15,10-10-15,1,,9,9,2,,
477,Kagawong,M15,NO.M1,ON.M15,10-10-15,1,,30,29,0,,
556,Kagawong,M15,NO.M1,ON.M15,10-10-15,1,,120,100,10,,
738,Kagawong,M15,NO.M1,ON.M15,10-10-15,1,,23,19,0,,
445,Kagawong,M15,NO.M1,ON.M15,10-10-15,1,,55,20,0,,
529,Kagawong,M15,NO.M1,ON.M15,10-10-15,1,,25,25,2,but only 1 branch has flowers,
656,Kagawong,M15,NO.M1,ON.M15,10-10-15,1,,70,70,0,,
662,Kagawong,M15,NO.M1,ON.M15,10-10-15,1,,30,30,3,1branch has flowers,
161,Kagawong,M15,NO.M1,ON.M15,10-10-15,1,,200,200,0,,
502,Kagawong,M15,NO.M1,ON.M15,10-10-15,1,,80,60,6,3 branches have flowers,
475,Kagawong,M15,NO.M1,ON.M15,10-10-15,1,,50,50,2,,
301,Kagawong,M15,NO.M1,ON.M15,10-10-15,1,,100,100,0,,
743,Kagawong,M15,NO.M1,ON.M15,10-10-15,1,,30,24,0,,
164,Kagawong,M15,NO.M1,ON.M15,10-10-15,1,,80,80,2,,
2,Corry Lake,M16,NO.M2,ON.M16,11-10-15,1,,50,50,0,,
128,Corry Lake,M16,NO.M2,ON.M16,11-10-15,1,,30,30,3,,
158,Corry Lake,M16,NO.M2,ON.M16,11-10-15,1,,20,20,2,,
473,Corry Lake,M16,NO.M2,ON.M16,11-10-15,1,20,500,500,2,,
588,Corry Lake,M16,NO.M2,ON.M16,11-10-15,1,,15,15,3,Only 1 branch had flowers,
37,Corry Lake,M16,NO.M2,ON.M16,11-10-15,1,,20,20,2,,
94,Corry Lake,M16,NO.M2,ON.M16,11-10-15,1,,70,70,8,,
299,Corry Lake,M16,NO.M2,ON.M16,11-10-15,1,,10,8,2,Only 1 branch had flowers,
75,Corry Lake,M16,NO.M2,ON.M16,11-10-15,1,,13,12,3,,
664,Corry Lake,M16,NO.M2,ON.M16,11-10-15,1,,100,95,5,,
105,Corry Lake,M16,NO.M2,ON.M16,11-10-15,1,,30,30,5,,
541,Corry Lake,M16,NO.M2,ON.M16,11-10-15,1,,8,8,2,,
328,Corry Lake,M16,NO.M2,ON.M16,11-10-15,1,,30,30,5,3 branches have flowers,
602,Corry Lake,M16,NO.M2,ON.M16,11-10-15,1,,20,20,3,Only 1 branch had flowers,
212,Corry Lake,M16,NO.M2,ON.M16,11-10-15,1,,10,10,2,Only 1 branch had flowers,
171,Corry Lake,M16,NO.M2,ON.M16,11-10-15,1,,8,5,2,Only 1 branch had flowers,
200,Corry Lake,M16,NO.M2,ON.M16,11-10-15,1,,55,55,4,,
93,Corry Lake,M16,NO.M2,ON.M16,11-10-15,1,,15,14,2,,
645,Corry Lake,M16,NO.M2,ON.M16,11-10-15,1,,30,30,4,,
165,Corry Lake,M16,NO.M2,ON.M16,11-10-15,1,,5,3,0,,
361,Corry Lake,M16,NO.M2,ON.M16,11-10-15,1,,24,21,0,,
60,Corry Lake,M16,NO.M2,ON.M16,11-10-15,1,,85,85,3,,
318,Corry Lake,M16,NO.M2,ON.M16,11-10-15,1,,20,18,0,,
492,Corry Lake,M16,NO.M2,ON.M16,11-10-15,1,,100,90,2,,
135,Corry Lake,M16,NO.M2,ON.M16,11-10-15,1,,15,15,10,,
522,Corry Lake,M16,NO.M2,ON.M16,11-10-15,1,,240,240,2,,
182,Corry Lake,M16,NO.M2,ON.M16,11-10-15,1,,55,55,3,,
103,Corry Lake,M16,NO.M2,ON.M16,11-10-15,1,,35,34,0,,
417,Corry Lake,M16,NO.M2,ON.M16,11-10-15,1,,11,11,2,,
503,Corry Lake,M16,NO.M2,ON.M16,11-10-15,1,,30,29,4,Only 2 of the secondary branches have flowers,
388,Samuel de Champlain,D10,ON.D1,ON.D10,11-10-15,1,,5,3,3,Only 1 branch had flowers,
436,Samuel de Champlain,D10,ON.D1,ON.D10,11-10-15,1,,15,0,3,,
80,Samuel de Champlain,D10,ON.D1,ON.D10,11-10-15,1,,35,0,2,,
418,Samuel de Champlain,D10,ON.D1,ON.D10,11-10-15,1,,20,0,2,,
71,Samuel de Champlain,D10,ON.D1,ON.D10,11-10-15,1,,12,0,3,looks like weevil damage,
415,Samuel de Champlain,D10,ON.D1,ON.D10,11-10-15,1,,10,0,2,,
83,Samuel de Champlain,D10,ON.D1,ON.D10,11-10-15,1,,38,10,0,,
38,Samuel de Champlain,D10,ON.D1,ON.D10,11-10-15,1,,50,25,0,,
526,Samuel de Champlain,D10,ON.D1,ON.D10,11-10-15,1,,10,0,5,,
169,Samuel de Champlain,D10,ON.D1,ON.D10,11-10-15,1,,7,0,2,,
746,Samuel de Champlain,D10,ON.D1,ON.D10,11-10-15,1,,20,0,2,,
260,Samuel de Champlain,D10,ON.D1,ON.D10,11-10-15,1,,6,0,0,,
735,Samuel de Champlain,D10,ON.D1,ON.D10,11-10-15,1,,35,0,4,"2 branches have flowers; CHANGED FRUIT COUNT TO 0, NO ABORTED SEEDS NO SEEDS =NOT FRUIT",
155,Samuel de Champlain,D10,ON.D1,ON.D10,11-10-15,1,,8,1,0,,
442,Samuel de Champlain,D10,ON.D1,ON.D10,11-10-15,1,,15,1,0,,
384,Samuel de Champlain,D10,ON.D1,ON.D10,11-10-15,1,,12,7,0,,
199,Samuel de Champlain,D10,ON.D1,ON.D10,11-10-15,1,,20,1,0,,
625,Samuel de Champlain,D10,ON.D1,ON.D10,11-10-15,1,,10,0,3,,
507,Samuel de Champlain,D10,ON.D1,ON.D10,11-10-15,1,,30,10,2,low seed in fruit,
646,Samuel de Champlain,D10,ON.D1,ON.D10,11-10-15,1,8,10,1,0,,
385,Samuel de Champlain,D10,ON.D1,ON.D10,11-10-15,1,2,10,0,0,,
196,Samuel de Champlain,D10,ON.D1,ON.D10,11-10-15,1,50,100,0,0,,
230,Samuel de Champlain,D10,ON.D1,ON.D10,11-10-15,1,,80,26,7,,
353,Samuel de Champlain,D10,ON.D1,ON.D10,11-10-15,1,36,50,25,0,Only 4 stems in clump with flowers,
663,Samuel de Champlain,D10,ON.D1,ON.D10,11-10-15,1,10,25,21,0,Only 1 stem in bunch with flowers,
238,Samuel de Champlain,D10,ON.D1,ON.D10,11-10-15,1,,1,1,2,,
221,Samuel de Champlain,D10,ON.D1,ON.D10,11-10-15,1,16,11,1,0,4 stems with flowers; CHANGED TO 1 FRUIT FROM 4 BECAUSE NONE OF THE FRUITS HAD ABORTED SEEDS OR SEEDS,
166,Samuel de Champlain,D10,ON.D1,ON.D10,11-10-15,1,41,5,4,0,3 stems with flowers,
227,Samuel de Champlain,D10,ON.D1,ON.D10,11-10-15,1,14,1,1,0,,
559,Samuel de Champlain,D10,ON.D1,ON.D10,11-10-15,1,4,9,1,0,Only 1 stem with flowers,
218,Samuel de Champlain,D10,ON.D1,ON.D10,11-10-15,1,8,10,0,0,,
704,Samuel de Champlain,D10,ON.D1,ON.D10,11-10-15,1,9,10,1,0,,
580,Samuel de Champlain,D10,ON.D1,ON.D10,11-10-15,1,11,32,25,7,,
595,Ardoch,D8,ON.D8,ON.D8,10-10-15,1,,95,60,6,,
194,Ardoch,D8,ON.D8,ON.D8,10-10-15,1,,16,1,6,"CHANGED FROM 4 FRUIT TO 1, WHEN OPENED THE 3 FRUITS IN LAB THERE WAS NOTHING IN THEM",
112,Ardoch,D8,ON.D8,ON.D8,10-10-15,1,20,2,2,2,,
231,Ardoch,D8,ON.D8,ON.D8,10-10-15,1,9,37,37,0,,
191,Ardoch,D8,ON.D8,ON.D8,10-10-15,1,4,50,45,0,,
566,Ardoch,D8,ON.D8,ON.D8,10-10-15,1,,19,16,0,,
527,Ardoch,D8,ON.D8,ON.D8,10-10-15,1,,53,52,0,,
143,Ardoch,D8,ON.D8,ON.D8,10-10-15,1,12,100,90,12,,
592,Ardoch,D8,ON.D8,ON.D8,10-10-15,1,,137,117,0,,
437,Ferguson,M11,ON.M11,ON.M11,10-10-15,1,,40,0,0,might have high aborted seeds,
210,Ferguson,M11,ON.M11,ON.M11,10-10-15,1,,60,12,8,4 branches have flowers,
431,Ferguson,M11,ON.M11,ON.M11,10-10-15,1,,130,125,9,,
188,Ferguson,M11,ON.M11,ON.M11,10-10-15,1,,80,20,4,1 branch has flowers,
19,Ferguson,M11,ON.M11,ON.M11,10-10-15,1,,160,5,0,,
685,Ferguson,M11,ON.M11,ON.M11,10-10-15,1,,118,95,0,,
134,Ferguson,M11,ON.M11,ON.M11,10-10-15,1,11,45,45,7,,
236,Ferguson,M11,ON.M11,ON.M11,10-10-15,1,,135,120,4,,
146,Ferguson,M11,ON.M11,ON.M11,10-10-15,1,30,75,35,3,,
750,Ferguson,M11,ON.M11,ON.M11,10-10-15,1,20,100,2,7,1 fruit has 7 seeds 1 fruit has 5,11
744,Ferguson,M11,ON.M11,ON.M11,10-10-15,1,25,8,4,0,,
573,Ferguson,M11,ON.M11,ON.M11,10-10-15,1,,30,4,3,,
116,Ferguson,M11,ON.M11,ON.M11,10-10-15,1,,30,4,4,,
16,Ferguson,M11,ON.M11,ON.M11,10-10-15,1,,25,1,4,,
131,Ferguson,M11,ON.M11,ON.M11,10-10-15,1,,50,2,0,1 fruit 1 seed,
226,Ferguson,M11,ON.M11,ON.M11,10-10-15,1,,40,0,0,,
586,Ferguson,M11,ON.M11,ON.M11,10-10-15,1,,28,24,3,,
125,Ferguson,M11,ON.M11,ON.M11,10-10-15,1,,30,4,5,20 seeds total,20
491,Ferguson,M11,ON.M11,ON.M11,10-10-15,1,,28,6,3,,
533,Ferguson,M11,ON.M11,ON.M11,10-10-15,1,,45,7,8,1 fruit has 4 seed 1 fruit has 2 ,
589,Ferguson,M11,ON.M11,ON.M11,10-10-15,1,,25,20,4,,
596,Ferguson,M11,ON.M11,ON.M11,10-10-15,1,,15,0,5,1 branch has flowers,
408,Ferguson,M11,ON.M11,ON.M11,10-10-15,1,,28,0,3,1 branch has flowers,
101,Ferguson,M11,ON.M11,ON.M11,10-10-15,1,,55,0,0,solo stem,
383,Ferguson,M11,ON.M11,ON.M11,10-10-15,1,,25,0,3,,
440,Ferguson,M11,ON.M11,ON.M11,10-10-15,1,,45,0,3,,
393,Ferguson,M11,ON.M11,ON.M11,10-10-15,1,,45,0,5,,
355,Ferguson,M11,ON.M11,ON.M11,10-10-15,1,,25,0,2,,
399,Ferguson,M11,ON.M11,ON.M11,10-10-15,1,,40,0,6,,
428,Ferguson,M11,ON.M11,ON.M11,10-10-15,1,,11,0,5,,
319,Ferguson,M11,ON.M11,ON.M11,10-10-15,1,,12,12,5,,
354,Ferguson,M11,ON.M11,ON.M11,10-10-15,1,,100,10,3,,
167,Kagawong,M15,NO.M1,ON.M15,10-10-15,1,,75,75,4,,
532,Kagawong,M15,NO.M1,ON.M15,10-10-15,1,,115,115,0,,
535,Joes Lake,T13,ON.T13,ON.T13,09-10-15,1,15,29,13,15,3 branches have flowers,
562,Joes Lake,T13,ON.T13,ON.T13,09-10-15,1,,49,48,15,3 branches have flowers,
652,Joes Lake,T13,ON.T13,ON.T13,09-10-15,1,,60,52,7,2 branches have flowers,
173,Joes Lake,T13,ON.T13,ON.T13,09-10-15,1,,11,10,20,2 branches have flowers,
655,Joes Lake,T13,ON.T13,ON.T13,09-10-15,1,,38,36,10,1 branch has flowers,
233,Joes Lake,T13,ON.T13,ON.T13,09-10-15,1,,19,18,6,1 branch has flowers,
176,Joes Lake,T13,ON.T13,ON.T13,09-10-15,1,,10,10,13,1 branch has flowers,
544,Joes Lake,T13,ON.T13,ON.T13,09-10-15,1,,6,6,7,1 branch has flowers,
205,Joes Lake,T13,ON.T13,ON.T13,09-10-15,1,,8,8,5,1 branch has flowers,
396,Joes Lake,T13,ON.T13,ON.T13,09-10-15,1,,9,1,6,1 branch has flowers,
79,Joes Lake,T13,ON.T13,ON.T13,09-10-15,1,,9,0,12,1 branch has flowers,
714,Joes Lake,T13,ON.T13,ON.T13,09-10-15,1,,8,6,8,1 branch has flowers,
113,Joes Lake,T13,ON.T13,ON.T13,09-10-15,1,,14,0,7,1 branch has flowers,
711,Joes Lake,T13,ON.T13,ON.T13,09-10-15,1,,70,30,10,,
154,Joes Lake,T13,ON.T13,ON.T13,09-10-15,1,,45,43,8,1 branch has flowers,
606,Joes Lake,T13,ON.T13,ON.T13,09-10-15,1,,77,77,10,7 branches with flowers,
197,Joes Lake,T13,ON.T13,ON.T13,09-10-15,1,,50,50,10,,
22,Joes Lake,T13,ON.T13,ON.T13,09-10-15,1,,55,55,10,3 branches have flowers,
267,Joes Lake,T13,ON.T13,ON.T13,09-10-15,1,,55,55,3,3 branches have flowers,
695,Joes Lake,T13,ON.T13,ON.T13,09-10-15,1,,55,50,12,3 branches have flowers,
92,Joes Lake,T13,ON.T13,ON.T13,09-10-15,1,,20,20,0,,
644,Joes Lake,T13,ON.T13,ON.T13,09-10-15,1,,80,0,0,,
160,Joes Lake,T13,ON.T13,ON.T13,09-10-15,1,20,20,0,0,,
647,Joes Lake,T13,ON.T13,ON.T13,09-10-15,1,5,3,3,0,,
208,Joes Lake,T13,ON.T13,ON.T13,09-10-15,1,,3,2,0,,
689,Joes Lake,T13,ON.T13,ON.T13,09-10-15,1,40,10,0,0,Only 1 stem flowering,
50,Joes Lake,T13,ON.T13,ON.T13,09-10-15,1,,15,8,5,1 branch has flowers,
147,Joes Lake,T13,ON.T13,ON.T13,09-10-15,1,,11,0,12,1 branch has flowers,
232,Joes Lake,T13,ON.T13,ON.T13,09-10-15,1,,7,4,0,,
264,Joes Lake,T13,ON.T13,ON.T13,09-10-15,1,,5,5,0,,
279,Joes Lake,T13,ON.T13,ON.T13,09-10-15,1,,6,2,0,,
137,Joes Lake,T13,ON.T13,ON.T13,09-10-15,1,45,12,7,0,,
222,Joes Lake,T13,ON.T13,ON.T13,09-10-15,1,20,6,1,0,,
480,Joes Lake,T13,ON.T13,ON.T13,09-10-15,1,20,15,8,0,2 fruit with 1 seed; 2 fruit with 2 see; 2 fruit with 3; 1 fruit w 4; 1 fruit w 7,23
88,Joes Lake,T13,ON.T13,ON.T13,09-10-15,1,,17,1,12,,
99,Hindon bog,M6,ON.M6,ON.M6,24-10-15,1,,20,0,0,,
229,Round Lake,M5,ON.M5,ON.M5,24-10-15,1,,55,50,,,
274,Horseshoe Lake,M1,ON.M1,ON.M1,18-10-15,2,,68,68,,,
337,Holland River,M12,ON.M12,ON.M12,15-10-15,1,,27,22,6,,
568,Mud Lake,M3,ON.M3,ON.M3,16-10-15,1,,7,7,0,,