Page,Date,Person_ID,Envelope_ID,Viable_seeds(Y/N/Mix),Notes,
1,11-11-2015,Vivienne,644,Y,,
1,11-11-2015,Vivienne,656,N,"second envelope said there were 24 seeds counted but none loose in bag, just 5 fruit",
1,11-11-2015,Vivienne,625,N,empty envelope,
1,11-11-2015,Vivienne,646,N,empty envelope,
1,11-11-2015,Vivienne,746,N,empty envelope,
1,11-11-2015,Weihang,2,Y,seeds small but good,
1,11-11-2015,Weihang,318,Y,seeds in separate envelope,
1,11-11-2015,Weihang,128,Y,,
1,12-11-2015,Weihang,232,N,seeds in separate envelope,
1,12-11-2015,Weihang,200,Y,"two envelopes, one envelope has viable seeds",
3,12-11-2015,Maggie,695,Y,two envelopes,
2,13-11-2015,Vivienne,8,Y,,
2,13-11-2015,Vivienne,95,Y,,
2,13-11-2015,Vivienne,21,Y,,
2,13-11-2015,Vivienne,305,Y,,
2,13-11-2015,Vivienne,398,Y,,
3,13-11-2015,Maggie,302,Y,,
4,13-11-2015,Vivienne,110,N,2 envelopes,
4,13-11-2015,Vivienne,54,Y,"2 envelopes, mostly aborted seeds, some viable",
4,13-11-2015,Vivienne,321,Y,,
4,13-11-2015,Vivienne,309,Y,"seeds small but viable, 2 envelopes",
4,13-11-2015,Weihang,115,Y,,
4,13-11-2015,Weihang,479,Y,,
4,13-11-2015,Weihang,41,Y,,
4,13-11-2015,Weihang,719,Y,,
4,13-11-2015,Weihang,407,Y,,
4,13-11-2015,Weihang,120,Y,*** 2 envelopes - one with seeds one without,
5,24-11-2015,Maggie,36,Y,,
5,24-11-2015,Maggie,173,Y,*** 2 envelopes,
6,25-11-2015,Vivienne,198,Y,*** 2 envelopes,
6,25-11-2015,Sierra,690,Y,,
6,25-11-2015,Sierra,419,Y,,
6,26-11-2015,Weihang,28,Y,*** 2 envelopes,
6,26-11-2015,Weihang,357,Y,*** 2 envelopes,
6,26-11-2015,Weihang,206,Y,,
6,26-11-2015,Weihang,216,Y,,
6,26-11-2015,Weihang,524,Y,,
6,26-11-2015,Weihang,720,Y,*** 2 envelopes,
6,26-11-2015,Weihang,180,Y,,
6,26-11-2015,Weihang,688,Y,,
6,26-11-2015,Weihang,508,Y,,
6,26-11-2015,Weihang,56,Y,,
7,27-11-2015,Vivienne ,554,N,fruit only,
7,27-11-2015,Vivienne,554,Y,,
7,01-12-2015,Sierra,53,Y,,
7,02-12-2015,Vivienne,452,Y,,
7,02-12-2015,Vivienne,174,Y,,
8,03-12-2015,Sierra,87,N,No seeds no fruit,
8,03-12-2015,Sierra,409,Y,,
8,03-12-2015,Sierra,9,Y,,
8,04-12-2015,Vivienne,156,Y,,
8,04-12-2015,Vivienne,144,Y,*** 2 envelopes,
8,08-12-2015,Sierra,202,Y,,
8,09-12-2015,Vivienne,525,Y,,
8,09-12-2015,Vivienne,514,N,too small,
8,09-12-2015,Vivienne,273,Y,,
9,09-12-2015,Vivienne,246,Y,*** 2 envelopes - some seeds were lost,
9,10-12-2015,Sierra,150,Y,,
9,10-12-2015,Sierra,414,N,,
10,05-01-2016,Weihang,391,Y,,
10,05-01-2016,Weihang,269,Y,*** 2 envelopes,
10,06-01-2016,Sierra,153,Y,,
10,06-01-2016,Sierra,123,Y,,
10,06-01-2016,Sierra,96,Y,,
10,12-01-2016,Rebecca,488,Y,,
10,12-01-2016,Rebecca,266,Y,,
10,12-01-2016,Rebecca,464,Y,,
10,12-01-2016,Rebecca,72,Y,,
NA,12-01-2016,Rebecca,72,NA,,
10,12-01-2016,Rebecca,13,Y,,
11,13-01-2016,Sierra,103,Y,,
11,13-01-2016,Sierra,717,Y,,
11,13-01-2016,Rebecca,346,Y,,
11,13-01-2016,Rebecca,179,Y,,
11,13-01-2016,Rebecca,548,Y,,
11,19-01-2016,Rebecca,127,Y,,
11,20-01-2016,Rebecca,31,Y,,
11,20-01-2016,Rebecca,581,Y,,
11,20-01-2016,Rebecca,130,Y,,
12,21-01-2016,Weihang,14,Y,,
12,21-01-2016,Weihang,360,Y,,
12,21-01-2016,Weihang,521,Y,,
12,21-01-2016,Weihang,539,Y,,
12,21-01-2016,Weihang,66,Y,,
12,21-01-2016,Weihang,605,Y,,
12,21-01-2016,Weihang,671,Y,,
12,21-01-2016,Weihang,476,Y,,
12,21-01-2016,Weihang,98,Y,,
12,21-01-2016,Weihang,68,Y,,
12,21-01-2016,Weihang,691,Y,,
12,21-01-2016,Weihang,51,Y,,
13,21-01-2016,Weihang,389,Y,,
13,21-01-2016,Weihang,109,Y,,
13,26-01-2016,Rebecca,270,Y,,
13,26-01-2016,Rebecca,330,Y,,
13,26-01-2016,Rebecca,478,Y,,
13,26-01-2016,Rebecca,523,Y,,
13,27-01-2016,Rebecca,416,Y,,
13,27-01-2016,Rebecca,181,Y,,
13,27-01-2016,Rebecca,4,Y,,
13,27-01-2016,Rebecca,358,Y,,
13,27-01-2016,Rebecca,401,Y,,
13,27-01-2016,Rebecca,623,Y,,
13,27-01-2016,Rebecca,193,Y,,
14,02-02-2016,Rebecca,185,Y,,
14,02-02-2016,Rebecca,63,Y,,
NA,02-02-2016,Rebecca,63,N,,
14,02-02-2016,Rebecca,252,Y,,
14,02-02-2016,Rebecca,386,Y,,
14,02-02-2016,Rebecca,718,Y,,
14,03-02-2016,Rebecca,49,Y,,
NA,03-02-2016,Rebecca,49,Y,repeat,
14,03-02-2016,Rebecca,69,N,,
14,03-02-2016,Rebecca,275,Y,,
14,03-02-2016,Rebecca,348,Y,,
14,03-02-2016,Rebecca,12,Y,,
14,03-02-2016,Rebecca,371,Y,one or two viable seeds,
14,03-02-2016,Rebecca,365,N,,
14,03-02-2016,Weihang,250,Y,,
15,09-02-2016,Rebecca,641,N,,
15,09-02-2016,Rebecca,551,Y,,
15,09-02-2016,Rebecca,620,Y,,
15,09-02-2016,Rebecca,78,Y,,
15,09-02-2016,Rebecca,3,Y,,
15,09-02-2016,Rebecca,106,Y,,
15,09-02-2016,Rebecca,572,Y,seeds small but viable,
16,10-02-2016,Rebecca,721,Y,,
16,10-02-2016,Rebecca,364,Y,,
16,10-02-2016,Rebecca,568,Y,,
16,10-02-2016,Rebecca,538,N,,
16,10-02-2016,Rebecca,24,Y,,
16,10-02-2016,Rebecca,239,Y,seeds small but viable,
16,11-02-2016,Weihang,104,Y,,
16,11-02-2016,Weihang,132,Y,seeds small but viable,
NA,11-02-2016,Weihang,132,Y,repeat,
17,16-02-2016,Rebecca,304,Y,most non-viable some seeds viable,
17,16-02-2016,Rebecca,570,Y,,
NA,16-02-2016,Rebecca,570,Y,repeat,
17,16-02-2016,Rebecca,242,Y,,
17,16-02-2016,Rebecca,506,Y,,
17,16-02-2016,Rebecca,249,Y,,
17,16-02-2016,Rebecca,536,Y,,
17,16-02-2016,Rebecca,716,Y,,
NA,16-02-2016,Rebecca,716,Y,repeat,
17,16-02-2016,Rebecca,6,Y,,
17,16-02-2016,Rebecca,108,Y,,
18,16-02-2016,Rebecca,27,Y,,
18,16-02-2016,Rebecca,631,Y,,
18,16-02-2016,Rebecca,91,Y,,
18,16-02-2016,Rebecca,481,Y,,
18,17-02-2016,Weihang,163,Y,,
18,17-02-2016,Weihang,395,Y,,
18,17-02-2016,Weihang,505,Y,,
18,17-02-2016,Weihang,35,Y,,
18,17-02-2016,Weihang,600,Y,,
18,17-02-2016,Weihang,465,Y,,
18,17-02-2016,Weihang,356,Y,,
18,17-02-2016,Weihang,601,Y,,
18,17-02-2016,Weihang,448,Y,,
18,17-02-2016,Weihang,23,Y,,
18,17-02-2016,Weihang,241,Y,,
19,23-02-2016,Rebecca,151,Y,,
19,23-02-2016,Rebecca,425,Y,,
19,23-02-2016,Rebecca,635,Y,,
19,23-02-2016,Rebecca,374,N,,
19,23-02-2016,Rebecca,76,Y,,
19,23-02-2016,Rebecca,121,Y,,
19,23-02-2016,Rebecca,306,Y,,
19,23-02-2016,Rebecca,332,Y,,
19,23-02-2016,Rebecca,62,Y,,
19,23-02-2016,Rebecca,747,Y,,
19,23-02-2016,Rebecca,211,Y,,
19,24-02-2016,Rebecca,40,N,,
19,24-02-2016,Rebecca,70,Y,,
19,24-02-2016,Rebecca,449,Y,,
19,24-02-2016,Rebecca,152,Y,,
19,24-02-2016,Rebecca,665,Y,,
20,24-02-2016,Rebecca,189,Y,,
20,24-02-2016,Rebecca,359,Y,,
20,01-03-2016,Rebecca,192,Y,mostly aborted some not aborted,
20,01-03-2016,Rebecca,168,Y,,
20,01-03-2016,Rebecca,217,Y,,
20,01-03-2016,Rebecca,10,Y,,
20,01-03-2016,Rebecca,82,Y,,
20,01-03-2016,Rebecca,545,Y,,
20,01-03-2016,Rebecca,97,Y,,
20,01-03-2016,Rebecca,578,Y,,
20,02-03-2016,Rebecca,339,Y,,
20,02-03-2016,Rebecca,228,Y,,
20,02-03-2016,Rebecca,107,Y,,
20,02-03-2016,Rebecca,201,Y,mostly aborted some not aborted,
21,02-03-2016,Rebecca,162,N,,
21,02-03-2016,Rebecca,351,N,,
21,02-03-2016,Rebecca,411,N,,
21,02-03-2016,Rebecca,668,Y,,
21,02-03-2016,Rebecca,223,Y,,
21,02-03-2016,Rebecca,661,Y,,
21,02-03-2016,Rebecca,240,Y,mostly aborted some not aborted,
21,02-03-2016,Rebecca,542,Y,,
21,02-03-2016,Rebecca,229,Y,mostly aborted some not aborted,
21,03-03-2016,Weihang/MPB,518,Y,"Not in correct section - i.e. no correct date tag, wrong bin",
21,03-03-2016,Weihang,334,,,
21,June 1 2016,Maggie,334,,,
21,08-03-2016,Rebecca,213,Y,mostly aborted some not aborted,
21,08-03-2016,Rebecca,517,N,,
21,08-03-2016,Rebecca,683,Y,mostly aborted some not aborted,
21,08-03-2016,Rebecca,497,N,,
22,08-03-2016,Rebecca,497,N,repeat,
22,08-03-2016,Rebecca,451,Y,,
22,08-03-2016,Rebecca,420,Y,,
22,08-03-2016,Rebecca,225,Y,,
22,08-03-2016,Rebecca,159,Y,,
22,08-03-2016,Rebecca,614,Y,,
22,08-03-2016,Rebecca,569,Y,,
22,08-03-2016,Rebecca,392,Y,,
22,09-03-2016,Rebecca,5,N,,
22,09-03-2016,Rebecca,552,N,,
22,09-03-2016,Rebecca,404,N,,
22,09-03-2016,Rebecca,99,N,,
23,09-03-2016,Rebecca,99,N,repeat,
23,09-03-2016,Rebecca,579,N,,
23,09-03-2016,Rebecca,219,N,,
23,09-03-2016,Rebecca,298,N,*******,START
23,09-03-2016,Rebecca,593,N,,
23,09-03-2016,Rebecca,324,N,,
23,09-03-2016,Rebecca,114,N,,
23,09-03-2016,Rebecca,276,N,,
23,09-03-2016,Rebecca,111,N,,
24,09-03-2016,Rebecca,45,N,,
24,09-03-2016,Rebecca,530,N,,
24,09-03-2016,Rebecca,312,N,,
24,09-03-2016,Rebecca,58,Y,,
24,09-03-2016,Rebecca,563,Y,,
24,09-03-2016,Rebecca,528,Y,,
24,09-03-2016,Rebecca,413,N,,
24,15-03-2016,Rebecca,272,Y,,
24,15-03-2016,Rebecca,73,Y,,
24,15-03-2016,Rebecca,575,Y,,
24,15-03-2016,Rebecca,485,Y,,
24,15-03-2016,Rebecca,387,Y,,
24,15-03-2016,Rebecca,288,Y,,
24,15-03-2016,Rebecca,410,Y,,
24,15-03-2016,Rebecca,458,Y,,
24,15-03-2016,Rebecca,277,N,,
24,15-03-2016,Rebecca,11,N,,
25,15-03-2016,Rebecca,342,Y,,
25,16-03-2016,Rebecca,510,Y,,
25,16-03-2016,Rebecca,77,Y,,
25,16-03-2016,Rebecca,29,Y,,
25,16-03-2016,Rebecca,117,N,,
25,16-03-2016,Rebecca,100,N,,
25,16-03-2016,Rebecca,42,N,,
25,16-03-2016,Rebecca,512,N,,
25,16-03-2016,Rebecca,141,N,,
25,16-03-2016,Rebecca,657,N,,
25,16-03-2016,Rebecca,482,Y,,
25,16-03-2016,Rebecca,138,N,,
26,22-03-2016,Rebecca,638,N,,
26,22-03-2016,Rebecca,209,N,,
26,22-03-2016,Rebecca,587,N,,
26,22-03-2016,Rebecca,65,Y,,
26,22-03-2016,Rebecca,126,Y,,
26,22-03-2016,Rebecca,186,N,,
26,22-03-2016,Rebecca,17,Y,,
26,22-03-2016,Rebecca,513,N,,
26,22-03-2016,Rebecca,220,Y,,
26,22-03-2016,Rebecca,177,Y,,
26,22-03-2016,Rebecca,84,N,,
26,23-03-2016,Rebecca,331,Y,,
26,23-03-2016,Rebecca,313,Y,,
26,23-03-2016,Rebecca,64,Y,,
26,23-03-2016,Rebecca,85,Y,,
26,23-03-2016,Rebecca,511,Y,,
26,23-03-2016,Rebecca,195,Y,,
26,23-03-2016,Rebecca,516,Y,,
26,23-03-2016,Rebecca,674,N,,
26,23-03-2016,Rebecca,215,Y,,
27,23-03-2016,Rebecca,237,Y,,
27,23-03-2016,Rebecca,722,Y,,
27,23-03-2016,Rebecca,308,Y,,
27,29-03-2016,Rebecca,555,Y,,
27,29-03-2016,Rebecca,519,Y,,
27,29-03-2016,Rebecca,307,Y,,
27,29-03-2016,Rebecca,203,N,,
27,29-03-2016,Rebecca,509,Y,,
27,29-03-2016,Rebecca,30,Y,,
27,29-03-2016,Rebecca,26,N,,
27,29-03-2016,Rebecca,426,Y,,
28,30-03-2016,Rebecca,557,Y,,
28,30-03-2016,Rebecca,338,Y,,
28,30-03-2016,Rebecca,558,N,,
28,30-03-2016,Rebecca,613,Y,,
28,30-03-2016,Rebecca,673,Y,,
28,30-03-2016,Rebecca,560,Y,,
28,30-03-2016,Rebecca,546,N,,
28,30-03-2016,Rebecca,549,Y,,
28,30-03-2016,Rebecca,676,Y,,
28,30-03-2016,Rebecca,434,Y,,
28,30-03-2016,Rebecca,61,Y,,
29,06-04-2016,Rebecca,463,Y,,
29,06-04-2016,Rebecca,550,Y,,
29,06-04-2016,Rebecca,317,Y,,
29,06-04-2016,Rebecca,341,Y,,
29,06-04-2016,Rebecca,280,N,,
30,13-04-2016,Rebecca,706,Y,,
30,13-04-2016,Rebecca,737,Y,,
30,13-04-2016,Rebecca,628,Y,*********,END
30,18-04-2016,Maggie,562,Y,,
30,18-04-2016,Maggie,362,Y,,
30,18-04-2016,Maggie,102,N,,
30,18-04-2016,Maggie,520,Y,,
30,18-04-2016,Maggie,146,N,,
30,18-04-2016,Maggie,160,N,,
30,18-04-2016,Maggie,655,Y,,
30,18-04-2016,Maggie,461,N,,
30,18-04-2016,Maggie,440,N,many fruit,
31,18-04-2016,Maggie,650,N,nothing in envelope,
31,18-04-2016,Maggie,467,N,,
31,18-04-2016,Maggie,584,N,,
31,18-04-2016,Maggie,255,N,,
31,18-04-2016,Maggie,155,N,,
31,18-04-2016,Maggie,477,Y,,
31,18-04-2016,Maggie,343,N,,
31,18-04-2016,Maggie,616,Y,,
31,18-04-2016,Maggie,447,Y,Seeds small but ok,
31,18-04-2016,Maggie,363,Y,,
31,18-04-2016,Maggie,175,N,,
31,18-04-2016,Maggie,504,Y,,
31,18-04-2016,Maggie,490,Y,,
31,18-04-2016,Maggie,340,N,,
32,18-04-2016,Maggie,292,Y,Seeds small but ok,
32,18-04-2016,Maggie,75,Y,,
32,18-04-2016,Maggie,361,N,many fruit,
32,18-04-2016,Maggie,417,N,,
32,18-04-2016,Maggie,169,N,,
32,18-04-2016,Maggie,535,Y,mostly aborted some not aborted,
32,18-04-2016,Maggie,590,N,,
32,18-04-2016,Maggie,652,N,,
32,18-04-2016,Maggie,154,Y,Seeds small but ok,
32,18-04-2016,Maggie,319,N,,
33,26-04-2016,Erika,105,Y,Seeds small but ok,
33,26-04-2016,Erika,258,N,,
33,26-04-2016,Erika,733,Y,,
33,28-04-2016,Erika,187,Y,,
33,28-04-2016,Erika,438,Y,,
33,28-04-2016,Erika,349,Y,mostly aborted some not aborted,
33,28-04-2016,Erika,585,Y,mostly aborted some not aborted,
33,28-04-2016,Erika,624,Y,,
33,28-04-2016,Erika,742,Y,,
33,28-04-2016,Erika,287,Y,,
33,28-04-2016,Erika,326,Y,,
33,28-04-2016,Erika,474,Y,Seeds small but ok,
33,28-04-2016,Erika,576,Y,,
34,26-04-2016,Maggie,352,Y,Seeds small but ok,
34,26-04-2016,Maggie,88,Y,,
34,26-04-2016,Maggie,355,N,,
34,26-04-2016,Maggie,354,Y,,
34,26-04-2016,Maggie,137,Y,,
34,26-04-2016,Maggie,222,N,,
34,26-04-2016,Maggie,50,Y,,
35,26-04-2016,Stephanie,290,Y,,
35,26-04-2016,Stephanie,59,Y,,
35,26-04-2016,Stephanie,469,Y,,
35,26-04-2016,Stephanie,295,Y,,
35,26-04-2016,Stephanie,682,Y,,
35,26-04-2016,Stephanie,443,Y,,
35,26-04-2016,Stephanie,700,Y,Seeds small but ok,
36,11-05-2016,Maggie,165,N,,
36,11-05-2016,Maggie,328,Y,,
36,11-05-2016,Maggie,642,Y,,
36,11-05-2016,Maggie,15,Y,,
36,11-05-2016,Maggie,609,Y,,
36,11-05-2016,Maggie,212,N,,
36,11-05-2016,Maggie,93,Y,,
36,11-05-2016,Maggie,171,N,,
36,11-05-2016,Maggie,396,N,,
36,11-05-2016,Maggie,377,N,,
36,11-05-2016,Maggie,101,Y,some aborted seeds exist,
36,11-05-2016,Maggie,125,Y,,
36,11-05-2016,Maggie,421,Y,,
36,11-05-2016,Maggie,470,Y,some aborted seeds exist,
37,11-05-2016,Michael,267,Y,,
37,11-05-2016,Michael,494,Y,mostly aborted some not aborted,
37,11-05-2016,Michael,559,N,no seeds inside,
37,11-05-2016,Michael,147,N,no seeds inside,
37,11-05-2016,Michael,92,N,"very small, looked aborted but may want to take another look",
37,11-05-2016,Michael,176,Y,Seeds small but ok,
37,11-05-2016,Michael,182,N,,
37,11-05-2016,Michael,140,Y,Seeds small but ok,
37,11-05-2016,Michael,647,Y,,
37,11-05-2016,Michael,208,N,,
37,11-05-2016,Michael,282,N,,
38,11-05-2016,Michael,282,N,repeat,
38,11-05-2016,Michael,205,Y,,
38,11-05-2016,Michael,393,N,,
38,11-05-2016,Michael,704,N,no fruit,
38,11-05-2016,Michael,260,N,no seeds inside,
38,11-05-2016,Michael,714,Y,,
38,11-05-2016,Michael,227,N,,
38,11-05-2016,Michael,166,Y,,
39,11-05-2016,Michael,71,N,seeds aborted,
39,11-05-2016,Michael,491,Y,,
39,11-05-2016,Michael,322,N,,
39,11-05-2016,Michael,79,Y,Seeds small but ok,
39,11-05-2016,Michael,617,Y,,
40,11-05-2016,Maggie,148,Y,,
40,11-05-2016,Maggie,204,Y,,
40,11-05-2016,Maggie,602,Y,,
40,11-05-2016,Maggie,380,Y,,
41,24-05-2016,Michael,158,N,,
41,24-05-2016,Michael,119,Y,,
41,24-05-2016,Michael,149,Y,Seeds small but ok,
41,24-05-2016,Michael,734,Y,,
41,24-05-2016,Michael,427,Y,,
41,24-05-2016,Michael,460,Y,,
41,24-05-2016,Michael,634,Y,,
41,24-05-2016,Michael,610,Y,,
41,24-05-2016,Michael,253,Y,,
41,24-05-2016,Michael,256,Y,,
41,24-05-2016,Michael,299,Y,,
42,24-05-2016,Michael,299,Y,repeat,
42,24-05-2016,Michael,645,Y,,
42,24-05-2016,Michael,37,Y,,
42,24-05-2016,Michael,664,Y,,
42,24-05-2016,Michael,675,Y,,
42,24-05-2016,Michael,429,Y,,
42,24-05-2016,Michael,736,Y,,
42,24-05-2016,Michael,626,Y,,
42,24-05-2016,Michael,366,Y,,
42,24-05-2016,Michael,370,Y,,
43,24-05-2016,Michael,370,Y,repeat,
43,24-05-2016,Michael,373,Y,,
43,24-05-2016,Michael,294,Y,,
43,24-05-2016,Michael,667,Y,,
43,24-05-2016,Michael,291,N,seeds too small,
43,24-05-2016,Michael,435,Y,,
43,24-05-2016,Michael,462,Y,,
43,24-05-2016,Michael,731,Y,,
43,24-05-2016,Michael,285,Y,,
44,25-05-2015,Michael,289,Y,,
44,25-05-2015,Michael,293,Y,,
44,25-05-2015,Michael,697,y,,
44,25-05-2015,Michael,207,N,,
44,25-05-2015,Michael,619,N,,
44,25-05-2015,Michael,643,y,,
44,25-05-2015,Michael,648,Y,,
44,25-05-2015,Michael,430,Y,,
45,25-05-2015,Michael,680,N,,
45,25-05-2015,Michael,314,Y,,
45,25-05-2015,Michael,547,Y,,
45,25-05-2015,Michael,34,Y,,
45,25-05-2015,Michael,710,Y,,
45,25-05-2015,Michael,133,Y,,
45,25-05-2015,Michael,90,Y,,
45,25-05-2015,Michael,678,Y,,
46,25-05-2015,Michael,468,Y,,
46,25-05-2015,Michael,489,N,,
47,31-05-2015,Maggie,143,N,,
47,31-05-2015,Maggie,738,Y,,
47,31-05-2015,Maggie,592,Y,,
47,31-05-2015,Maggie,527,Y,,
47,31-05-2015,Maggie,750,Y,,
47,31-05-2015,Maggie,194,N,,
47,31-05-2015,Maggie,231,Y,"many seeds aborted, some viable",
47,31-05-2015,Maggie,649,Y,,
47,31-05-2015,Maggie,164,Y,,
48,01-06-2016,Maggie,561,Y,,
48,01-06-2016,Maggie,433,Y,,
48,01-06-2016,Maggie,681,Y,,
48,01-06-2016,Maggie,651,Y,Seeds small but ok,
48,01-06-2016,Maggie,214,N,,
48,01-06-2016,Maggie,707,Y,Seeds small but ok,
48,01-06-2016,Maggie,1,Y,,
48,01-06-2016,Maggie,234,No seeds,"""no fruit"" on tag",
48,01-06-2016,Maggie,334,Y,Seeds small but ok,
48,01-06-2016,Maggie,81,Y,Seeds small but ok,
48,01-06-2016,Maggie,422,No seeds,,
49,01-06-2016,Maggie,375,Y,,
49,01-06-2016,Maggie,493,Y,,
49,01-06-2016,Maggie,466,Y,,
49,01-06-2016,Maggie,679,Y,,
49,01-06-2016,Maggie,640,Y,,
49,01-06-2016,Maggie,739,Y,,
49,01-06-2016,Maggie,344,Y,,
49,01-06-2016,Maggie,347,Y,,
49,01-06-2016,Maggie,446,Y,,
49,01-06-2016,Maggie,498,Y,,
50,01-06-2016,Maggie,345,No seeds,"""no fruit"" on tag",
50,01-06-2016,Maggie,178,No seeds,"""no fruit"" on tag",
50,01-06-2016,Maggie,243,No seeds,"""no fruit"" on tag",
50,01-06-2016,Maggie,129,Y,"1 good fruit, rest are aborted",
50,01-06-2016,Maggie,18,No seeds,,
50,01-06-2016,Maggie,684,Y,,
50,01-06-2016,Maggie,696,Y,,
50,01-06-2016,Maggie,372,Y,,
50,01-06-2016,Maggie,594,Y,,
50,01-06-2016,Maggie,268,Y,,
50,01-06-2016,Maggie,693,Y,,
50,01-06-2016,Maggie,52,Y,,
51,01-06-2016,Maggie,735,N,,
51,01-06-2016,Michael,735,N,repeat,
51,01-06-2016,Michael,303,Y,1 single seed inside,
51,01-06-2016,Michael,300,Y,,
51,01-06-2016,Michael,236,Y,seeds small but okay,
51,01-06-2016,Michael,60,N,,
51,01-06-2016,Michael,67,Y,,
51,01-06-2016,Michael,455,Y,,
51,01-06-2016,Michael,500,Y,seeds small but okay,
51,01-06-2016,Michael,247,Y,,
51,01-06-2016,Michael,261,Y,,
52,01-06-2016,Michael,261,Y,repeat,
52,01-06-2016,Michael,715,Y,,
52,01-06-2016,Michael,135,N,,
52,01-06-2016,Michael,316,N,,
52,01-06-2016,Michael,83,N,,
52,01-06-2016,Michael,384,N,,
52,01-06-2016,Michael,221,N,,
52,01-06-2016,Michael,353,N,,
52,01-06-2016,Michael,385,N,empty envelope,
53,01-06-2016,Michael,385,N,repeat,
53,01-06-2016,Michael,744,Y,,
53,01-06-2016,Michael,191,N,"Seeds very small, *may* just be very small but seem aborted",
53,01-06-2016,Michael,134,Y,,
53,01-06-2016,Michael,437,N,,
53,01-06-2016,Michael,428,No fruit,"""No fruit"" on tag",
53,01-06-2016,Michael,586,Y,,
53,01-06-2016,Michael,210,Y,"Fruit slightly small, but ok",
53,01-06-2016,Michael,233,Y,,
53,01-06-2016,Michael,603,Y,,
53,01-06-2016,Michael,116,N,Fruit too small,
54,01-06-2016,Michael,544,Y,,
54,01-06-2016,Michael,19,Y,,
54,01-06-2016,Michael,399,"""0 fruit""",,
54,01-06-2016,Michael,566,Y,,
54,01-06-2016,Michael,589,Y,"Some seeds small, but ok",
54,01-06-2016,Michael,606,Y,,
54,01-06-2016,Michael,533,Y,,
55,02-06-2016,Maggie,728,Y,,
55,02-06-2016,Maggie,412,Y,,
55,02-06-2016,Maggie,271,Y,Seeds small but ok,
55,02-06-2016,Maggie,297,Y,,
55,02-06-2016,Maggie,403,Y,,
55,02-06-2016,Maggie,534,,,
55,02-06-2016,Maggie,577,Y,,
56,02-06-2016,Maggie,335,Y,,
56,02-06-2016,Maggie,599,Y,,
56,02-06-2016,Maggie,709,Y,,
56,02-06-2016,Maggie,278,Y,"some good seeds, most aborted",
56,02-06-2016,Maggie,55,Y,,
56,02-06-2016,Maggie,496,Y,"some good seeds, most aborted",
56,02-06-2016,Maggie,329,Y,"some good seeds, most aborted",
56,02-06-2016,Maggie,567,Y,,
56,02-06-2016,Maggie,630,Y,"some good seeds, most aborted",
56,02-06-2016,Maggie,444,,repeat,
57,02-06-2016,Maggie,444,Y,,
57,02-06-2016,Maggie,378,Y,,
57,02-06-2016,Maggie,745,Y,Seeds small but ok,
57,02-06-2016,Maggie,531,N,,
57,02-06-2016,Maggie,627,Y,Seeds small but ok,
57,02-06-2016,Maggie,184,Y,,
57,02-06-2016,Maggie,376,Y,,
58,02-06-2016,Maggie,492,N,,
58,02-06-2016,Maggie,705,Y,,
58,02-06-2016,Maggie,725,Y,,
58,02-06-2016,Maggie,660,Y,,
58,02-06-2016,Maggie,245,Y,"some good seeds, most aborted",
58,02-06-2016,Maggie,265,N,,
59,02-06-2016,Maggie,441,N,,
59,02-06-2016,Maggie,748,Y,many aborted and non-aborted seeds,
59,02-06-2016,Maggie,397,Y,,
59,02-06-2016,Maggie,381,N,,
59,02-06-2016,Maggie,701,,,
59,02-06-2016,Maggie,46,Y,many aborted and non-aborted seeds,
59,02-06-2016,Maggie,406,N,multiple fruit,
59,02-06-2016,Maggie,424,Y,,
60,02-06-2016,Maggie,564,Y,,
60,02-06-2016,Maggie,495,Y,,
60,02-06-2016,Maggie,732,Y,,
60,02-06-2016,Maggie,622,Y ,"some good seeds, most aborted",
60,02-06-2016,Maggie,262,Y,Seeds small but ok,
60,02-06-2016,Maggie,740,Y,,
60,02-06-2016,Maggie,281,Y,,
60,02-06-2016,Maggie,543,Y,"some good seeds, most aborted",
61,02-06-2016,Maggie,702,Y,"some good seeds, most aborted",
61,02-06-2016,Maggie,259,Y,Seeds small but ok,
61,02-06-2016,Maggie,637,Y,Seeds small but ok,
61,02-06-2016,Maggie,699,Y,,
61,02-06-2016,Maggie,25,N,many fruit,
61,02-06-2016,Maggie,284,Y,,
61,02-06-2016,Maggie,591,Y,,
62,02-06-2016,Maggie,337,Y,,
62,02-06-2016,Maggie,583,Y,,
62,02-06-2016,Maggie,320,Y,,
62,02-06-2016,Maggie,702,Y,"***tag says 703, but 703 is not a seed id, this appears in the correct order - perhaps excel file is wrong",
62,03-06-2016,Maggie,350,Y,,
62,02-06-2016,Maggie,654,Y,,
62,02-06-2016,Maggie,122,N,,
62,02-06-2016,Maggie,658,Y,,
63,03-06-2016,Maggie,473,Y,,
63,03-06-2016,Maggie,588,Y,,
63,03-06-2016,Maggie,653,Y,,
63,03-06-2016,Maggie,598,N,,
63,03-06-2016,Maggie,565,N,,
63,03-06-2016,Maggie,712,Y,,
63,03-06-2016,Maggie,86,Y,,
63,03-06-2016,Maggie,190,Y,,
63,03-06-2016,Maggie,694,Y,,
63,03-06-2016,Maggie,574,Y,,
64,07-06-2016,Maggie,402,,,
64,07-06-2016,Maggie,597,Y,multiple fruit,
64,07-06-2016,Maggie,686,N,,
64,07-06-2016,Maggie,394,Y,,
64,07-06-2016,Maggie,43,Y,,
64,07-06-2016,Maggie,382,Y,,
64,07-06-2016,Maggie,537,Y,,
65,07-06-2016,Maggie,33,Y,many dark seeds,
65,07-06-2016,Maggie,499,Y,,
65,07-06-2016,Maggie,698,Y,,
65,07-06-2016,Maggie,263,Y,,
65,07-06-2016,Maggie,708,Y,,
65,07-06-2016,Maggie,402,N,,
66,07-06-2016,Michael,503,Y,,
66,07-06-2016,Michael,522,Y,"Some seeds small, but ok",
66,07-06-2016,Michael,367,Y,,
66,07-06-2016,Michael,48,Y,,
66,07-06-2016,Michael,423,Y,,
66,07-06-2016,Michael,629,Y,,
66,07-06-2016,Michael,94,Y,,
66,07-06-2016,Michael,541,Y,,
66,07-06-2016,Michael,442,Y,,
66,07-06-2016,Michael,230,N,Seeds too small,
66,07-06-2016,Michael,196,Y,,
66,07-06-2016,Michael,238,Y,,
67,07-06-2016,Michael,80,"""0 fruit""","NO SEEDS FOUND INSIDE, MANY INDIVIDUAL FRUIT",
67,07-06-2016,Michael,436,"""0 fruit""","nO SEEDS FOUND INSIDE, MANY INDIVIDUAL FRUIT",
67,07-06-2016,Michael,142,Y,,
67,07-06-2016,Michael,224,Y,,
67,07-06-2016,Michael,659,Y,,
67,07-06-2016,Michael,450,Y,,
67,07-06-2016,Michael,47,Y,,
67,07-06-2016,Michael,689,Y,the same?,
68,07-06-2016,Michael,689,Y,The same?,
68,07-06-2016,Michael,113,Y,,
68,07-06-2016,Michael,711,N,fruit too small,
68,07-06-2016,Michael,22,Y,,
68,07-06-2016,Michael,197,Y,,
68,07-06-2016,Michael,264,Y,,
68,07-06-2016,Michael,279,Y,,
68,07-06-2016,Michael,383,Y,,
69,07-06-2016,Michael,408,N,,
69,07-06-2016,Michael,226,Y,,
69,07-06-2016,Michael,480,Y,,
69,07-06-2016,Michael,596,N,,
69,07-06-2016,Michael,112,N,,
69,07-06-2016,Michael,685,Y,,
69,07-06-2016,Michael,188,Y,,
69,07-06-2016,Michael,431,Y,"Several fruit in pouch, some seeds aborted but viables ones plenty as well",
69,07-06-2016,Michael,573,Y,,
70,07-06-2016,Michael,573,Y,,
70,07-06-2016,Michael,595,Y,Date doesnêt match up with tag,
70,07-06-2016,Michael,16,N,"1 larger seed but black and shrivelled, amongst several aborted",
70,07-06-2016,Michael,131,Y,,
70,07-06-2016,Michael,327,Y,,
70,07-06-2016,Michael,502,Y,,
70,07-06-2016,Michael,170,Y,,
70,07-06-2016,Michael,167,Y,,
70,07-06-2016,Michael,445,Y,,
70,07-06-2016,Michael,662,Y,There was a whole branch in there—. But viable,
70,07-06-2016,Michael,556,Y,,
71,07-06-2016,Michael,556,Y,,
71,07-06-2016,Michael,529,Y,,
71,07-06-2016,Michael,749,Y,,
71,07-06-2016,Michael,74,Y,,
71,07-06-2016,Michael,611,Y,,
71,07-06-2016,Michael,608,Y,,
71,07-06-2016,Michael,315,Y,,
71,07-06-2016,Michael,183,Y,,
72,07-06-2016,Michael,183,Y,,
72,07-06-2016,Michael,540,Y,,
72,07-06-2016,Michael,515,Y,,
72,07-06-2016,Michael,336,Y,,
72,07-06-2016,Michael,310,Y,,
73,07-06-2016,Maggie,323,N,,
73,07-06-2016,Maggie,553,N,,
73,07-06-2016,Maggie,632,Y,,
73,07-06-2016,Maggie,124,Y,"some good seeds, most aborted",
73,07-06-2016,Maggie,368,Y,"some good seeds, most aborted",
73,07-06-2016,Maggie,20,N,,
74,07-06-2016,Maggie,379,Y,,
74,07-06-2016,Maggie,274,Y,,
74,07-06-2016,Maggie,118,Y,,
74,07-06-2016,Maggie,296,Y,,
74,07-06-2016,Maggie,501,Y,,
74,07-06-2016,Maggie,136,Y,many fruit,
75,07-06-2016,Maggie,400,Y,,
75,07-06-2016,Maggie,439,Y,,
75,07-06-2016,Maggie,471,Y,Seeds small but ok,
75,07-06-2016,Maggie,666,Y,,
75,07-06-2016,Maggie,472,Y,,
75,07-06-2016,Maggie,677,Y,"some good seeds, most aborted",
75,07-06-2016,Maggie,235,Y,,
76,07-06-2016,Maggie,172,Y,,
76,07-06-2016,Maggie,582,Y,many fruit,
76,07-06-2016,Maggie,580,N,,
76,07-06-2016,Maggie,571,Y,,
76,07-06-2016,Maggie,7,Y,,
77,08-06-2016,Maggie,526,"""0 fruit""","No seeds, individual fruit",
77,08-06-2016,Maggie,218,N,"NO SEEDS FOUND INSIDE, MANY INDIVIDUAL FRUIT (aborted)",
77,08-06-2016,Maggie,663,Y,,
78,08-06-2016,Michael,405,N,ENVELOPE SAYS 10 ABORTED FRUIT,
78,08-06-2016,Michael,333,Y,,
78,08-06-2016,Michael,244,Y,,
78,08-06-2016,Michael,139,Y,,
78,08-06-2016,Michael,311,Y,BRANCH WITH ABOUT 6 INDIVIDUAL FRUITS ARE IN ENVELOPE,
78,08-06-2016,Michael,157,Y,THERE IS ONLY ONE 157 ENVELOPE BUT TWO SPOTS,
79,08-06-2016,Michael,157,,,
79,08-06-2016,Michael,301,Y,,
79,08-06-2016,Michael,741,Y,BRANCH WITH ABOUT 6 INDIVIDUAL FRUITS ARE IN ENVELOPE,
79,08-06-2016,Michael,687,Y,,
79,08-06-2016,Michael,475,Y,BRANCH WITH ABOUT 6 INDIVIDUAL FRUITS ARE IN ENVELOPE,
79,08-06-2016,Michael,743,Y,HAS FOUR FRUIT INSIDE ENVELOPE,
80,08-06-2016,Michael,743,,,
80,08-06-2016,Michael,44,Y,MANY FRUIT INSIDE,
80,08-06-2016,Michael,532,Y,BRANCH WITH MANY FRUIT INSIDE,
80,08-06-2016,Michael,161,Y,ABOUT 5 FRUIT INSIDE,
80,08-06-2016,Michael,145,Y,BRANCH INSIDE WITH MANY FRUIT,
80,08-06-2016,Michael,199,N,"NO SEEDS FOUND INSIDE, MANY INDIVIDUAL FRUIT",
81,08-06-2016,Michael,199,,,
81,08-06-2016,Michael,388,N,,
81,08-06-2016,Michael,415,N,,
81,08-06-2016,Michael,418,N,,
81,08-06-2016,Michael,507,N,,
81,08-06-2016,Michael,38,N,,
81,08-06-2016,Michael,325,Y,MANY NON-VIABLE BUT HAD SOME VIABLE,
81,08-06-2016,Maggie,39,Y,MANY NON-VIABLE BUT HAD SOME VIABLE,
82,09-06-2016,Michael,390,Y,,
82,09-06-2016,Michael,89,Y,,
82,09-06-2016,Michael,713,N,many fruit,
